start,end,Date and Time,"Name of the Bus Stop (as displayed on the shelter, if no info is available write the commonly known name)",Survey Location,_Survey Location_latitude,_Survey Location_longitude,_Survey Location_altitude,_Survey Location_precision,"If Location field is not working, please enter coordinates from google maps or paste the location URL",Type of Bus Stop,Condition of Bus Shelter,How is the bus stop positioned relative to the road?,"How is the bus stop positioned relative to the road?/Set back from the road – against a wall, compound, or building edge",How is the bus stop positioned relative to the road?/On the road edge / footpath edge – directly adjacent to traffic,How is the bus stop positioned relative to the road?/The road/footpath is too narrow ,Relationship between Bus Stop and Pedestrians,Is there space behind the bus shelter for pedestrians to walk/wheelchair to move freely?,Is there space between the bus shelter and the road for pedestrians to walk/wheelchair to move freely? ,"Can pedestrians/wheelchair users move past the bus stop on the footpath, without having to step down on the road? ",Is the space behind the bus shelter usable?,How many bus shelters are placed close to each other?,Where do buses typically stop? ,Where do buses typically stop? /At the bus stop – buses pull up to the shelter/marked stop,Where do buses typically stop? /Away from the bus stop – buses stop before or beyond the shelter/marked location,Where do buses typically stop? /Bus stop not clearly marked,Where do buses typically stop? /Unsure / not observed,How far away from the kerb/Bus stop platform does the bus stop?,Tick all access features present at this bus stop,Tick all access features present at this bus stop/Footpath available to reach the bus stop from both directions,"Tick all access features present at this bus stop/Footpath is walkable and free of encroachment like parking, vendors, utility boxes, garbage, etc",Tick all access features present at this bus stop/Ramp for wheelchair users to access the bus stop,"Tick all access features present at this bus stop/Ramp is in usable condition (not too steep, not broken, nor blocked)",Tick all access features present at this bus stop/Tactile paving for visually impaired users,Tick all access features present at this bus stop/Pedestrian crossing at/close to the bus stop to cross the road?,Tick all access features present at this bus stop/None of the above,Check this box if the bus stop's kerb is higher than 15cms or has steps to access ,Is the bus stop area free of encroachments?,Is there evidence of water-logging or poor drainage around the stop?," How safe does this bus stop feel, particularly at night?", Is the bus stop big enough for the number of people who typically wait here?,Does the bus stop have a roof that shelters people from rain?,Is there adequate shade during the day for people waiting?,Is there adequate lighting at the bus stop during the night?,"If seated at the bus stop, can you clearly see an approaching bus?",Is the seating provided comfortable?,Is the name of the bus stop clearly displayed?,Is bus route information displayed at the stop?,Tick all amenities present at this bus stop,Tick all amenities present at this bus stop/Seating / bench,Tick all amenities present at this bus stop/Sufficient seating for the number of people typically waiting,Tick all amenities present at this bus stop/Dustbin / waste bin,Tick all amenities present at this bus stop/Drinking water (tap or dispenser),Tick all amenities present at this bus stop/Public toilet nearby (within eyesight),Tick all amenities present at this bus stop/CCTV camera,Tick all amenities present at this bus stop/Digital information boards with real time arrival information and service alerts,Tick all amenities present at this bus stop/None of the Above,What is the primary land use or activity near this bus stop?,Does the bus shelter carry advertisements?,Any other observations about this bus stop?,Top 1–2 improvements you would recommend for this stop,Photo of Bus Stop Front,Photo of Bus Stop Front_URL,Photo of Bus Stop from Side ,Photo of Bus Stop from Side _URL,Photo of any other key observation 1 ,Photo of any other key observation 1 _URL,Photo of any other key observation 2 ,Photo of any other key observation 2 _URL,_id,_uuid,_submission_time,_validation_status,_notes,_status,_submitted_by,__version__,_tags,meta/rootUuid,_index,city,source_form,latitude,longitude,coordinate_source,location_flag
2026-06-07T20:45:06.481000+05:30,2026-06-12T12:17:56.260000+05:30,2026-06-07T20:45:00+05:30,Hennur Road Service Road,13.029357 77.6317 0 0,13.029357,77.6317,0,0,,Other Metal Bus Shelter (Other than Stainless Steel),Satisfactory – minor wear/dusty but usable,On the road edge / footpath edge – directly adjacent to traffic The road/footpath is too narrow ,0,1,1,,No,No,No,,2,Away from the bus stop – buses stop before or beyond the shelter/marked location,0,1,0,0,One Step Out (30 cm to 1 meter): Passengers have to step down onto the road surface first to board.,"Footpath available to reach the bus stop from both directions Footpath is walkable and free of encroachment like parking, vendors, utility boxes, garbage, etc",1,1,0,0,0,0,0,," Yes – fully accessible, no obstructions","Yes – signs of standing water, algae, or drainage issues visible",Unable to assess (audit done only in daytime), No – overcrowded or high number of people standing on the road,"Yes – but the roof is inadequate (too tall, too small, gaps, or partial coverage)",Partial – some shade but insufficient,No – inadequate or no lighting at all,"No – sightline is blocked (by structure, advertisement boards, trees, or parked vehicles)",No - the seating is too small to sit comfortably ,Yes – name is prominently visible and legible,Yes – but information seems outdated or unreliable,Seating / bench Dustbin / waste bin Digital information boards with real time arrival information and service alerts,1,0,1,0,0,0,1,0,"Mostly Institutional - Schools, Hospitals, Govt. Offices, etc",Yes – advertisements present but passenger information is still clearly visible,Steep footpath height . Tough to climb for old people,Levelling of the land ; reconstruction of pavement with anti slip tiles,IMG_5592-20_55_8.jpeg,https://kf.kobotoolbox.org/api/v2/assets/am66CJhKEj8dCTL49UQSNG/data/773277606/attachments/attXFhRqQHHheKyDjT79fLXP/,IMG_5592-20_53_2.jpeg,https://kf.kobotoolbox.org/api/v2/assets/am66CJhKEj8dCTL49UQSNG/data/773277606/attachments/attU2zDDNu8k7Nxk8Awa4NXG/,,,,,773277606,3b89129a-c0c0-440c-aedb-ee11de3376e6,2026-06-07T20:55:24+05:30,,,submitted_via_web,,v9nnSVBz8Dj2TFQddrtot2,,uuid:3550fa8f-0d3d-4369-87b1-f5621cbcd2cb,1,Bengaluru,Bengaluru,13.029357,77.6317,device_gps,OK
2026-06-07T23:55:36.797000+05:30,2026-06-08T00:04:19.775000+05:30,2026-06-07T23:56:00+05:30,Trinity Circle,12.970938 77.619785 797 19.38800048828125,12.970938,77.619785,797,19.38800048828125,,Stainless Steel Bus Shelter, Clean and Well Maintained,"Set back from the road – against a wall, compound, or building edge",1,0,0,,No,Yes,Yes,,3,At the bus stop – buses pull up to the shelter/marked stop Away from the bus stop – buses stop before or beyond the shelter/marked location,1,1,0,0,Perfect / Flush (Less than 30 cm): Passengers can step directly from the footpath onto the bus.,"Footpath available to reach the bus stop from both directions Footpath is walkable and free of encroachment like parking, vendors, utility boxes, garbage, etc",1,1,0,0,0,0,0,," Yes – fully accessible, no obstructions",No – area appears well-drained,"Safe – well-lit, visible, and active surroundings",Yes – adequate space for passengers,Yes – roof is intact and effective,Partial – some shade but insufficient,Partially – some light but insufficient,Yes – clear sightline to see the approaching buses,"Yes - the seating is of the right height, width, and depth to sit comfortably while waiting for the bus","Yes – but faded, small, or difficult to read",Yes – but information seems outdated or unreliable,Seating / bench Sufficient seating for the number of people typically waiting Digital information boards with real time arrival information and service alerts,1,1,0,0,0,0,1,0,"Mostly Institutional - Schools, Hospitals, Govt. Offices, etc",Yes – advertisements present but passenger information is still clearly visible,The signals nearby are quite busy and don't have period where pedestrian can cross the entire road,"Zebra crossing, water dispenser, larger shade",118967-0_2_20.png,https://kf.kobotoolbox.org/api/v2/assets/am66CJhKEj8dCTL49UQSNG/data/773386595/attachments/attverQLQWkCkVVbtG5Jt2hK/,,,,,,,773386595,f84f563d-6c45-4c34-b1c6-aa55441596b0,2026-06-08T00:04:22+05:30,,,submitted_via_web,,v9nnSVBz8Dj2TFQddrtot2,,uuid:f84f563d-6c45-4c34-b1c6-aa55441596b0,2,Bengaluru,Bengaluru,12.970938,77.619785,device_gps,OK
2026-06-08T08:02:18.470000+05:30,2026-06-08T08:11:26.820000+05:30,2026-06-08T08:02:00+05:30,CMRIT College (towards Kundanahalli Gate,12.967679 77.714077 0 0,12.967679,77.714077,0,0,,No Shelter and No Signboard,,"Set back from the road – against a wall, compound, or building edge",1,0,0,,Yes,Yes,Yes,Yes - It's free of obstructions and feels safe to use,,At the bus stop – buses pull up to the shelter/marked stop,1,0,0,0,One Step Out (30 cm to 1 meter): Passengers have to step down onto the road surface first to board.,Footpath available to reach the bus stop from both directions Pedestrian crossing at/close to the bus stop to cross the road?,1,0,0,0,0,1,0,," Yes – fully accessible, no obstructions","Yes – signs of standing water, algae, or drainage issues visible","Safe – well-lit, visible, and active surroundings",,,Yes - sufficient shade from surrounding trees,"Yes – lit by nearby street lights, shop fronts, or advertisement boards",,,,,None of the Above,0,0,0,0,0,0,0,1,"Mostly commercial - Retail shops. restaurants, cafes, markets, etc",,Frequented by students of CMRIT college. Also has IT employees waiting for buses,An actual shelter with seating,1000329887-8_6_42.jpg,https://kf.kobotoolbox.org/api/v2/assets/am66CJhKEj8dCTL49UQSNG/data/773502397/attachments/attPWMWU6TG5Gi47EL9YuH4g/,,,,,,,773502397,e38b5173-e688-4a00-8961-d3ff05d21404,2026-06-08T08:11:29+05:30,,,submitted_via_web,,v9nnSVBz8Dj2TFQddrtot2,,uuid:e38b5173-e688-4a00-8961-d3ff05d21404,4,Bengaluru,Bengaluru,12.967679,77.714077,device_gps,OK
2026-06-08T08:11:26.991000+05:30,2026-06-08T08:16:43.643000+05:30,2026-06-08T08:11:00+05:30,Brookefield,12.967451 77.716028 828.3999633789062 1.715999960899353,12.967451,77.716028,828.3999633789062,1.715999960899353,,Stainless Steel Bus Shelter,Satisfactory – minor wear/dusty but usable,"Set back from the road – against a wall, compound, or building edge On the road edge / footpath edge – directly adjacent to traffic",1,1,0,,Yes,Yes,Yes,Yes - It's free of obstructions and feels safe to use,2,At the bus stop – buses pull up to the shelter/marked stop,1,0,0,0,One Step Out (30 cm to 1 meter): Passengers have to step down onto the road surface first to board.,"Footpath available to reach the bus stop from both directions Footpath is walkable and free of encroachment like parking, vendors, utility boxes, garbage, etc Ramp is in usable condition (not too steep, not broken, nor blocked) Tactile paving for visually impaired users Pedestrian crossing at/close to the bus stop to cross the road?",1,1,0,1,1,1,0,," Yes – fully accessible, no obstructions",No – area appears well-drained,"Somewhat safe – some concerns (e.g., poor visibility, isolated location)",Yes – adequate space for passengers,Yes – roof is intact and effective,Yes – sufficient shade from the bus shelter,Partially – some light but insufficient,Yes – clear sightline to see the approaching buses,No - the seating is too high ,No – name is missing,No information displayed at all,Seating / bench Sufficient seating for the number of people typically waiting,1,1,0,0,0,0,0,0,"Mostly Residential - Housing, Apartments, etc",Yes – advertisements dominate; passenger information is secondary,"Is weirdly located between two well established stops, not sure what the motivation for this is. Not many passengers alight/get off here too.","Remove it. Otherwise, add more info about buses, lower seating.",1000329889-8_16_34.jpg,https://kf.kobotoolbox.org/api/v2/assets/am66CJhKEj8dCTL49UQSNG/data/773503719/attachments/att8PYegsHuFKF9NBBwMiEid/,1000329890-8_16_41.jpg,https://kf.kobotoolbox.org/api/v2/assets/am66CJhKEj8dCTL49UQSNG/data/773503719/attachments/att7y4v6pAdMPHvwWzZwCSsH/,,,,,773503719,ec1935cb-596f-4183-b38a-46b7de6cc504,2026-06-08T08:16:48+05:30,,,submitted_via_web,,v9nnSVBz8Dj2TFQddrtot2,,uuid:ec1935cb-596f-4183-b38a-46b7de6cc504,5,Bengaluru,Bengaluru,12.967451,77.716028,device_gps,OK
2026-06-08T08:59:43.390000+05:30,2026-06-08T09:06:53.256000+05:30,2026-06-08T08:59:00+05:30,"Malleshwaram 18th cross, Sampigr Roaf",13.009003 77.571097 855 24.937999725341797,13.009003,77.571097,855,24.937999725341797,,Other Metal Bus Shelter (Other than Stainless Steel),Unclean/Poorly Maintained,"Set back from the road – against a wall, compound, or building edge On the road edge / footpath edge – directly adjacent to traffic",1,1,0,,Yes,Yes,No,Yes - It's free of obstructions and feels safe to use,2,Away from the bus stop – buses stop before or beyond the shelter/marked location,0,1,0,0,One Step Out (30 cm to 1 meter): Passengers have to step down onto the road surface first to board.,"Footpath is walkable and free of encroachment like parking, vendors, utility boxes, garbage, etc Pedestrian crossing at/close to the bus stop to cross the road?",0,1,0,0,0,1,0,," Yes – fully accessible, no obstructions",No – area appears well-drained,"Unsafe – poorly lit, isolated, or has a history of feeling threatening",Yes – adequate space for passengers,"Yes – but the roof is inadequate (too tall, too small, gaps, or partial coverage)",Yes – sufficient shade from the bus shelter,No – inadequate or no lighting at all,Yes – clear sightline to see the approaching buses,No - the seating is too small to sit comfortably ,Yes – name is prominently visible and legible,Yes – but information seems outdated or unreliable,Seating / bench,1,0,0,0,0,0,0,0,"Mostly Institutional - Schools, Hospitals, Govt. Offices, etc",Yes – advertisements dominate; passenger information is secondary,Total of 3 bus stops nearby almost next to each other with buses stopping wherever they feel like.,"Lighting to be improved, cleanliness",1000280981-9_6_8.jpg,https://kf.kobotoolbox.org/api/v2/assets/am66CJhKEj8dCTL49UQSNG/data/773513761/attachments/attnFakqhc4kmwxYEvkWU69q/,1000280982-9_6_13.jpg,https://kf.kobotoolbox.org/api/v2/assets/am66CJhKEj8dCTL49UQSNG/data/773513761/attachments/attgARR6JnH8CRUCapuhVFQm/,1000280983-9_6_48.jpg,https://kf.kobotoolbox.org/api/v2/assets/am66CJhKEj8dCTL49UQSNG/data/773513761/attachments/attufcu2TrAwrhdkYvC6ENYb/,,,773513761,42c5f8dd-0039-43f3-a735-4fbff5412ecd,2026-06-08T09:06:58+05:30,,,submitted_via_web,,v9nnSVBz8Dj2TFQddrtot2,,uuid:42c5f8dd-0039-43f3-a735-4fbff5412ecd,6,Bengaluru,Bengaluru,13.009003,77.571097,device_gps,OK
2026-06-08T10:26:53.559000+05:30,2026-06-08T10:35:32.706000+05:30,2026-06-08T10:28:00+05:30,Central Silk Board (Towards Bommanahalli),12.91592 77.6240777 920 0,12.91592,77.6240777,920,0,,Stainless Steel Bus Shelter, Clean and Well Maintained,"Set back from the road – against a wall, compound, or building edge",1,0,0,,Yes,Yes,Yes,No - It's obstructed due to encroachment ,4+,At the bus stop – buses pull up to the shelter/marked stop,1,0,0,0,"Way Out in the Road (More than 1 meter): The bus stops far from the footpath, blocking a lane of traffic, forcing people to walk across active traffic to board the bus",Pedestrian crossing at/close to the bus stop to cross the road?,0,0,0,0,0,1,0,,"Partially encroached – e.g., vendors, parked two-wheelers, auto-rickshaws, construction material",No – area appears well-drained,Unable to assess (audit done only in daytime),Yes – adequate space for passengers,Yes – roof is intact and effective,Yes – sufficient shade from the bus shelter,Unsure / Not observed,Yes – clear sightline to see the approaching buses,"Yes - the seating is of the right height, width, and depth to sit comfortably while waiting for the bus",Yes – name is prominently visible and legible,No information displayed at all,Seating / bench Sufficient seating for the number of people typically waiting,1,1,0,0,0,0,0,0,"Mixed Use - A mix of commercial/residential/office, etc",Yes – advertisements dominate; passenger information is secondary,"Relatively New Bus stop, under the flyover(ragiguda to Bommanahalli)",Needs to have good connection to new blue line metro that will come up here,1000166958-10_34_45.jpg,https://kf.kobotoolbox.org/api/v2/assets/am66CJhKEj8dCTL49UQSNG/data/773541360/attachments/attcapCZbCdRRSCjFJVhRN6t/,1000166957-10_34_37.jpg,https://kf.kobotoolbox.org/api/v2/assets/am66CJhKEj8dCTL49UQSNG/data/773541360/attachments/attrUfkSu6LdAz2tsbADKT6P/,,,,,773541360,b3d5eb1c-9174-42d9-97a8-0c77adeab6ae,2026-06-08T10:35:37+05:30,,,submitted_via_web,,v9nnSVBz8Dj2TFQddrtot2,,uuid:b3d5eb1c-9174-42d9-97a8-0c77adeab6ae,7,Bengaluru,Bengaluru,12.91592,77.6240777,device_gps,OK
2026-06-08T13:56:00.422000+05:30,2026-06-08T14:24:04.320000+05:30,2026-06-08T13:56:00+05:30,"43A bus stop, Vivekananda Nagar",12.930355 77.553164 0 0,12.930355,77.553164,0,0,,Stainless Steel Bus Shelter,Unclean/Poorly Maintained,On the road edge / footpath edge – directly adjacent to traffic,0,1,0,,Yes,No,Yes,Yes - It's free of obstructions and feels safe to use,1 - this is a standalone shelter ,Unsure / not observed,0,0,0,1,"Way Out in the Road (More than 1 meter): The bus stops far from the footpath, blocking a lane of traffic, forcing people to walk across active traffic to board the bus",None of the above,0,0,0,0,0,0,1,,"Partially encroached – e.g., vendors, parked two-wheelers, auto-rickshaws, construction material",No – area appears well-drained,Unable to assess (audit done only in daytime),Yes – adequate space for passengers,Yes – roof is intact and effective,Yes – sufficient shade from the bus shelter,Unsure / Not observed,"No – sightline is blocked (by structure, advertisement boards, trees, or parked vehicles)","Yes - the seating is of the right height, width, and depth to sit comfortably while waiting for the bus",No – name is missing,No information displayed at all,Seating / bench Sufficient seating for the number of people typically waiting,1,1,0,0,0,0,0,0,"Mostly commercial - Retail shops. restaurants, cafes, markets, etc",Yes – advertisements dominate; passenger information is secondary,"Only one bus comes here, 43A bus, a few times a day. So the neglect is apparent.","More buses, and clearing encroachments. In the image a bunch of men were using the bus stop to sit so the lone woman was standing outside the stand waiting for the bus",1000417665-14_23_41.jpg,https://kf.kobotoolbox.org/api/v2/assets/am66CJhKEj8dCTL49UQSNG/data/773711406/attachments/attgCySa2ZbYjFVQYhwvkLKh/,1000417666-14_23_46.jpg,https://kf.kobotoolbox.org/api/v2/assets/am66CJhKEj8dCTL49UQSNG/data/773711406/attachments/attNMo2fgHZckxq5vQLugwBn/,1000417667-14_23_52.jpg,https://kf.kobotoolbox.org/api/v2/assets/am66CJhKEj8dCTL49UQSNG/data/773711406/attachments/attP4uyeSkZ5x45TkzxJoxGV/,1000417668-14_23_56.jpg,https://kf.kobotoolbox.org/api/v2/assets/am66CJhKEj8dCTL49UQSNG/data/773711406/attachments/attVtCkDFzQDpJ5W6RXMYfJu/,773711406,44293505-e676-4ad2-b399-9cbf031baa07,2026-06-08T14:24:07+05:30,,,submitted_via_web,,v9nnSVBz8Dj2TFQddrtot2,,uuid:44293505-e676-4ad2-b399-9cbf031baa07,8,Bengaluru,Bengaluru,12.930355,77.553164,device_gps,OK
2026-06-08T17:19:38.112000+05:30,2026-06-08T17:24:42.657000+05:30,2026-06-08T17:19:00+05:30,Kadubisinahalli (towards Marathahahlli),,,,,,,3D Printed Bus Shelter,Unclean/Poorly Maintained,On the road edge / footpath edge – directly adjacent to traffic,0,1,0,,No,No,No,,3,Away from the bus stop – buses stop before or beyond the shelter/marked location,0,1,0,0,One Step Out (30 cm to 1 meter): Passengers have to step down onto the road surface first to board.,Pedestrian crossing at/close to the bus stop to cross the road?,0,0,0,0,0,1,0,," Yes – fully accessible, no obstructions","Yes – signs of standing water, algae, or drainage issues visible","Somewhat safe – some concerns (e.g., poor visibility, isolated location)", No – overcrowded or high number of people standing on the road,"Yes – but the roof is inadequate (too tall, too small, gaps, or partial coverage)",Yes – sufficient shade from the bus shelter,Unsure / Not observed,Yes – clear sightline to see the approaching buses,"Yes - the seating is of the right height, width, and depth to sit comfortably while waiting for the bus",Yes – name is prominently visible and legible,Yes – but information seems outdated or unreliable,Seating / bench,1,0,0,0,0,0,0,0,"Mixed Use - A mix of commercial/residential/office, etc",No advertisements,"Serves Prestige Tech Park, hence a lot of ridership from there","Add digital boards, provide proper stopping bays due to high number of buses stopping throughout the day",1000329904-17_24_40.jpg,https://kf.kobotoolbox.org/api/v2/assets/am66CJhKEj8dCTL49UQSNG/data/773910562/attachments/attQGi9dRxwVFeUV9aCaYJKm/,,,,,,,773910562,02bc2c08-0a30-4269-81d2-86d04b8088f2,2026-06-08T17:24:45+05:30,,,submitted_via_web,,vqT8ctFZqEKawERiL3APeV,,uuid:02bc2c08-0a30-4269-81d2-86d04b8088f2,9,Bengaluru,Bengaluru,,,,NO_LOCATION
2026-06-08T17:45:04.108000+05:30,2026-06-08T17:51:03.346000+05:30,2026-06-08T17:46:00+05:30,Electronic City Sbi(towards wipro gate),12.8453744 77.66532 857.7999877929688 34.93600082397461,12.8453744,77.66532,857.7999877929688,34.93600082397461,,"Only ""Bus Stop"" Signboard - No Bus Shelter",,On the road edge / footpath edge – directly adjacent to traffic,0,1,0,,No,No,No,,,At the bus stop – buses pull up to the shelter/marked stop Away from the bus stop – buses stop before or beyond the shelter/marked location,1,1,0,0,One Step Out (30 cm to 1 meter): Passengers have to step down onto the road surface first to board.,"Footpath available to reach the bus stop from both directions Footpath is walkable and free of encroachment like parking, vendors, utility boxes, garbage, etc Pedestrian crossing at/close to the bus stop to cross the road?",1,1,0,0,0,1,0,," Yes – fully accessible, no obstructions",No – area appears well-drained,"Safe – well-lit, visible, and active surroundings",,,Partial – some shade but insufficient,Partially – some light but insufficient,,,No – name is missing,No information displayed at all,None of the Above,0,0,0,0,0,0,0,1,"Mostly commercial - Office buildings, malls, large stores, etc",,Footpath is inclined to allow cars to approach  commerical property behind,"Bus shelter and signage, just opposite this bus stop is one that has bus shelter, vending machine, seating area etc",1000167015-17_50_44.jpg,https://kf.kobotoolbox.org/api/v2/assets/am66CJhKEj8dCTL49UQSNG/data/773937994/attachments/attxgAWnjCepovrchAPnvPXY/,1000167016-17_50_52.jpg,https://kf.kobotoolbox.org/api/v2/assets/am66CJhKEj8dCTL49UQSNG/data/773937994/attachments/attxLMh2wYwGmKrmKpZPyyiD/,1000167014-17_51_1.jpg,https://kf.kobotoolbox.org/api/v2/assets/am66CJhKEj8dCTL49UQSNG/data/773937994/attachments/attSjvZxsZp6s37quYXnZgBG/,,,773937994,ede17950-2230-4d5c-8e40-30dc46c5af38,2026-06-08T17:51:17+05:30,,,submitted_via_web,,v9nnSVBz8Dj2TFQddrtot2,,uuid:ede17950-2230-4d5c-8e40-30dc46c5af38,10,Bengaluru,Bengaluru,12.8453744,77.66532,device_gps,OK
2026-06-08T17:51:03.451000+05:30,2026-06-08T18:00:16+05:30,2026-06-08T17:51:00+05:30,Electronic City Sbi (towards toll gate/infosys konappana Agrahara metro station),12.8455617 77.6653881 858.0999755859375 8.520000457763672,12.8455617,77.6653881,858.0999755859375,8.520000457763672,,Stainless Steel Bus Shelter, Clean and Well Maintained,"Set back from the road – against a wall, compound, or building edge",1,0,0,,No,Yes,No,,2,At the bus stop – buses pull up to the shelter/marked stop,1,0,0,0,Perfect / Flush (Less than 30 cm): Passengers can step directly from the footpath onto the bus.,"Footpath available to reach the bus stop from both directions Footpath is walkable and free of encroachment like parking, vendors, utility boxes, garbage, etc Ramp for wheelchair users to access the bus stop Ramp is in usable condition (not too steep, not broken, nor blocked) Pedestrian crossing at/close to the bus stop to cross the road?",1,1,1,1,0,1,0,," Yes – fully accessible, no obstructions",No – area appears well-drained,"Safe – well-lit, visible, and active surroundings", No – overcrowded or high number of people standing on the road,Yes – roof is intact and effective,Yes – sufficient shade from the bus shelter,"Yes – lit by nearby street lights, shop fronts, or advertisement boards",Yes – clear sightline to see the approaching buses,"Yes - the seating is of the right height, width, and depth to sit comfortably while waiting for the bus",No – name is missing,No information displayed at all,Seating / bench Digital information boards with real time arrival information and service alerts,1,0,0,0,0,0,1,0,"Mostly commercial - Office buildings, malls, large stores, etc",Yes – advertisements dominate; passenger information is secondary,"2 bus shelters present in different styles, both are 20m apart and obstacles present between them. Bus shelter has a working vending machine. Well maintained as it comes under ELCITA",Guardrails next to footpath restrict movement into buses at times. One bus shelter has tiles which becomes slippery during rains.,1000167019-17_59_54.jpg,https://kf.kobotoolbox.org/api/v2/assets/am66CJhKEj8dCTL49UQSNG/data/773947807/attachments/attKHwX5zT5yvoYihF2TC8z7/,1000167017-18_0_0.jpg,https://kf.kobotoolbox.org/api/v2/assets/am66CJhKEj8dCTL49UQSNG/data/773947807/attachments/attrBEmmHDFiUWNJ9iNM6iC8/,1000167022-18_0_4.jpg,https://kf.kobotoolbox.org/api/v2/assets/am66CJhKEj8dCTL49UQSNG/data/773947807/attachments/atttAc2RttY7gqjhg4osybMC/,1000167021-18_0_14.jpg,https://kf.kobotoolbox.org/api/v2/assets/am66CJhKEj8dCTL49UQSNG/data/773947807/attachments/attVnyb8aBqDW9CryxTN2Jpf/,773947807,dbf16024-f3d3-491b-8486-ea3266220f6a,2026-06-08T18:00:39+05:30,,,submitted_via_web,,v9nnSVBz8Dj2TFQddrtot2,,uuid:dbf16024-f3d3-491b-8486-ea3266220f6a,11,Bengaluru,Bengaluru,12.8455617,77.6653881,device_gps,OK
2026-06-08T20:13:03.929000+05:30,2026-06-08T20:16:31.958000+05:30,2026-06-08T20:13:00+05:30,CMRIT College (Towards Kundalahalli Colony),,,,,,,No Shelter and No Signboard,,On the road edge / footpath edge – directly adjacent to traffic,0,1,0,,Yes,Yes,Yes,Yes - It's free of obstructions and feels safe to use,,At the bus stop – buses pull up to the shelter/marked stop Away from the bus stop – buses stop before or beyond the shelter/marked location Bus stop not clearly marked,1,1,1,0,Perfect / Flush (Less than 30 cm): Passengers can step directly from the footpath onto the bus.,"Footpath available to reach the bus stop from both directions Footpath is walkable and free of encroachment like parking, vendors, utility boxes, garbage, etc Ramp for wheelchair users to access the bus stop Ramp is in usable condition (not too steep, not broken, nor blocked) Pedestrian crossing at/close to the bus stop to cross the road?",1,1,1,1,0,1,0,," Yes – fully accessible, no obstructions",No – area appears well-drained,"Safe – well-lit, visible, and active surroundings",,,No – exposed to full sun,"Yes – lit by nearby street lights, shop fronts, or advertisement boards",,,,,CCTV camera,0,0,0,0,0,1,0,0,"Mixed Use - A mix of commercial/residential/office, etc",,"Frequented by students of CMRIT college. As it is a 2 lane road, often blocks traffic",An actual shelter,1000330085-20_16_28.jpg,https://kf.kobotoolbox.org/api/v2/assets/am66CJhKEj8dCTL49UQSNG/data/774174237/attachments/atty3X7UEwzxZt3xCeKVPeAZ/,,,,,,,774174237,d7bd0fce-aeaa-4e1b-be00-bf33f1022a63,2026-06-08T20:16:34+05:30,,,submitted_via_web,,vqT8ctFZqEKawERiL3APeV,,uuid:d7bd0fce-aeaa-4e1b-be00-bf33f1022a63,12,Bengaluru,Bengaluru,,,,NO_LOCATION
2026-06-08T06:42:13.326000+05:30,2026-06-09T19:12:22.528000+05:30,2026-06-09T19:06:00+05:30,Sri Puneeth Rajkumar Bus Stand,12.971562 77.658135 835.7000122070312 25.577999114990234,12.971562,77.658135,835.7000122070312,25.577999114990234,,Other Metal Bus Shelter (Other than Stainless Steel), Clean and Well Maintained,On the road edge / footpath edge – directly adjacent to traffic,0,1,0,,No,No,No,,2,At the bus stop – buses pull up to the shelter/marked stop,1,0,0,0,One Step Out (30 cm to 1 meter): Passengers have to step down onto the road surface first to board.,None of the above,0,0,0,0,0,0,1,,"Partially encroached – e.g., vendors, parked two-wheelers, auto-rickshaws, construction material",No – area appears well-drained,"Somewhat safe – some concerns (e.g., poor visibility, isolated location)", No – overcrowded or high number of people standing on the road,Yes – roof is intact and effective,Yes – sufficient shade from the bus shelter,"Yes – lit by nearby street lights, shop fronts, or advertisement boards",Yes – clear sightline to see the approaching buses,"Yes - the seating is of the right height, width, and depth to sit comfortably while waiting for the bus",Yes – name is prominently visible and legible,No information displayed at all,Seating / bench,1,0,0,0,0,0,0,0,"Mostly commercial - Retail shops. restaurants, cafes, markets, etc",Yes – advertisements dominate; passenger information is secondary,,Make it friendly for specially abled people. Improve the footpath area.,24850-19_12_14.jpg,https://kf.kobotoolbox.org/api/v2/assets/am66CJhKEj8dCTL49UQSNG/data/775253184/attachments/attU3WHRDJbpfB5HbeMNf7Ho/,24849-19_12_19.jpg,https://kf.kobotoolbox.org/api/v2/assets/am66CJhKEj8dCTL49UQSNG/data/775253184/attachments/attZjvCMRBg9B4akwWKRjf9h/,,,,,775253184,b0bb5b5d-08c9-42eb-b69d-4a3d50524d0c,2026-06-09T19:12:26+05:30,,,submitted_via_web,,vqT8ctFZqEKawERiL3APeV,,uuid:b0bb5b5d-08c9-42eb-b69d-4a3d50524d0c,13,Bengaluru,Bengaluru,12.971562,77.658135,device_gps,OK
2026-06-09T21:25:03.400000+05:30,2026-06-09T21:34:59.804000+05:30,2026-06-09T09:30:00+05:30,"CMRIT, towards kundanahalli gate",12.967727 77.714288 840.7000122070312 12.720999717712402,12.967727,77.714288,840.7000122070312,12.720999717712402,,No Shelter and No Signboard,,On the road edge / footpath edge – directly adjacent to traffic,0,1,0,,Yes,Yes,Yes,Yes - It's free of obstructions and feels safe to use,,Bus stop not clearly marked,0,0,1,0,One Step Out (30 cm to 1 meter): Passengers have to step down onto the road surface first to board.,None of the above,0,0,0,0,0,0,1,," Yes – fully accessible, no obstructions",No – area appears well-drained,"Somewhat safe – some concerns (e.g., poor visibility, isolated location)",,,No – exposed to full sun,Partially – some light but insufficient,,,,,None of the Above,0,0,0,0,0,0,0,1,Compound Wall / Dead Edge - No activity near the stop,,,,117714-21_34_55.jpg,https://kf.kobotoolbox.org/api/v2/assets/am66CJhKEj8dCTL49UQSNG/data/775411775/attachments/attyGYXmAkXRnTAznFzKujxn/,,,,,,,775411775,3cbd522f-4889-4532-aa46-9878fabf50ab,2026-06-09T21:35:13+05:30,,,submitted_via_web,,vgnhzQ3qzWE9wJFncZQXj2,,uuid:3cbd522f-4889-4532-aa46-9878fabf50ab,14,Bengaluru,Bengaluru,12.967727,77.714288,device_gps,OK
2026-06-09T19:12:22.632000+05:30,2026-06-09T19:17:21.871000+05:30,2026-06-09T19:12:00+05:30,Dr. Raj Kumar Bus Shelter,12.971567 77.658161 840.5 9.75100040435791,12.971567,77.658161,840.5,9.75100040435791,,Other Metal Bus Shelter (Other than Stainless Steel), Clean and Well Maintained,On the road edge / footpath edge – directly adjacent to traffic,0,1,0,,No,No,No,,2,Away from the bus stop – buses stop before or beyond the shelter/marked location,0,1,0,0,No footpath available,None of the above,0,0,0,0,0,0,1,,Heavily encroached – the stop is largely unusable because of obstructions,No – area appears well-drained,"Somewhat safe – some concerns (e.g., poor visibility, isolated location)",Yes – adequate space for passengers,Yes – roof is intact and effective,Yes – sufficient shade from the bus shelter,No – inadequate or no lighting at all,"No – sightline is blocked (by structure, advertisement boards, trees, or parked vehicles)","Yes - the seating is of the right height, width, and depth to sit comfortably while waiting for the bus",Yes – name is prominently visible and legible,No information displayed at all,Seating / bench Sufficient seating for the number of people typically waiting,1,1,0,0,0,0,0,0,"Mixed Use - A mix of commercial/residential/office, etc",Yes – advertisements present but passenger information is still clearly visible,,Can make the stop friendlier for specially abled people. Better footpath around the structure.,24851-19_17_15.jpg,https://kf.kobotoolbox.org/api/v2/assets/am66CJhKEj8dCTL49UQSNG/data/775451662/attachments/attG45Fs2u3tX7HDLHEHzCW4/,24852-19_17_19.jpg,https://kf.kobotoolbox.org/api/v2/assets/am66CJhKEj8dCTL49UQSNG/data/775451662/attachments/attkygx78ijWhnBcFWNwgR8J/,,,,,775451662,bdb4b5dc-a230-4d25-8db3-58042c0c61ab,2026-06-09T22:19:00+05:30,,,submitted_via_web,,vqT8ctFZqEKawERiL3APeV,,uuid:bdb4b5dc-a230-4d25-8db3-58042c0c61ab,15,Bengaluru,Bengaluru,12.971567,77.658161,device_gps,OK
2026-06-10T07:12:54.706000+05:30,2026-06-10T07:18:01.437000+05:30,2026-06-10T07:13:00+05:30,"Nexus Mall, Koramangala",12.935394 77.611886 905.9318435667083 14.24595459057527,12.935394,77.611886,905.9318435667083,14.24595459057527,,Stainless Steel Bus Shelter, Clean and Well Maintained,"Set back from the road – against a wall, compound, or building edge",1,0,0,,No,Yes,Yes,,3,At the bus stop – buses pull up to the shelter/marked stop,1,0,0,0,One Step Out (30 cm to 1 meter): Passengers have to step down onto the road surface first to board.,"Footpath available to reach the bus stop from both directions Footpath is walkable and free of encroachment like parking, vendors, utility boxes, garbage, etc",1,1,0,0,0,0,0,," Yes – fully accessible, no obstructions",No – area appears well-drained,"Safe – well-lit, visible, and active surroundings",Yes – adequate space for passengers,Yes – roof is intact and effective,Yes – sufficient shade from the bus shelter,Yes – the bus shelter itself has a working light,Yes – clear sightline to see the approaching buses,"Yes - the seating is of the right height, width, and depth to sit comfortably while waiting for the bus",Yes – name is prominently visible and legible,No information displayed at all,Seating / bench Sufficient seating for the number of people typically waiting Dustbin / waste bin CCTV camera,1,1,1,0,0,1,0,0,"Mostly commercial - Office buildings, malls, large stores, etc",Yes – advertisements dominate; passenger information is secondary,High step from road,,image-7_17_2.jpg,https://kf.kobotoolbox.org/api/v2/assets/am66CJhKEj8dCTL49UQSNG/data/775708028/attachments/attHMfJyLRxcn4ApMc9B8tMA/,image-7_17_13.jpg,https://kf.kobotoolbox.org/api/v2/assets/am66CJhKEj8dCTL49UQSNG/data/775708028/attachments/attZVXVJ3UUKFF4ywBznKF8C/,image-7_17_35.jpg,https://kf.kobotoolbox.org/api/v2/assets/am66CJhKEj8dCTL49UQSNG/data/775708028/attachments/attPDu49EYRuwR3V2kzTWJH7/,image-7_17_58.jpg,https://kf.kobotoolbox.org/api/v2/assets/am66CJhKEj8dCTL49UQSNG/data/775708028/attachments/attqw56vjR9pjjw8S3H3DJfC/,775708028,dcbc602a-5d71-4fa4-87e9-53e3dab7b111,2026-06-10T07:18:05+05:30,,,submitted_via_web,,vgnhzQ3qzWE9wJFncZQXj2,,uuid:dcbc602a-5d71-4fa4-87e9-53e3dab7b111,16,Bengaluru,Bengaluru,12.935394,77.611886,device_gps,OK
2026-06-10T07:18:01.491000+05:30,2026-06-10T07:22:05.458000+05:30,2026-06-10T07:18:00+05:30,"Nexus Mall, Koramangala (towards Electronics City)",12.935229 77.611974 905.1349383629858 14.245954450253825,12.935229,77.611974,905.1349383629858,14.245954450253825,,Stainless Steel Bus Shelter,Satisfactory – minor wear/dusty but usable,"Set back from the road – against a wall, compound, or building edge",1,0,0,,No,Yes,Yes,,3,At the bus stop – buses pull up to the shelter/marked stop,1,0,0,0,One Step Out (30 cm to 1 meter): Passengers have to step down onto the road surface first to board.,"Footpath available to reach the bus stop from both directions Footpath is walkable and free of encroachment like parking, vendors, utility boxes, garbage, etc",1,1,0,0,0,0,0,," Yes – fully accessible, no obstructions",No – area appears well-drained,"Safe – well-lit, visible, and active surroundings",Yes – adequate space for passengers,Yes – roof is intact and effective,Yes – sufficient shade from the bus shelter,"Yes – lit by nearby street lights, shop fronts, or advertisement boards",Yes – clear sightline to see the approaching buses,"Yes - the seating is of the right height, width, and depth to sit comfortably while waiting for the bus",No – name is missing,No information displayed at all,Seating / bench Sufficient seating for the number of people typically waiting Dustbin / waste bin Digital information boards with real time arrival information and service alerts,1,1,1,0,0,0,1,0,"Mostly commercial - Office buildings, malls, large stores, etc",Yes – advertisements dominate; passenger information is secondary,,,image-7_21_40.jpg,https://kf.kobotoolbox.org/api/v2/assets/am66CJhKEj8dCTL49UQSNG/data/775709360/attachments/attTuNFRAxVJbwbC9DP5YVMs/,image-7_21_52.jpg,https://kf.kobotoolbox.org/api/v2/assets/am66CJhKEj8dCTL49UQSNG/data/775709360/attachments/attUTkKgXSdmUZUuUdvw2ds3/,,,,,775709360,ec4a0fa5-7128-49db-8d25-6037c7c30849,2026-06-10T07:22:11+05:30,,,submitted_via_web,,vgnhzQ3qzWE9wJFncZQXj2,,uuid:ec4a0fa5-7128-49db-8d25-6037c7c30849,17,Bengaluru,Bengaluru,12.935229,77.611974,device_gps,OK
2026-06-10T07:22:05.501000+05:30,2026-06-10T07:28:41.863000+05:30,2026-06-10T07:24:00+05:30,Jyothi Nivas (towards Nexus Mall),12.934966 77.613513 903.3019714104012 22.09118514317246,12.934966,77.613513,903.3019714104012,22.09118514317246,,Stainless Steel Bus Shelter,Satisfactory – minor wear/dusty but usable,"Set back from the road – against a wall, compound, or building edge",1,0,0,,No,No,No,,1 - this is a standalone shelter ,At the bus stop – buses pull up to the shelter/marked stop,1,0,0,0,One Step Out (30 cm to 1 meter): Passengers have to step down onto the road surface first to board.,Footpath available to reach the bus stop from both directions,1,0,0,0,0,0,0,,"Partially encroached – e.g., vendors, parked two-wheelers, auto-rickshaws, construction material",No – area appears well-drained,Unable to assess (audit done only in daytime),Yes – adequate space for passengers,Yes – roof is intact and effective,Yes – sufficient shade from the bus shelter,"Yes – lit by nearby street lights, shop fronts, or advertisement boards",Yes – clear sightline to see the approaching buses,No - the seating is too high ,Yes – name is prominently visible and legible,Yes – route list is prominently displayed and appears current,Seating / bench Sufficient seating for the number of people typically waiting,1,1,0,0,0,0,0,0,"Mostly commercial - Office buildings, malls, large stores, etc",Yes – advertisements dominate; passenger information is secondary,"Lot of cables hanging around, glfootpath obstruction",Front of footpath not even,image-7_28_9.jpg,https://kf.kobotoolbox.org/api/v2/assets/am66CJhKEj8dCTL49UQSNG/data/775713243/attachments/attNBczJQnBmYgVLgts7rAVu/,image-7_28_25.jpg,https://kf.kobotoolbox.org/api/v2/assets/am66CJhKEj8dCTL49UQSNG/data/775713243/attachments/attLHWkH2UFhWErTH2ea75Rj/,image-7_28_37.jpg,https://kf.kobotoolbox.org/api/v2/assets/am66CJhKEj8dCTL49UQSNG/data/775713243/attachments/attUGPDqg9UdTA62Q6pAMATv/,,,775713243,a3425119-4c81-4f9f-a6b0-8f8b963ca90e,2026-06-10T07:33:01+05:30,,,submitted_via_web,,vgnhzQ3qzWE9wJFncZQXj2,,uuid:a3425119-4c81-4f9f-a6b0-8f8b963ca90e,18,Bengaluru,Bengaluru,12.934966,77.613513,device_gps,OK
2026-06-10T07:28:41.916000+05:30,2026-06-10T07:37:56.943000+05:30,2026-06-10T07:33:00+05:30,BGS-0007 Kalyana Mantapa,12.937189 77.618462 902.9994062781334 14.245954585712775,12.937189,77.618462,902.9994062781334,14.245954585712775,,Stainless Steel Bus Shelter,Satisfactory – minor wear/dusty but usable,On the road edge / footpath edge – directly adjacent to traffic,0,1,0,,Yes,No,No,Yes - It's free of obstructions and feels safe to use,1 - this is a standalone shelter ,At the bus stop – buses pull up to the shelter/marked stop,1,0,0,0,One Step Out (30 cm to 1 meter): Passengers have to step down onto the road surface first to board.,Footpath available to reach the bus stop from both directions,1,0,0,0,0,0,0,," Yes – fully accessible, no obstructions",No – area appears well-drained,Unable to assess (audit done only in daytime), No – overcrowded or high number of people standing on the road,Yes – roof is intact and effective,Yes – sufficient shade from the bus shelter,"Yes – lit by nearby street lights, shop fronts, or advertisement boards",Yes – clear sightline to see the approaching buses,"Yes - the seating is of the right height, width, and depth to sit comfortably while waiting for the bus",Yes – name is prominently visible and legible,Yes – route list is prominently displayed and appears current,Seating / bench,1,0,0,0,0,0,0,0,"Mostly commercial - Retail shops. restaurants, cafes, markets, etc",Yes – advertisements dominate; passenger information is secondary,,Only seating for 5,image-7_37_25.jpg,https://kf.kobotoolbox.org/api/v2/assets/am66CJhKEj8dCTL49UQSNG/data/775714867/attachments/atto3p4GQ6RVzK6Y4eocGZky/,image-7_37_37.jpg,https://kf.kobotoolbox.org/api/v2/assets/am66CJhKEj8dCTL49UQSNG/data/775714867/attachments/atti26qCWDNCTnT5xmWPcXkW/,,,,,775714867,9e849e54-31ff-4703-b2f7-8386113e0dd8,2026-06-10T07:38:07+05:30,,,submitted_via_web,,vgnhzQ3qzWE9wJFncZQXj2,,uuid:9e849e54-31ff-4703-b2f7-8386113e0dd8,19,Bengaluru,Bengaluru,12.937189,77.618462,device_gps,OK
2026-06-10T07:37:56.988000+05:30,2026-06-10T07:43:29.786000+05:30,2026-06-10T07:40:00+05:30,Koramangala Kalyana Mantapa (towards NGV),12.937209 77.618336 902.8180477609858 14.245954586575403,12.937209,77.618336,902.8180477609858,14.245954586575403,,Stainless Steel Bus Shelter,Satisfactory – minor wear/dusty but usable,"Set back from the road – against a wall, compound, or building edge",1,0,0,,Yes,No,No,Yes - It's free of obstructions and feels safe to use,2,At the bus stop – buses pull up to the shelter/marked stop,1,0,0,0,"Way Out in the Road (More than 1 meter): The bus stops far from the footpath, blocking a lane of traffic, forcing people to walk across active traffic to board the bus",Footpath available to reach the bus stop from both directions,1,0,0,0,0,0,0,," Yes – fully accessible, no obstructions",No – area appears well-drained,"Safe – well-lit, visible, and active surroundings",Yes – adequate space for passengers,Yes – roof is intact and effective,Yes – sufficient shade from the bus shelter,"Yes – lit by nearby street lights, shop fronts, or advertisement boards",Yes – clear sightline to see the approaching buses,"Yes - the seating is of the right height, width, and depth to sit comfortably while waiting for the bus",Yes – name is prominently visible and legible,Yes – route list is prominently displayed and appears current,Seating / bench Sufficient seating for the number of people typically waiting,1,1,0,0,0,0,0,0,"Mostly commercial - Retail shops. restaurants, cafes, markets, etc",Yes – advertisements dominate; passenger information is secondary,,,image-7_43_3.jpg,https://kf.kobotoolbox.org/api/v2/assets/am66CJhKEj8dCTL49UQSNG/data/775716239/attachments/attsHkSw6S6JbSZikn3nYgpU/,,,image-7_43_13.jpg,https://kf.kobotoolbox.org/api/v2/assets/am66CJhKEj8dCTL49UQSNG/data/775716239/attachments/attP5MHAkcQ5ZDcB5ELtmYcU/,image-7_43_26.jpg,https://kf.kobotoolbox.org/api/v2/assets/am66CJhKEj8dCTL49UQSNG/data/775716239/attachments/att63GSrxr46ZTQuBj3zcBMK/,775716239,32b0143f-7de1-40d6-b43c-aa3571c4a5e7,2026-06-10T07:43:33+05:30,,,submitted_via_web,,vgnhzQ3qzWE9wJFncZQXj2,,uuid:32b0143f-7de1-40d6-b43c-aa3571c4a5e7,20,Bengaluru,Bengaluru,12.937209,77.618336,device_gps,OK
2026-06-10T09:31:55.538000+05:30,2026-06-10T09:37:43.649000+05:30,2026-06-10T09:32:00+05:30,Channasandra (Towards Uttarahalli),,,,,,https://maps.app.goo.gl/1hPQyc5xHxi1eB5h9?g_st=ac,No Shelter and No Signboard,,On the road edge / footpath edge – directly adjacent to traffic,0,1,0,,No,No,No,,,Bus stop not clearly marked,0,0,1,0,One Step Out (30 cm to 1 meter): Passengers have to step down onto the road surface first to board.,Pedestrian crossing at/close to the bus stop to cross the road?,0,0,0,0,0,1,0,,"Partially encroached – e.g., vendors, parked two-wheelers, auto-rickshaws, construction material",No – area appears well-drained,"Unsafe – poorly lit, isolated, or has a history of feeling threatening",,,No – exposed to full sun,No – inadequate or no lighting at all,,,,,None of the Above,0,0,0,0,0,0,0,1,"Mostly commercial - Retail shops. restaurants, cafes, markets, etc",,,Add some signages indicating the existence of a bus stop,1000314741-9_37_5.jpg,https://kf.kobotoolbox.org/api/v2/assets/am66CJhKEj8dCTL49UQSNG/data/775760609/attachments/attjDFM6XPeeBdtWDmEx2Fej/,1000314740-9_37_12.jpg,https://kf.kobotoolbox.org/api/v2/assets/am66CJhKEj8dCTL49UQSNG/data/775760609/attachments/attQSKFd73bEACUqK3Gcq9Vr/,,,,,775760609,e496700f-8822-4cb2-98ac-4617f3d4adaa,2026-06-10T09:37:48+05:30,,,submitted_via_web,,vgnhzQ3qzWE9wJFncZQXj2,,uuid:e496700f-8822-4cb2-98ac-4617f3d4adaa,21,Bengaluru,Bengaluru,12.9029388,77.52154589999999,gmaps_link,OK
2026-06-10T07:43:29.843000+05:30,2026-06-10T07:53:04.174000+05:30,2026-06-10T07:50:00+05:30,No info,12.93398 77.623672 896.6400118833408 14.24595459057527,12.93398,77.623672,896.6400118833408,14.24595459057527,,Stainless Steel Bus Shelter, Clean and Well Maintained,"Set back from the road – against a wall, compound, or building edge",1,0,0,,Yes,Yes,Yes,Yes - It's free of obstructions and feels safe to use,1 - this is a standalone shelter ,At the bus stop – buses pull up to the shelter/marked stop,1,0,0,0,One Step Out (30 cm to 1 meter): Passengers have to step down onto the road surface first to board.,Footpath available to reach the bus stop from both directions,1,0,0,0,0,0,0,," Yes – fully accessible, no obstructions",No – area appears well-drained,"Safe – well-lit, visible, and active surroundings",Yes – adequate space for passengers,Yes – roof is intact and effective,Yes – sufficient shade from the bus shelter,"Yes – lit by nearby street lights, shop fronts, or advertisement boards",Yes – clear sightline to see the approaching buses,"Yes - the seating is of the right height, width, and depth to sit comfortably while waiting for the bus",No – name is missing,"Yes – but information is unclear, faded, or partially missing",Seating / bench Sufficient seating for the number of people typically waiting,1,1,0,0,0,0,0,0,"Mostly commercial - Retail shops. restaurants, cafes, markets, etc",Yes – advertisements dominate; passenger information is secondary,,,image-7_52_47.jpg,https://kf.kobotoolbox.org/api/v2/assets/am66CJhKEj8dCTL49UQSNG/data/775775814/attachments/att8GwGGGnZgyCkibcKpZnY4/,image-7_52_58.jpg,https://kf.kobotoolbox.org/api/v2/assets/am66CJhKEj8dCTL49UQSNG/data/775775814/attachments/atteTcxH2QXZZX79QnmCx8o5/,,,,,775775814,cc93fb6f-3b8b-4111-8e98-55be5d0d8e1c,2026-06-10T10:00:23+05:30,,,submitted_via_web,,vgnhzQ3qzWE9wJFncZQXj2,,uuid:cc93fb6f-3b8b-4111-8e98-55be5d0d8e1c,22,Bengaluru,Bengaluru,12.93398,77.623672,device_gps,OK
2026-06-10T15:23:18.021000+05:30,2026-06-10T15:34:41.534000+05:30,2026-06-10T15:23:00+05:30,CMRIT College,12.9676 77.714227 830 6.294000148773193,12.9676,77.714227,830,6.294000148773193,,No Shelter and No Signboard,,"Set back from the road – against a wall, compound, or building edge",1,0,0,,Yes,Yes,No,Yes - It's free of obstructions and feels safe to use,,At the bus stop – buses pull up to the shelter/marked stop,1,0,0,0,Perfect / Flush (Less than 30 cm): Passengers can step directly from the footpath onto the bus.,None of the above,0,0,0,0,0,0,1,," Yes – fully accessible, no obstructions","Yes – signs of standing water, algae, or drainage issues visible","Safe – well-lit, visible, and active surroundings",,,Yes - sufficient shade from surrounding trees,Partially – some light but insufficient,,,,,CCTV camera None of the Above,0,0,0,0,0,1,0,1,Compound Wall / Dead Edge - No activity near the stop,,"Has pedestrian button but not functional, on a curve no visibility","Shelter, light, traffic calming.",1000040345-15_33_27.jpg,https://kf.kobotoolbox.org/api/v2/assets/am66CJhKEj8dCTL49UQSNG/data/776197165/attachments/attVYqpCH676UkjB2jF8k3qk/,1000040342-15_33_33.jpg,https://kf.kobotoolbox.org/api/v2/assets/am66CJhKEj8dCTL49UQSNG/data/776197165/attachments/attKvTde7NzygFof3YbByU5M/,1000040346-15_34_30.jpg,https://kf.kobotoolbox.org/api/v2/assets/am66CJhKEj8dCTL49UQSNG/data/776197165/attachments/atts86MxSW5D7fTHiCJertey/,,,776197165,ecd29fde-ac1a-4b30-bc36-050fbaa6bf6f,2026-06-10T15:36:23+05:30,,,submitted_via_web,,vNRRNU3SyFqnhy2xMWaa4o,,uuid:ecd29fde-ac1a-4b30-bc36-050fbaa6bf6f,23,Bengaluru,Bengaluru,12.9676,77.714227,device_gps,OK
2026-06-10T15:34:41.746000+05:30,2026-06-10T15:49:15.826000+05:30,2026-06-10T15:42:00+05:30,Brookfield towards Marathahalli,12.964856 77.717958 821.5999755859375 23.90999984741211,12.964856,77.717958,821.5999755859375,23.90999984741211,,Other Metal Bus Shelter (Other than Stainless Steel), Clean and Well Maintained,"Set back from the road – against a wall, compound, or building edge",1,0,0,,No,Yes,No,,1 - this is a standalone shelter ,Away from the bus stop – buses stop before or beyond the shelter/marked location,0,1,0,0,"Way Out in the Road (More than 1 meter): The bus stops far from the footpath, blocking a lane of traffic, forcing people to walk across active traffic to board the bus",Footpath available to reach the bus stop from both directions Pedestrian crossing at/close to the bus stop to cross the road?,1,0,0,0,0,1,0,,"Partially encroached – e.g., vendors, parked two-wheelers, auto-rickshaws, construction material",No – area appears well-drained,"Safe – well-lit, visible, and active surroundings",Yes – adequate space for passengers,Yes – roof is intact and effective,Yes – sufficient shade from the bus shelter,Yes – the bus shelter itself has a working light,Yes – clear sightline to see the approaching buses,"Yes - the seating is of the right height, width, and depth to sit comfortably while waiting for the bus",No – name is missing,No information displayed at all,Seating / bench Sufficient seating for the number of people typically waiting,1,1,0,0,0,0,0,0,"Mostly commercial - Office buildings, malls, large stores, etc",No advertisements,"Custom made by tech park next it, of good quality",Route information,1000040348-15_49_4.jpg,https://kf.kobotoolbox.org/api/v2/assets/am66CJhKEj8dCTL49UQSNG/data/776216225/attachments/attiECrzF37W6aZSQ2Uj6gkY/,1000040347-15_49_11.jpg,https://kf.kobotoolbox.org/api/v2/assets/am66CJhKEj8dCTL49UQSNG/data/776216225/attachments/attgBmzWtLa8YUJ4oHPMN8Hh/,,,,,776216225,a923b834-1b11-4570-907e-9c6b0a103395,2026-06-10T15:49:22+05:30,,,submitted_via_web,,vNRRNU3SyFqnhy2xMWaa4o,,uuid:a923b834-1b11-4570-907e-9c6b0a103395,24,Bengaluru,Bengaluru,12.964856,77.717958,device_gps,OK
2026-06-10T15:49:16.085000+05:30,2026-06-10T16:10:33.228000+05:30,2026-06-10T16:00:00+05:30,BEML Layout towards Marathahalli,12.959971 77.716226 821 16.07699966430664,12.959971,77.716226,821,16.07699966430664,,Other Metal Bus Shelter (Other than Stainless Steel),Satisfactory – minor wear/dusty but usable,"Set back from the road – against a wall, compound, or building edge",1,0,0,,Yes,Yes,Yes,Yes - It's free of obstructions and feels safe to use,1 - this is a standalone shelter ,At the bus stop – buses pull up to the shelter/marked stop,1,0,0,0,Perfect / Flush (Less than 30 cm): Passengers can step directly from the footpath onto the bus.,Footpath available to reach the bus stop from both directions Ramp for wheelchair users to access the bus stop,1,0,1,0,0,0,0,,"Partially encroached – e.g., vendors, parked two-wheelers, auto-rickshaws, construction material",No – area appears well-drained,"Safe – well-lit, visible, and active surroundings", No – overcrowded or high number of people standing on the road,Yes – roof is intact and effective,Yes – sufficient shade from the bus shelter,"Yes – lit by nearby street lights, shop fronts, or advertisement boards",Yes – clear sightline to see the approaching buses,"Yes - the seating is of the right height, width, and depth to sit comfortably while waiting for the bus",No – name is missing,"Yes – but information is unclear, faded, or partially missing",Seating / bench Digital information boards with real time arrival information and service alerts,1,0,0,0,0,0,1,0,"Mixed Use - A mix of commercial/residential/office, etc",Yes – advertisements dominate; passenger information is secondary,"Electronic board present but not functional, high dividers obstruct pedestrian crossing",Remove high dividers for pedestrian crossing,1000040351-16_10_5.jpg,https://kf.kobotoolbox.org/api/v2/assets/am66CJhKEj8dCTL49UQSNG/data/776246146/attachments/attB9rmwyrK4YZY3A8vbV7VT/,1000040349-16_10_13.jpg,https://kf.kobotoolbox.org/api/v2/assets/am66CJhKEj8dCTL49UQSNG/data/776246146/attachments/att5fGiC8XU9gDzzGxReMHKQ/,1000040353-16_10_22.jpg,https://kf.kobotoolbox.org/api/v2/assets/am66CJhKEj8dCTL49UQSNG/data/776246146/attachments/attWPS5ZHcRwoPduLuCY92cT/,1000040354-16_10_29.jpg,https://kf.kobotoolbox.org/api/v2/assets/am66CJhKEj8dCTL49UQSNG/data/776246146/attachments/atttoh3FAvHPgBi7KFadLTAH/,776246146,a2075817-c801-4147-9e24-1f03ad7c707f,2026-06-10T16:11:02+05:30,,,submitted_via_web,,vNRRNU3SyFqnhy2xMWaa4o,,uuid:a2075817-c801-4147-9e24-1f03ad7c707f,25,Bengaluru,Bengaluru,12.959971,77.716226,device_gps,OK
2026-06-10T18:09:44.327000+05:30,2026-06-10T18:14:36.442000+05:30,2026-06-10T18:09:00+05:30,Innovity Multiplex (towards Kalamandir),,,,,,,Stainless Steel Bus Shelter,Satisfactory – minor wear/dusty but usable,On the road edge / footpath edge – directly adjacent to traffic,0,1,0,,No,Yes,No,,2,At the bus stop – buses pull up to the shelter/marked stop,1,0,0,0,One Step Out (30 cm to 1 meter): Passengers have to step down onto the road surface first to board.,"Footpath available to reach the bus stop from both directions Footpath is walkable and free of encroachment like parking, vendors, utility boxes, garbage, etc Pedestrian crossing at/close to the bus stop to cross the road?",1,1,0,0,0,1,0,," Yes – fully accessible, no obstructions",No – area appears well-drained,Unable to assess (audit done only in daytime),Unsure,Yes – roof is intact and effective,Yes – sufficient shade from the bus shelter,Unsure / Not observed,Yes – clear sightline to see the approaching buses,"Yes - the seating is of the right height, width, and depth to sit comfortably while waiting for the bus",Yes – name is prominently visible and legible,Yes – but information seems outdated or unreliable,Seating / bench,1,0,0,0,0,0,0,0,"Mixed Use - A mix of commercial/residential/office, etc",Yes – advertisements dominate; passenger information is secondary,,"Utilities are a bit bunched up, bus stop itself has uneven footpath around the area",1000330650-18_14_6.jpg,https://kf.kobotoolbox.org/api/v2/assets/am66CJhKEj8dCTL49UQSNG/data/776408127/attachments/att6nD7NTqDHzp9Z6exGXcep/,,,1000330651-18_14_34.jpg,https://kf.kobotoolbox.org/api/v2/assets/am66CJhKEj8dCTL49UQSNG/data/776408127/attachments/atticAu8v389KPVBENg9sgTK/,,,776408127,4d94fc0f-fa22-41bd-b19d-1033974d5f63,2026-06-10T18:14:39+05:30,,,submitted_via_web,,vqT8ctFZqEKawERiL3APeV,,uuid:4d94fc0f-fa22-41bd-b19d-1033974d5f63,26,Bengaluru,Bengaluru,,,,NO_LOCATION
2026-06-10T18:14:36.731000+05:30,2026-06-10T18:24:46.611000+05:30,2026-06-10T18:23:00+05:30,Marathahahlli (towarda Kalamandir),,,,,,"12.951675,77.699738",Stainless Steel Bus Shelter,Satisfactory – minor wear/dusty but usable,On the road edge / footpath edge – directly adjacent to traffic,0,1,0,,No,Yes,Yes,,3,At the bus stop – buses pull up to the shelter/marked stop Away from the bus stop – buses stop before or beyond the shelter/marked location,1,1,0,0,Perfect / Flush (Less than 30 cm): Passengers can step directly from the footpath onto the bus.,"Footpath available to reach the bus stop from both directions Footpath is walkable and free of encroachment like parking, vendors, utility boxes, garbage, etc",1,1,0,0,0,0,0,," Yes – fully accessible, no obstructions",No – area appears well-drained,Unable to assess (audit done only in daytime), No – overcrowded or high number of people standing on the road,Yes – roof is intact and effective,Yes – sufficient shade from the bus shelter,Unsure / Not observed,Yes – clear sightline to see the approaching buses,"Yes - the seating is of the right height, width, and depth to sit comfortably while waiting for the bus",Yes – name is prominently visible and legible,Yes – but information seems outdated or unreliable,Seating / bench,1,0,0,0,0,0,0,0,"Mixed Use - A mix of commercial/residential/office, etc",Yes – advertisements dominate; passenger information is secondary,Slightly redundant given that multiplex (prev stop) is not very far.,,1000330652-18_22_10.jpg,https://kf.kobotoolbox.org/api/v2/assets/am66CJhKEj8dCTL49UQSNG/data/776422134/attachments/attavD66yZxcPY9K9eCQpFmx/,,,,,,,776422134,7d59cef6-2fa1-4d4e-988b-c92ce1e1cbf3,2026-06-10T18:24:50+05:30,,,submitted_via_web,,vqT8ctFZqEKawERiL3APeV,,uuid:7d59cef6-2fa1-4d4e-988b-c92ce1e1cbf3,27,Bengaluru,Bengaluru,12.951675,77.699738,typed_coordinates,OK
2026-06-10T19:51:52.633000+05:30,2026-06-10T20:03:28.531000+05:30,2026-06-10T19:52:00+05:30,Bellandur Gate SJP Road (towards Kannahalli),12.918735 77.669848 821.2000122070312 14.85200023651123,12.918735,77.669848,821.2000122070312,14.85200023651123,,No Shelter and No Signboard,,On the road edge / footpath edge – directly adjacent to traffic,0,1,0,,Yes,No,No,No - It's obstructed due to encroachment ,,At the bus stop – buses pull up to the shelter/marked stop,1,0,0,0,One Step Out (30 cm to 1 meter): Passengers have to step down onto the road surface first to board.,Ramp for wheelchair users to access the bus stop None of the above,0,0,1,0,0,0,1,,"Partially encroached – e.g., vendors, parked two-wheelers, auto-rickshaws, construction material",No – area appears well-drained,"Somewhat safe – some concerns (e.g., poor visibility, isolated location)",,,No – exposed to full sun,"Yes – lit by nearby street lights, shop fronts, or advertisement boards",,,,,None of the Above,0,0,0,0,0,0,0,1,"Mostly commercial - Retail shops. restaurants, cafes, markets, etc",,Anyone who has never used the bus before would not know that this is a stop as there is no indication except for crowds of passengers waiting to board. There is also a very badly made ramp (assuming it is one) with gravel sticking out thus not sure how usable it is.,"Seating, shade, sign board",1000191868-20_0_1.jpg,https://kf.kobotoolbox.org/api/v2/assets/am66CJhKEj8dCTL49UQSNG/data/776570790/attachments/attnPLpnLH3EtZEfojvHewGA/,,,1000191869-20_1_46.jpg,https://kf.kobotoolbox.org/api/v2/assets/am66CJhKEj8dCTL49UQSNG/data/776570790/attachments/attRa5pEviWXtVxW5xLHPhQB/,,,776570790,bcb4cd19-7587-4443-9ee0-19904976784e,2026-06-10T20:03:32+05:30,,,submitted_via_web,,vNRRNU3SyFqnhy2xMWaa4o,,uuid:bcb4cd19-7587-4443-9ee0-19904976784e,28,Bengaluru,Bengaluru,12.918735,77.669848,device_gps,OK
2026-06-10T20:03:28.753000+05:30,2026-06-10T20:14:32.806000+05:30,2026-06-10T20:03:00+05:30,Bellandur Gate SJP Road (towards Agara)),12.918767 77.66911 821.5999755859375 21.93400001525879,12.918767,77.66911,821.5999755859375,21.93400001525879,,Stainless Steel Bus Shelter,Satisfactory – minor wear/dusty but usable,"Set back from the road – against a wall, compound, or building edge",1,0,0,,No,Yes,No,,3,At the bus stop – buses pull up to the shelter/marked stop,1,0,0,0,One Step Out (30 cm to 1 meter): Passengers have to step down onto the road surface first to board.,"Footpath is walkable and free of encroachment like parking, vendors, utility boxes, garbage, etc",0,1,0,0,0,0,0,," Yes – fully accessible, no obstructions",No – area appears well-drained,"Somewhat safe – some concerns (e.g., poor visibility, isolated location)",Yes – adequate space for passengers,Yes – roof is intact and effective,Yes – sufficient shade from the bus shelter,No – inadequate or no lighting at all,Yes – clear sightline to see the approaching buses,"Yes - the seating is of the right height, width, and depth to sit comfortably while waiting for the bus",No – name is missing,No information displayed at all,Seating / bench Sufficient seating for the number of people typically waiting,1,1,0,0,0,0,0,0,"Mostly Residential - Housing, Apartments, etc",Yes – advertisements dominate; passenger information is secondary,"Since the bus stop is on the service road lane, sometimes buses stop behind the divider on the next lane and there is never any indication as to where the buses will stop. Because of this passengers are forced to cross the roads during busy traffic and wait at the divider for the bus.","Better lighting, more information and sign boards, and prefer is buses actually come to the shelter",1000191870-20_14_20.jpg,https://kf.kobotoolbox.org/api/v2/assets/am66CJhKEj8dCTL49UQSNG/data/776587732/attachments/attESdZrddXvu6Go3sb92p8f/,1000191872-20_14_26.jpg,https://kf.kobotoolbox.org/api/v2/assets/am66CJhKEj8dCTL49UQSNG/data/776587732/attachments/attpvCXgahoHAdzX9BDtQ9Ha/,,,,,776587732,647cf7b3-bf87-490b-8361-fc60f2ece635,2026-06-10T20:14:37+05:30,,,submitted_via_web,,vNRRNU3SyFqnhy2xMWaa4o,,uuid:647cf7b3-bf87-490b-8361-fc60f2ece635,29,Bengaluru,Bengaluru,12.918767,77.66911,device_gps,OK
2026-06-11T06:55:27.320000+05:30,2026-06-11T06:59:07.948000+05:30,2026-06-11T06:55:00+05:30,Wipro Park,12.930009 77.633078 889.8748199390247 14.245954590573692,12.930009,77.633078,889.8748199390247,14.245954590573692,,No Shelter and No Signboard,,On the road edge / footpath edge – directly adjacent to traffic,0,1,0,,Yes,No,No,Yes - It's free of obstructions and feels safe to use,,At the bus stop – buses pull up to the shelter/marked stop Bus stop not clearly marked,1,0,1,0,One Step Out (30 cm to 1 meter): Passengers have to step down onto the road surface first to board.,"Footpath available to reach the bus stop from both directions Footpath is walkable and free of encroachment like parking, vendors, utility boxes, garbage, etc",1,1,0,0,0,0,0,," Yes – fully accessible, no obstructions",No – area appears well-drained,"Safe – well-lit, visible, and active surroundings",,,No – exposed to full sun,"Yes – lit by nearby street lights, shop fronts, or advertisement boards",,,,,None of the Above,0,0,0,0,0,0,0,1,"Mostly commercial - Retail shops. restaurants, cafes, markets, etc",,All Buses stops here but no stop defined,Bus shelter and signboard,IMG_7210-6_58_7.jpeg,https://kf.kobotoolbox.org/api/v2/assets/am66CJhKEj8dCTL49UQSNG/data/777046035/attachments/attvoUumswAvfhzNbeuv2kGZ/,image-6_58_18.jpg,https://kf.kobotoolbox.org/api/v2/assets/am66CJhKEj8dCTL49UQSNG/data/777046035/attachments/attdaxEmyqkxAxcmQ3gfStFk/,image-6_58_44.jpg,https://kf.kobotoolbox.org/api/v2/assets/am66CJhKEj8dCTL49UQSNG/data/777046035/attachments/att3FHGgQcuFZ4KWVhzR89Bm/,image-6_59_5.jpg,https://kf.kobotoolbox.org/api/v2/assets/am66CJhKEj8dCTL49UQSNG/data/777046035/attachments/attHW45CrubFzRu392KAZ4PC/,777046035,3cec9631-9d95-4546-a1e9-00054e51f051,2026-06-11T06:59:12+05:30,,,submitted_via_web,,vgnhzQ3qzWE9wJFncZQXj2,,uuid:3cec9631-9d95-4546-a1e9-00054e51f051,30,Bengaluru,Bengaluru,12.930009,77.633078,device_gps,OK
2026-06-11T06:59:08.014000+05:30,2026-06-11T07:09:48.689000+05:30,2026-06-11T07:07:00+05:30,Sony world (towards Hosur Road),12.937075 77.62689 886.9286510366946 14.245954583223961,12.937075,77.62689,886.9286510366946,14.245954583223961,,No Shelter and No Signboard,,On the road edge / footpath edge – directly adjacent to traffic,0,1,0,,No,No,No,,,At the bus stop – buses pull up to the shelter/marked stop Away from the bus stop – buses stop before or beyond the shelter/marked location Bus stop not clearly marked,1,1,1,0,One Step Out (30 cm to 1 meter): Passengers have to step down onto the road surface first to board.,Footpath available to reach the bus stop from both directions,1,0,0,0,0,0,0,," Yes – fully accessible, no obstructions",No – area appears well-drained,"Safe – well-lit, visible, and active surroundings",,,No – exposed to full sun,"Yes – lit by nearby street lights, shop fronts, or advertisement boards",,,,,None of the Above,0,0,0,0,0,0,0,1,"Mostly commercial - Retail shops. restaurants, cafes, markets, etc",,No bus stop. All buses stop here,Shelter + seating,image-7_9_41.jpg,https://kf.kobotoolbox.org/api/v2/assets/am66CJhKEj8dCTL49UQSNG/data/777050878/attachments/attE4eyY7RxgV82LS7mw6ZhY/,,,,,,,777050878,ce624923-5300-4837-aa25-ac2dc88883f6,2026-06-11T07:10:48+05:30,,,submitted_via_web,,vgnhzQ3qzWE9wJFncZQXj2,,uuid:ce624923-5300-4837-aa25-ac2dc88883f6,31,Bengaluru,Bengaluru,12.937075,77.62689,device_gps,OK
2026-06-11T07:09:48.727000+05:30,2026-06-11T07:13:31.371000+05:30,2026-06-11T07:11:00+05:30,Sony world (towards NGV),12.937854 77.626373 887.1612277692184 14.245954590575254,12.937854,77.626373,887.1612277692184,14.245954590575254,,No Shelter and No Signboard,,On the road edge / footpath edge – directly adjacent to traffic,0,1,0,,No,No,No,,,At the bus stop – buses pull up to the shelter/marked stop Bus stop not clearly marked,1,0,1,0,One Step Out (30 cm to 1 meter): Passengers have to step down onto the road surface first to board.,Footpath available to reach the bus stop from both directions,1,0,0,0,0,0,0,,"Partially encroached – e.g., vendors, parked two-wheelers, auto-rickshaws, construction material",No – area appears well-drained,"Safe – well-lit, visible, and active surroundings",,,Yes - sufficient shade from surrounding trees,"Yes – lit by nearby street lights, shop fronts, or advertisement boards",,,,,None of the Above,0,0,0,0,0,0,0,1,"Mostly commercial - Retail shops. restaurants, cafes, markets, etc",,No stop shelter seating,Stop shelter seating,image-7_11_2.jpg,https://kf.kobotoolbox.org/api/v2/assets/am66CJhKEj8dCTL49UQSNG/data/777053842/attachments/attB53P9GBYWWHFqN23ES8sm/,image-7_11_13.jpg,https://kf.kobotoolbox.org/api/v2/assets/am66CJhKEj8dCTL49UQSNG/data/777053842/attachments/att7fVTEKhfmwD3NVTNU2586/,image-7_13_10.jpg,https://kf.kobotoolbox.org/api/v2/assets/am66CJhKEj8dCTL49UQSNG/data/777053842/attachments/attjXB8cXEbSNMYDJTGQ37C6/,,,777053842,90e4fac4-4743-4fb2-ac8c-ca50a33a8fcc,2026-06-11T07:16:56+05:30,,,submitted_via_web,,vgnhzQ3qzWE9wJFncZQXj2,,uuid:90e4fac4-4743-4fb2-ac8c-ca50a33a8fcc,32,Bengaluru,Bengaluru,12.937854,77.626373,device_gps,OK
2026-06-11T07:13:31.429000+05:30,2026-06-11T07:21:07.524000+05:30,2026-06-11T07:17:00+05:30,BGS-0012 near commercial tax dept 80ft road,12.940817 77.624699 885.8008553003892 14.245954705362562,12.940817,77.624699,885.8008553003892,14.245954705362562,,Stainless Steel Bus Shelter,Satisfactory – minor wear/dusty but usable,On the road edge / footpath edge – directly adjacent to traffic,0,1,0,,Yes,Yes,Yes,Yes - It's free of obstructions and feels safe to use,2,At the bus stop – buses pull up to the shelter/marked stop,1,0,0,0,Perfect / Flush (Less than 30 cm): Passengers can step directly from the footpath onto the bus.,"Footpath available to reach the bus stop from both directions Footpath is walkable and free of encroachment like parking, vendors, utility boxes, garbage, etc",1,1,0,0,0,0,0,," Yes – fully accessible, no obstructions",No – area appears well-drained,"Safe – well-lit, visible, and active surroundings",Yes – adequate space for passengers,Yes – roof is intact and effective,Yes – sufficient shade from the bus shelter,"Yes – lit by nearby street lights, shop fronts, or advertisement boards",Yes – clear sightline to see the approaching buses,"Yes - the seating is of the right height, width, and depth to sit comfortably while waiting for the bus",No – name is missing,No information displayed at all,Seating / bench Sufficient seating for the number of people typically waiting,1,1,0,0,0,0,0,0,"Mostly commercial - Office buildings, malls, large stores, etc",Yes – advertisements dominate; passenger information is secondary,,,image-7_20_44.jpg,https://kf.kobotoolbox.org/api/v2/assets/am66CJhKEj8dCTL49UQSNG/data/777055095/attachments/attdFgeioPfG8fuzidSjpfSU/,image-7_21_2.jpg,https://kf.kobotoolbox.org/api/v2/assets/am66CJhKEj8dCTL49UQSNG/data/777055095/attachments/attnDZAgdjgGRd3toKLsXF2g/,,,,,777055095,8272f7c4-f83f-4666-b89b-80ebf83aa685,2026-06-11T07:21:15+05:30,,,submitted_via_web,,vgnhzQ3qzWE9wJFncZQXj2,,uuid:8272f7c4-f83f-4666-b89b-80ebf83aa685,33,Bengaluru,Bengaluru,12.940817,77.624699,device_gps,OK
2026-06-11T07:21:07.558000+05:30,2026-06-11T07:25:47.364000+05:30,2026-06-11T07:22:00+05:30,Koramangala Depot,12.940985 77.624316 887.5155640235171 14.24595458703374,12.940985,77.624316,887.5155640235171,14.24595458703374,,Stainless Steel Bus Shelter, Clean and Well Maintained,On the road edge / footpath edge – directly adjacent to traffic,0,1,0,,Yes,No,No,No - It's obstructed due to encroachment ,1 - this is a standalone shelter ,At the bus stop – buses pull up to the shelter/marked stop Away from the bus stop – buses stop before or beyond the shelter/marked location,1,1,0,0,One Step Out (30 cm to 1 meter): Passengers have to step down onto the road surface first to board.,"Footpath available to reach the bus stop from both directions Footpath is walkable and free of encroachment like parking, vendors, utility boxes, garbage, etc",1,1,0,0,0,0,0,,"Partially encroached – e.g., vendors, parked two-wheelers, auto-rickshaws, construction material",No – area appears well-drained,"Safe – well-lit, visible, and active surroundings", No – overcrowded or high number of people standing on the road,Yes – roof is intact and effective,Yes - from both bus shelter AND trees,"Yes – lit by nearby street lights, shop fronts, or advertisement boards",Yes – clear sightline to see the approaching buses,"Yes - the seating is of the right height, width, and depth to sit comfortably while waiting for the bus","Yes – but faded, small, or difficult to read",No information displayed at all,Seating / bench,1,0,0,0,0,0,0,0,"Mostly commercial - Retail shops. restaurants, cafes, markets, etc",Yes – advertisements dominate; passenger information is secondary,,,IMG_7211-7_25_7.jpeg,https://kf.kobotoolbox.org/api/v2/assets/am66CJhKEj8dCTL49UQSNG/data/777056696/attachments/attAFYcxKVsKvBpt5LDAUd4R/,image-7_25_20.jpg,https://kf.kobotoolbox.org/api/v2/assets/am66CJhKEj8dCTL49UQSNG/data/777056696/attachments/attvSgPPex4665mcUpUXjkNb/,image-7_25_44.jpg,https://kf.kobotoolbox.org/api/v2/assets/am66CJhKEj8dCTL49UQSNG/data/777056696/attachments/attCScNMuDBzxsKef5Rt4F6H/,,,777056696,049ede1e-92eb-48e3-9830-e515f8d3621a,2026-06-11T07:27:04+05:30,,,submitted_via_web,,vgnhzQ3qzWE9wJFncZQXj2,,uuid:049ede1e-92eb-48e3-9830-e515f8d3621a,34,Bengaluru,Bengaluru,12.940985,77.624316,device_gps,OK
2026-06-11T07:25:47.422000+05:30,2026-06-11T07:30:07.988000+05:30,2026-06-11T07:27:00+05:30,Koramangala National Games Village (indoor stadium) towards Sony world signal,12.942118 77.623136 887.3575195312499 13.506219111183732,12.942118,77.623136,887.3575195312499,13.506219111183732,,Stainless Steel Bus Shelter, Clean and Well Maintained,"Set back from the road – against a wall, compound, or building edge On the road edge / footpath edge – directly adjacent to traffic",1,1,0,,No,Yes,No,,1 - this is a standalone shelter ,At the bus stop – buses pull up to the shelter/marked stop,1,0,0,0,One Step Out (30 cm to 1 meter): Passengers have to step down onto the road surface first to board.,Footpath available to reach the bus stop from both directions,1,0,0,0,0,0,0,," Yes – fully accessible, no obstructions",No – area appears well-drained,"Somewhat safe – some concerns (e.g., poor visibility, isolated location)",Yes – adequate space for passengers,Yes – roof is intact and effective,Yes - from both bus shelter AND trees,"Yes – lit by nearby street lights, shop fronts, or advertisement boards",Yes – clear sightline to see the approaching buses,"Yes - the seating is of the right height, width, and depth to sit comfortably while waiting for the bus",Yes – name is prominently visible and legible,No information displayed at all,Seating / bench Sufficient seating for the number of people typically waiting,1,1,0,0,0,0,0,0,"Mostly commercial - Retail shops. restaurants, cafes, markets, etc",Yes – advertisements dominate; passenger information is secondary,,,image-7_29_26.jpg,https://kf.kobotoolbox.org/api/v2/assets/am66CJhKEj8dCTL49UQSNG/data/777058015/attachments/attikmoTYy8g7nkJq6dKHb62/,image-7_29_36.jpg,https://kf.kobotoolbox.org/api/v2/assets/am66CJhKEj8dCTL49UQSNG/data/777058015/attachments/attQcH2wt95bVMCXvMDG6ju2/,image-7_30_3.jpg,https://kf.kobotoolbox.org/api/v2/assets/am66CJhKEj8dCTL49UQSNG/data/777058015/attachments/attQpXfWkBisqXD3uwCKfgtr/,,,777058015,a05653da-17ff-4919-bf60-5a600e26553f,2026-06-11T07:30:11+05:30,,,submitted_via_web,,vgnhzQ3qzWE9wJFncZQXj2,,uuid:a05653da-17ff-4919-bf60-5a600e26553f,35,Bengaluru,Bengaluru,12.942118,77.623136,device_gps,OK
2026-06-11T07:30:08.053000+05:30,2026-06-11T07:34:23.364000+05:30,2026-06-11T07:31:00+05:30,Koramangala Police Station,12.941658 77.6217 891.7511503845453 14.245954590575272,12.941658,77.6217,891.7511503845453,14.245954590575272,,Stainless Steel Bus Shelter, Clean and Well Maintained,On the road edge / footpath edge – directly adjacent to traffic,0,1,0,,No,No,No,,1 - this is a standalone shelter ,At the bus stop – buses pull up to the shelter/marked stop,1,0,0,0,One Step Out (30 cm to 1 meter): Passengers have to step down onto the road surface first to board.,"Footpath available to reach the bus stop from both directions Footpath is walkable and free of encroachment like parking, vendors, utility boxes, garbage, etc",1,1,0,0,0,0,0,,"Partially encroached – e.g., vendors, parked two-wheelers, auto-rickshaws, construction material",No – area appears well-drained,"Safe – well-lit, visible, and active surroundings", No – overcrowded or high number of people standing on the road,Yes – roof is intact and effective,Yes - from both bus shelter AND trees,"Yes – lit by nearby street lights, shop fronts, or advertisement boards",Yes – clear sightline to see the approaching buses,"Yes - the seating is of the right height, width, and depth to sit comfortably while waiting for the bus",Yes – name is prominently visible and legible,Yes – route list is prominently displayed and appears current,Seating / bench,1,0,0,0,0,0,0,0,"Mostly commercial - Office buildings, malls, large stores, etc",Yes – advertisements dominate; passenger information is secondary,,,IMG_7212-7_34_1.jpeg,https://kf.kobotoolbox.org/api/v2/assets/am66CJhKEj8dCTL49UQSNG/data/777060438/attachments/att7EZ2nASXBVLnC3y2ZwjGi/,image-7_34_9.jpg,https://kf.kobotoolbox.org/api/v2/assets/am66CJhKEj8dCTL49UQSNG/data/777060438/attachments/attjXV2F6UpHimbZVGm4rNtr/,image-7_34_21.jpg,https://kf.kobotoolbox.org/api/v2/assets/am66CJhKEj8dCTL49UQSNG/data/777060438/attachments/attp3NfkYWVq42f5inLyFa3C/,,,777060438,d27ab3fa-9134-478b-9635-1dc12b3cf959,2026-06-11T07:34:28+05:30,,,submitted_via_web,,vgnhzQ3qzWE9wJFncZQXj2,,uuid:d27ab3fa-9134-478b-9635-1dc12b3cf959,36,Bengaluru,Bengaluru,12.941658,77.6217,device_gps,OK
2026-06-11T07:18:58.557000+05:30,2026-06-11T07:35:10.418000+05:30,2026-06-11T07:19:00+05:30,ಕೆನರಾ ಬ್ಯಾಂಕ್ ಬೇಗೂರು,12.8851179 77.6252136 821.8999633789062 30.354000091552734,12.8851179,77.6252136,821.8999633789062,30.354000091552734,,No Shelter and No Signboard,,On the road edge / footpath edge – directly adjacent to traffic,0,1,0,,Yes,No,No,No - It's obstructed due to encroachment ,,Bus stop not clearly marked,0,0,1,0,One Step Out (30 cm to 1 meter): Passengers have to step down onto the road surface first to board.,Footpath available to reach the bus stop from both directions,1,0,0,0,0,0,0,,"Partially encroached – e.g., vendors, parked two-wheelers, auto-rickshaws, construction material",No – area appears well-drained,"Safe – well-lit, visible, and active surroundings",,,No – exposed to full sun,Partially – some light but insufficient,,,,,None of the Above,0,0,0,0,0,0,0,1,"Mostly Residential - Housing, Apartments, etc",,"There is an age old bus shelter only towards Bommanahalli at this bus stop, with no seating as such and only a cement bar to maybe rest your lower body against. But it should be noted that this shelter is not in use from more than a decade and the buses stop about 10 meters short of the shelter where people are accustomed to boarding the bus from there. The shelter stands there only for iconic purpose and serves no real use. The shelter in itself is only about 3 meters long and barely one meter wide, letting only about 4-5 people stand under it at one time. Since many years now, both the buses and the public has shifted to the stop that is 10 meters short of the shelter, where there is no signage, no shelter and no amenities whatsoever.",A functional bus shelter,56ce7a2f-9da0-4761-8522-f9ba8546bf89-1_all_10877-7_32_13.jpg,https://kf.kobotoolbox.org/api/v2/assets/am66CJhKEj8dCTL49UQSNG/data/777060922/attachments/attP6v5sWJyYNqkfPAhkxfcd/,56ce7a2f-9da0-4761-8522-f9ba8546bf89-1_all_14436-7_32_51.jpg,https://kf.kobotoolbox.org/api/v2/assets/am66CJhKEj8dCTL49UQSNG/data/777060922/attachments/attkGd5gMVppzscyCXL8o46e/,1000174161-7_35_5.jpg,https://kf.kobotoolbox.org/api/v2/assets/am66CJhKEj8dCTL49UQSNG/data/777060922/attachments/att9u9kpGp42qsFMZS2mBRgm/,,,777060922,caa7bda1-651f-4325-8e38-6cc5d33429b8,2026-06-11T07:35:14+05:30,,,submitted_via_web,,vNRRNU3SyFqnhy2xMWaa4o,,uuid:caa7bda1-651f-4325-8e38-6cc5d33429b8,37,Bengaluru,Bengaluru,12.8851179,77.6252136,device_gps,OK
2026-06-11T07:34:23.421000+05:30,2026-06-11T07:48:23.912000+05:30,2026-06-11T07:44:00+05:30,Koramangala Canara Bank (towards Sony Signal),12.932368 77.622758 900.5630680732429 14.24595459057527,12.932368,77.622758,900.5630680732429,14.24595459057527,,Stainless Steel Bus Shelter,Satisfactory – minor wear/dusty but usable,"Set back from the road – against a wall, compound, or building edge",1,0,0,,Yes,Yes,Yes,Yes - It's free of obstructions and feels safe to use,3,At the bus stop – buses pull up to the shelter/marked stop,1,0,0,0,One Step Out (30 cm to 1 meter): Passengers have to step down onto the road surface first to board.,Footpath available to reach the bus stop from both directions,1,0,0,0,0,0,0,,"Partially encroached – e.g., vendors, parked two-wheelers, auto-rickshaws, construction material",No – area appears well-drained,"Somewhat safe – some concerns (e.g., poor visibility, isolated location)",Yes – adequate space for passengers,Yes – roof is intact and effective,Yes - from both bus shelter AND trees,"Yes – lit by nearby street lights, shop fronts, or advertisement boards",Yes – clear sightline to see the approaching buses,"Yes - the seating is of the right height, width, and depth to sit comfortably while waiting for the bus",Yes – name is prominently visible and legible,Yes – route list is prominently displayed and appears current,Seating / bench Sufficient seating for the number of people typically waiting,1,1,0,0,0,0,0,0,"Mostly commercial - Retail shops. restaurants, cafes, markets, etc",Yes – advertisements dominate; passenger information is secondary,,,IMG_7214-7_47_31.jpeg,https://kf.kobotoolbox.org/api/v2/assets/am66CJhKEj8dCTL49UQSNG/data/777065884/attachments/attf7nj2ixupUbATCfcuNqxJ/,IMG_7213-7_47_43.jpeg,https://kf.kobotoolbox.org/api/v2/assets/am66CJhKEj8dCTL49UQSNG/data/777065884/attachments/att2AiJQQFytdWLMr93fDDEG/,IMG_7215-7_47_49.jpeg,https://kf.kobotoolbox.org/api/v2/assets/am66CJhKEj8dCTL49UQSNG/data/777065884/attachments/attVJMjCk8FEigbrrAQtbKeC/,image-7_48_19.jpg,https://kf.kobotoolbox.org/api/v2/assets/am66CJhKEj8dCTL49UQSNG/data/777065884/attachments/attMJGnjZKUmAXdoE5TwwRoK/,777065884,bdb2e85b-2c9c-432f-b3d1-fa95fe3a8d07,2026-06-11T07:48:35+05:30,,,submitted_via_web,,vgnhzQ3qzWE9wJFncZQXj2,,uuid:bdb2e85b-2c9c-432f-b3d1-fa95fe3a8d07,38,Bengaluru,Bengaluru,12.932368,77.622758,device_gps,OK
2026-06-11T07:48:23.967000+05:30,2026-06-11T08:01:08.179000+05:30,2026-06-11T07:59:00+05:30,Koramangla BDA complex,12.931273 77.622592 899.9064770620316 14.245954591326726,12.931273,77.622592,899.9064770620316,14.245954591326726,,Stainless Steel Bus Shelter,Satisfactory – minor wear/dusty but usable,"Set back from the road – against a wall, compound, or building edge",1,0,0,,No,Yes,Yes,,1 - this is a standalone shelter ,At the bus stop – buses pull up to the shelter/marked stop,1,0,0,0,One Step Out (30 cm to 1 meter): Passengers have to step down onto the road surface first to board.,"Footpath available to reach the bus stop from both directions Footpath is walkable and free of encroachment like parking, vendors, utility boxes, garbage, etc",1,1,0,0,0,0,0,," Yes – fully accessible, no obstructions",No – area appears well-drained,"Somewhat safe – some concerns (e.g., poor visibility, isolated location)",Yes – adequate space for passengers,Yes – roof is intact and effective,Yes - from both bus shelter AND trees,"Yes – lit by nearby street lights, shop fronts, or advertisement boards",Yes – clear sightline to see the approaching buses,"Yes - the seating is of the right height, width, and depth to sit comfortably while waiting for the bus",Yes – name is prominently visible and legible,"Yes – but information is unclear, faded, or partially missing",Seating / bench Sufficient seating for the number of people typically waiting,1,1,0,0,0,0,0,0,"Mostly commercial - Retail shops. restaurants, cafes, markets, etc",Yes – advertisements dominate; passenger information is secondary,,,IMG_7216-8_0_56.jpeg,https://kf.kobotoolbox.org/api/v2/assets/am66CJhKEj8dCTL49UQSNG/data/777070237/attachments/attgVogUUTzwd2SLqkFpT9YN/,IMG_7217-8_1_5.jpeg,https://kf.kobotoolbox.org/api/v2/assets/am66CJhKEj8dCTL49UQSNG/data/777070237/attachments/atth2MHraHZnff34w78fEYJs/,,,,,777070237,7584e354-77b3-4201-b9d9-2cf3c58d3687,2026-06-11T08:01:47+05:30,,,submitted_via_web,,vgnhzQ3qzWE9wJFncZQXj2,,uuid:7584e354-77b3-4201-b9d9-2cf3c58d3687,39,Bengaluru,Bengaluru,12.931273,77.622592,device_gps,OK
2026-06-11T17:58:29.243000+05:30,2026-06-11T18:05:03.928000+05:30,2026-06-11T17:58:00+05:30,Marathahalli (Multiplex) (towards Kadubeesinahalli),12.949554 77.699643 803.2999877929688 11.538999557495117,12.949554,77.699643,803.2999877929688,11.538999557495117,,Stainless Steel Bus Shelter,Satisfactory – minor wear/dusty but usable,On the road edge / footpath edge – directly adjacent to traffic,0,1,0,,No,No,No,,4+,Away from the bus stop – buses stop before or beyond the shelter/marked location,0,1,0,0,Perfect / Flush (Less than 30 cm): Passengers can step directly from the footpath onto the bus.,Footpath available to reach the bus stop from both directions Pedestrian crossing at/close to the bus stop to cross the road?,1,0,0,0,0,1,0,," Yes – fully accessible, no obstructions",Unsure,Unable to assess (audit done only in daytime), No – overcrowded or high number of people standing on the road,Yes – roof is intact and effective,Yes – sufficient shade from the bus shelter,Unsure / Not observed,Yes – clear sightline to see the approaching buses,No - the seating is too high ,No – name is missing,No information displayed at all,Seating / bench,1,0,0,0,0,0,0,0,"Mixed Use - A mix of commercial/residential/office, etc",Yes – advertisements dominate; passenger information is secondary,"High # of people wait here during the day, to the point where buses have to stop before the next stop to issue tickets for everyone.  (high traffic so couldnt take front pic)",,1000331036-18_4_42.jpg,https://kf.kobotoolbox.org/api/v2/assets/am66CJhKEj8dCTL49UQSNG/data/777635206/attachments/attduH3XJvoeXZQS2TWdAWmu/,,,,,,,777635206,cf5a95ce-c6c1-497a-98e7-ffc650c4e2db,2026-06-11T18:05:06+05:30,,,submitted_via_web,,vNRRNU3SyFqnhy2xMWaa4o,,uuid:cf5a95ce-c6c1-497a-98e7-ffc650c4e2db,40,Bengaluru,Bengaluru,12.949554,77.699643,device_gps,OK
2026-06-10T20:14:32.974000+05:30,2026-06-11T18:21:13.764000+05:30,2026-06-11T18:17:00+05:30,Mayohall,12.973094 77.61083 0 100,12.973094,77.61083,0,100,,No Shelter and No Signboard,,On the road edge / footpath edge – directly adjacent to traffic,0,1,0,,No,No,No,,,Bus stop not clearly marked,0,0,1,0,"Way Out in the Road (More than 1 meter): The bus stops far from the footpath, blocking a lane of traffic, forcing people to walk across active traffic to board the bus",None of the above,0,0,0,0,0,0,1,," Yes – fully accessible, no obstructions",No – area appears well-drained,"Somewhat safe – some concerns (e.g., poor visibility, isolated location)",,,Yes - sufficient shade from surrounding trees,Partially – some light but insufficient,,,,,None of the Above,0,0,0,0,0,0,0,1,"Mostly commercial - Office buildings, malls, large stores, etc",,The stop is not marked accurately on Google maps which made it difficult for me to find the first time. There is no sign board or any indication anywhere unless one sees a bus parked here.,"Shelter, sign board",1000192144-18_20_58.jpg,https://kf.kobotoolbox.org/api/v2/assets/am66CJhKEj8dCTL49UQSNG/data/777655604/attachments/attnzoRkh2YxBuG8mRdFhEW5/,,,,,,,777655604,cadbab75-9a58-4ee8-98b9-6d0f7552d2d7,2026-06-11T18:21:19+05:30,,,submitted_via_web,,vNRRNU3SyFqnhy2xMWaa4o,,uuid:cadbab75-9a58-4ee8-98b9-6d0f7552d2d7,41,Bengaluru,Bengaluru,12.973094,77.61083,device_gps,OK
2026-06-11T18:05:04.110000+05:30,2026-06-11T18:28:05.718000+05:30,2026-06-11T18:26:00+05:30,Marathahalli Bridge (towards Multiplex),12.956948 77.701393 821.8999633789062 22.229999542236328,12.956948,77.701393,821.8999633789062,22.229999542236328,,No Shelter and No Signboard,,On the road edge / footpath edge – directly adjacent to traffic,0,1,0,,No,No,Yes,,,At the bus stop – buses pull up to the shelter/marked stop Away from the bus stop – buses stop before or beyond the shelter/marked location,1,1,0,0,One Step Out (30 cm to 1 meter): Passengers have to step down onto the road surface first to board.,Footpath available to reach the bus stop from both directions Pedestrian crossing at/close to the bus stop to cross the road?,1,0,0,0,0,1,0,,"Partially encroached – e.g., vendors, parked two-wheelers, auto-rickshaws, construction material",No – area appears well-drained,"Somewhat safe – some concerns (e.g., poor visibility, isolated location)",,,No – exposed to full sun,No – inadequate or no lighting at all,,,,,None of the Above,0,0,0,0,0,0,0,1,"Mostly commercial - Retail shops. restaurants, cafes, markets, etc",,"Interchange stop so high crowd, particularly during peak hours",An actual shelter,1000331040-18_28_3.jpg,https://kf.kobotoolbox.org/api/v2/assets/am66CJhKEj8dCTL49UQSNG/data/777664752/attachments/attryhLyvV7xiLz3GNP3ZfM3/,,,,,,,777664752,61800054-c075-4b98-91cf-bb879b1217ca,2026-06-11T18:28:08+05:30,,,submitted_via_web,,vNRRNU3SyFqnhy2xMWaa4o,,uuid:61800054-c075-4b98-91cf-bb879b1217ca,42,Bengaluru,Bengaluru,12.956948,77.701393,device_gps,OK
2026-06-11T18:28:05.901000+05:30,2026-06-11T18:55:03.132000+05:30,2026-06-11T18:36:00+05:30,Marathahalli Bridhe (towards Kundalahalli Gate),12.956702 77.702478 821.7000122070312 19.423999786376953,12.956702,77.702478,821.7000122070312,19.423999786376953,,Stainless Steel Bus Shelter,Satisfactory – minor wear/dusty but usable,On the road edge / footpath edge – directly adjacent to traffic,0,1,0,,Yes,No,Yes,Yes - It's free of obstructions and feels safe to use,1 - this is a standalone shelter ,At the bus stop – buses pull up to the shelter/marked stop Away from the bus stop – buses stop before or beyond the shelter/marked location,1,1,0,0,"Way Out in the Road (More than 1 meter): The bus stops far from the footpath, blocking a lane of traffic, forcing people to walk across active traffic to board the bus",Footpath available to reach the bus stop from both directions Pedestrian crossing at/close to the bus stop to cross the road?,1,0,0,0,0,1,0,,"Partially encroached – e.g., vendors, parked two-wheelers, auto-rickshaws, construction material",Unsure,"Somewhat safe – some concerns (e.g., poor visibility, isolated location)", No – overcrowded or high number of people standing on the road,Yes – roof is intact and effective,No – exposed to full sun,Unsure / Not observed,Yes – clear sightline to see the approaching buses,"Yes - the seating is of the right height, width, and depth to sit comfortably while waiting for the bus",Yes – name is prominently visible and legible,"Yes – but information is unclear, faded, or partially missing",Seating / bench CCTV camera,1,0,0,0,0,1,0,0,"Mostly commercial - Retail shops. restaurants, cafes, markets, etc",Yes – advertisements dominate; passenger information is secondary,"High foot traffic, not enough soace tonstanf.lm🤩🙂🥲🥰🤣",More bus shelters,1000331043-18_54_59.jpg,https://kf.kobotoolbox.org/api/v2/assets/am66CJhKEj8dCTL49UQSNG/data/777700975/attachments/attvpWFU6ArSrLqP9dkAj5QB/,,,,,,,777700975,7efe89fa-5434-4e5e-98f7-fdded1eb6573,2026-06-11T18:55:05+05:30,,,submitted_via_web,,vNRRNU3SyFqnhy2xMWaa4o,,uuid:7efe89fa-5434-4e5e-98f7-fdded1eb6573,43,Bengaluru,Bengaluru,12.956702,77.702478,device_gps,OK
2026-06-11T18:55:03.303000+05:30,2026-06-11T18:57:43.229000+05:30,2026-06-11T18:55:00+05:30,Spice Garden (towards Kundalahalli),12.956539 77.708818 805.7000122070312 16.38800048828125,12.956539,77.708818,805.7000122070312,16.38800048828125,,Stainless Steel Bus Shelter, Clean and Well Maintained,On the road edge / footpath edge – directly adjacent to traffic,0,1,0,,No,Yes,Yes,,1 - this is a standalone shelter ,At the bus stop – buses pull up to the shelter/marked stop Away from the bus stop – buses stop before or beyond the shelter/marked location,1,1,0,0,"Way Out in the Road (More than 1 meter): The bus stops far from the footpath, blocking a lane of traffic, forcing people to walk across active traffic to board the bus",Pedestrian crossing at/close to the bus stop to cross the road?,0,0,0,0,0,1,0,,"Partially encroached – e.g., vendors, parked two-wheelers, auto-rickshaws, construction material",Unsure,"Unsafe – poorly lit, isolated, or has a history of feeling threatening",Yes – adequate space for passengers,Yes – roof is intact and effective,Yes – sufficient shade from the bus shelter,No – inadequate or no lighting at all,"No – sightline is blocked (by structure, advertisement boards, trees, or parked vehicles)","Yes - the seating is of the right height, width, and depth to sit comfortably while waiting for the bus",No – name is missing,No information displayed at all,Seating / bench Sufficient seating for the number of people typically waiting,1,1,0,0,0,0,0,0,"Mostly Residential - Housing, Apartments, etc",Yes – advertisements dominate; passenger information is secondary,,"Digital information boards, lighting",1000331044-18_57_38.jpg,https://kf.kobotoolbox.org/api/v2/assets/am66CJhKEj8dCTL49UQSNG/data/777705021/attachments/attjmW8Fi2P9Q7dy3EFrNbRD/,,,,,,,777705021,55586741-87c3-44cb-bcbf-c8d6a18635e0,2026-06-11T18:57:45+05:30,,,submitted_via_web,,vNRRNU3SyFqnhy2xMWaa4o,,uuid:55586741-87c3-44cb-bcbf-c8d6a18635e0,44,Bengaluru,Bengaluru,12.956539,77.708818,device_gps,OK
2026-06-11T18:57:43.376000+05:30,2026-06-11T19:18:17.780000+05:30,2026-06-11T19:15:00+05:30,Kundalahalli (towards AECS Layout),12.958258 77.715663 818.5999755859375 14.895000457763672,12.958258,77.715663,818.5999755859375,14.895000457763672,,Stainless Steel Bus Shelter, Clean and Well Maintained,On the road edge / footpath edge – directly adjacent to traffic,0,1,0,,Yes,Yes,Yes,Yes - It's free of obstructions and feels safe to use,1 - this is a standalone shelter ,At the bus stop – buses pull up to the shelter/marked stop,1,0,0,0,"Way Out in the Road (More than 1 meter): The bus stops far from the footpath, blocking a lane of traffic, forcing people to walk across active traffic to board the bus","Footpath available to reach the bus stop from both directions Footpath is walkable and free of encroachment like parking, vendors, utility boxes, garbage, etc Pedestrian crossing at/close to the bus stop to cross the road?",1,1,0,0,0,1,0,," Yes – fully accessible, no obstructions","Yes – signs of standing water, algae, or drainage issues visible","Somewhat safe – some concerns (e.g., poor visibility, isolated location)",Yes – adequate space for passengers,Yes – roof is intact and effective,Yes – sufficient shade from the bus shelter,Partially – some light but insufficient,Yes – clear sightline to see the approaching buses,"Yes - the seating is of the right height, width, and depth to sit comfortably while waiting for the bus",No – name is missing,No information displayed at all,Seating / bench Sufficient seating for the number of people typically waiting,1,1,0,0,0,0,0,0,"Mixed Use - A mix of commercial/residential/office, etc",Yes – advertisements dominate; passenger information is secondary,,,1000331050-19_18_8.jpg,https://kf.kobotoolbox.org/api/v2/assets/am66CJhKEj8dCTL49UQSNG/data/777735504/attachments/attkpQTZg99uu72wjASAMou8/,,,,,,,777735504,35e6d3ce-df26-4485-9cc3-1c8730e57a2e,2026-06-11T19:18:22+05:30,,,submitted_via_web,,vNRRNU3SyFqnhy2xMWaa4o,,uuid:35e6d3ce-df26-4485-9cc3-1c8730e57a2e,45,Bengaluru,Bengaluru,12.958258,77.715663,device_gps,OK
2026-06-11T19:18:17.965000+05:30,2026-06-11T19:31:48.936000+05:30,2026-06-11T19:29:00+05:30,BEML Layout,12.960943 77.716481 819.2000122070312 19.464000701904297,12.960943,77.716481,819.2000122070312,19.464000701904297,,Stainless Steel Bus Shelter,Unclean/Poorly Maintained,"Set back from the road – against a wall, compound, or building edge",1,0,0,,No,No,Yes,,2,At the bus stop – buses pull up to the shelter/marked stop,1,0,0,0,One Step Out (30 cm to 1 meter): Passengers have to step down onto the road surface first to board.,None of the above,0,0,0,0,0,0,1,,"Partially encroached – e.g., vendors, parked two-wheelers, auto-rickshaws, construction material",No – area appears well-drained,"Somewhat safe – some concerns (e.g., poor visibility, isolated location)",Yes – adequate space for passengers,Yes – roof is intact and effective,Yes – sufficient shade from the bus shelter,Partially – some light but insufficient,"No – sightline is blocked (by structure, advertisement boards, trees, or parked vehicles)","Yes - the seating is of the right height, width, and depth to sit comfortably while waiting for the bus","Yes – but faded, small, or difficult to read","Yes – but information is unclear, faded, or partially missing",Seating / bench,1,0,0,0,0,0,0,0,"Mostly Residential - Housing, Apartments, etc",Yes – advertisements dominate; passenger information is secondary,,Better footpaths around here,1000331051-19_31_34.jpg,https://kf.kobotoolbox.org/api/v2/assets/am66CJhKEj8dCTL49UQSNG/data/777755413/attachments/attdX2Xy8M6qvqqeUxZqvJQS/,,,,,,,777755413,f3e492da-0f65-4141-9c80-83e199d40d60,2026-06-11T19:32:00+05:30,,,submitted_via_web,,vNRRNU3SyFqnhy2xMWaa4o,,uuid:f3e492da-0f65-4141-9c80-83e199d40d60,46,Bengaluru,Bengaluru,12.960943,77.716481,device_gps,OK
2026-06-12T14:52:41.347000+05:30,2026-06-12T15:11:44.163000+05:30,2026-06-12T14:53:00+05:30,No signboard/ no name. Commonly - Dinnur Rd Ganesha Temple Bus stop,13.0242 77.599049 0 0,13.0242,77.599049,0,0,,No Shelter and No Signboard,,The road/footpath is too narrow ,0,0,1,,No,No,No,,,At the bus stop – buses pull up to the shelter/marked stop,1,0,0,0,One Step Out (30 cm to 1 meter): Passengers have to step down onto the road surface first to board.,Footpath available to reach the bus stop from both directions,1,0,0,0,0,0,0,,"Partially encroached – e.g., vendors, parked two-wheelers, auto-rickshaws, construction material","Yes – signs of standing water, algae, or drainage issues visible","Somewhat safe – some concerns (e.g., poor visibility, isolated location)",,,Partial – some shade but insufficient,"Yes – lit by nearby street lights, shop fronts, or advertisement boards",,,,,None of the Above,0,0,0,0,0,0,0,1,"Mixed Use - A mix of commercial/residential/office, etc",,No bus stop sign board. Only shop reference. Regular commuter know bus stop. Difficult for occasional/ tourists to spot,"Good Sturdy BusStop signboard. With bus numbers mention to match google map bus routes, can Plan to shift bus stop to another available wider encroachment free footpath. Check sensing local footpath suggestion. In pic shops are closed. But when open all footpath gets encroached- beddings, puncture/ cycle repair shop etc.. No protection from heavy rains. Also building structures behind are dangerous.",1000496916-15_7_56.jpg,https://kf.kobotoolbox.org/api/v2/assets/am66CJhKEj8dCTL49UQSNG/data/778545417/attachments/attswvJtLVmCkAYWXutyXiPq/,,,,,,,778545417,3cb2acdc-5ace-4be0-a46e-da42291f0f3b,2026-06-12T15:11:48+05:30,,,submitted_via_web,,vNRRNU3SyFqnhy2xMWaa4o,,uuid:3cb2acdc-5ace-4be0-a46e-da42291f0f3b,47,Bengaluru,Bengaluru,13.0242,77.599049,device_gps,OK
2026-06-12T15:11:44.302000+05:30,2026-06-12T15:21:12.694000+05:30,2026-06-12T15:12:00+05:30,None. Common- DinnurRd Ganesha Temple BS ( towards sultanpalya),13.024256 77.598239 0 0,13.024256,77.598239,0,0,,"Only ""Bus Stop"" Signboard - No Bus Shelter",,On the road edge / footpath edge – directly adjacent to traffic,0,1,0,,Yes,No,Yes,No - It's obstructed due to encroachment ,,At the bus stop – buses pull up to the shelter/marked stop,1,0,0,0,"Way Out in the Road (More than 1 meter): The bus stops far from the footpath, blocking a lane of traffic, forcing people to walk across active traffic to board the bus",Footpath available to reach the bus stop from both directions,1,0,0,0,0,0,0,,"Partially encroached – e.g., vendors, parked two-wheelers, auto-rickshaws, construction material","Yes – signs of standing water, algae, or drainage issues visible","Safe – well-lit, visible, and active surroundings",,,No – exposed to full sun,"Yes – lit by nearby street lights, shop fronts, or advertisement boards",,,No – name is missing,No information displayed at all,None of the Above,0,0,0,0,0,0,0,1,"Mixed Use - A mix of commercial/residential/office, etc",,There is space on footpath to make proper shelter. Shops may object,Proper bus shelter. With stop name and bus numbers mentioned. Better footpaths on either side to be made,1000496846-15_20_50.jpg,https://kf.kobotoolbox.org/api/v2/assets/am66CJhKEj8dCTL49UQSNG/data/778555307/attachments/attA6D3Tzs7UUs7YFw6SfR9g/,,,,,,,778555307,37453a9d-9949-4482-9b63-4c4da980b1ca,2026-06-12T15:21:17+05:30,,,submitted_via_web,,vNRRNU3SyFqnhy2xMWaa4o,,uuid:37453a9d-9949-4482-9b63-4c4da980b1ca,48,Bengaluru,Bengaluru,13.024256,77.598239,device_gps,OK
2026-06-12T15:21:12.855000+05:30,2026-06-12T15:31:29.154000+05:30,2026-06-12T15:30:00+05:30,No board. Called Dinnur Rd Police Station,13.024778 77.594926 0 0,13.024778,77.594926,0,0,,No Shelter and No Signboard,,On the road edge / footpath edge – directly adjacent to traffic,0,1,0,,No,No,No,,,At the bus stop – buses pull up to the shelter/marked stop,1,0,0,0,No footpath available,Pedestrian crossing at/close to the bus stop to cross the road? None of the above,0,0,0,0,0,1,1,,Heavily encroached – the stop is largely unusable because of obstructions,"Yes – signs of standing water, algae, or drainage issues visible","Safe – well-lit, visible, and active surroundings",,,Yes - sufficient shade from surrounding trees,"Yes – lit by nearby street lights, shop fronts, or advertisement boards",,,,,None of the Above,0,0,0,0,0,0,0,1,"Mixed Use - A mix of commercial/residential/office, etc",,It's an important crowded junction next to RT nagar police station. Also 3 schools in vicinity . Location is such traffic gets blocked.,This bus stop can be moved to RT nagar Main road. It will need to be split in 2 sides as buses come from 2 directions. One bus stop near RT nagar Library footpath.  Another near Mc Donald's footpath,1000496924-15_30_33.jpg,https://kf.kobotoolbox.org/api/v2/assets/am66CJhKEj8dCTL49UQSNG/data/778566024/attachments/attuxnysAbzSPtHsmH8JST9D/,,,,,,,778566024,43da19ad-b90c-419f-93c0-6f921e7ce901,2026-06-12T15:31:33+05:30,,,submitted_via_web,,vNRRNU3SyFqnhy2xMWaa4o,,uuid:43da19ad-b90c-419f-93c0-6f921e7ce901,49,Bengaluru,Bengaluru,13.024778,77.594926,device_gps,OK
2026-06-12T13:01:55.908000+05:30,2026-06-12T16:57:06.979000+05:30,2026-06-12T13:02:00+05:30,Kadubeesanahalli - JPMorgan towards new horizon,12.942668 77.697296 804.7999877929688 7.14300012588501,12.942668,77.697296,804.7999877929688,7.14300012588501,,Stainless Steel Bus Shelter,Satisfactory – minor wear/dusty but usable,On the road edge / footpath edge – directly adjacent to traffic,0,1,0,,No,No,No,,3,At the bus stop – buses pull up to the shelter/marked stop,1,0,0,0,One Step Out (30 cm to 1 meter): Passengers have to step down onto the road surface first to board.,Footpath available to reach the bus stop from both directions,1,0,0,0,0,0,0,," Yes – fully accessible, no obstructions",No – area appears well-drained,"Somewhat safe – some concerns (e.g., poor visibility, isolated location)",Yes – adequate space for passengers,"Yes – but the roof is inadequate (too tall, too small, gaps, or partial coverage)",Yes – sufficient shade from the bus shelter,"Yes – lit by nearby street lights, shop fronts, or advertisement boards",Yes – clear sightline to see the approaching buses,"Yes - the seating is of the right height, width, and depth to sit comfortably while waiting for the bus",No – name is missing,No information displayed at all,Seating / bench Sufficient seating for the number of people typically waiting,1,1,0,0,0,0,0,0,"Mostly commercial - Office buildings, malls, large stores, etc",No advertisements,,Regular cleaning.,17812635494695781571522371747279-16_56_3.jpg,https://kf.kobotoolbox.org/api/v2/assets/am66CJhKEj8dCTL49UQSNG/data/778654688/attachments/attYTYur6X5fwig4SiQT4VyP/,,,17812635699605160208799944103042-16_56_35.jpg,https://kf.kobotoolbox.org/api/v2/assets/am66CJhKEj8dCTL49UQSNG/data/778654688/attachments/atthqWkfe5wEwbM45hgJF9c8/,,,778654688,fc4f3a5f-f468-4eea-a135-f388efdf908d,2026-06-12T16:57:10+05:30,,,submitted_via_web,,vNRRNU3SyFqnhy2xMWaa4o,,uuid:fc4f3a5f-f468-4eea-a135-f388efdf908d,50,Bengaluru,Bengaluru,12.942668,77.697296,device_gps,OK
2026-06-12T18:00:23.647000+05:30,2026-06-12T18:14:48.224000+05:30,2026-06-12T18:02:00+05:30,ITI Layout,13.0338707 77.5686743 920 0,13.0338707,77.5686743,920,0,,No Shelter and No Signboard,,On the road edge / footpath edge – directly adjacent to traffic,0,1,0,,No,No,No,,,Bus stop not clearly marked,0,0,1,0,One Step Out (30 cm to 1 meter): Passengers have to step down onto the road surface first to board.,"Footpath available to reach the bus stop from both directions Footpath is walkable and free of encroachment like parking, vendors, utility boxes, garbage, etc Pedestrian crossing at/close to the bus stop to cross the road?",1,1,0,0,0,1,0,," Yes – fully accessible, no obstructions",No – area appears well-drained,"Safe – well-lit, visible, and active surroundings",,,Partial – some shade but insufficient,No – inadequate or no lighting at all,,,,,None of the Above,0,0,0,0,0,0,0,1,"Mostly commercial - Retail shops. restaurants, cafes, markets, etc",,Doesn't have seating,Add a signboard saying it's a bus stop and maybe a warning signs for pedestrians crossing the road to be aware of bus incoming,1000043838-18_14_9.jpg,https://kf.kobotoolbox.org/api/v2/assets/am66CJhKEj8dCTL49UQSNG/data/778747299/attachments/attRSoXUcZ5Jr5MA7Gcsx3m5/,1000043836-18_14_26.jpg,https://kf.kobotoolbox.org/api/v2/assets/am66CJhKEj8dCTL49UQSNG/data/778747299/attachments/atta59yzSqaNiVbf9oJfKBA2/,1000043837-18_14_34.jpg,https://kf.kobotoolbox.org/api/v2/assets/am66CJhKEj8dCTL49UQSNG/data/778747299/attachments/attLwP44dfxPmJWNtDwtLT7k/,1000043835-18_14_41.jpg,https://kf.kobotoolbox.org/api/v2/assets/am66CJhKEj8dCTL49UQSNG/data/778747299/attachments/attukXanQKyve6Z9TkHjqMuu/,778747299,e47a0f89-03be-41bf-a63b-3a58a2f81612,2026-06-12T18:15:08+05:30,,,submitted_via_web,,vNRRNU3SyFqnhy2xMWaa4o,,uuid:e47a0f89-03be-41bf-a63b-3a58a2f81612,51,Bengaluru,Bengaluru,13.0338707,77.5686743,device_gps,OK
2026-06-12T22:12:59.561000+05:30,2026-06-12T22:22:11.996000+05:30,2026-06-12T22:13:00+05:30,Jayadeva Hospital towards Silk Board,12.916947 77.598896 839.7999877929688 32.60100173950195,12.916947,77.598896,839.7999877929688,32.60100173950195,,Stainless Steel Bus Shelter,Satisfactory – minor wear/dusty but usable,"Set back from the road – against a wall, compound, or building edge",1,0,0,,No,Yes,Yes,,1 - this is a standalone shelter ,At the bus stop – buses pull up to the shelter/marked stop,1,0,0,0,One Step Out (30 cm to 1 meter): Passengers have to step down onto the road surface first to board.,"Footpath available to reach the bus stop from both directions Ramp for wheelchair users to access the bus stop Ramp is in usable condition (not too steep, not broken, nor blocked)",1,0,1,1,0,0,0,,"Partially encroached – e.g., vendors, parked two-wheelers, auto-rickshaws, construction material","Yes – signs of standing water, algae, or drainage issues visible","Safe – well-lit, visible, and active surroundings", No – overcrowded or high number of people standing on the road,Yes – roof is intact and effective,Yes - from both bus shelter AND trees,Yes – the bus shelter itself has a working light,"No – sightline is blocked (by structure, advertisement boards, trees, or parked vehicles)","Yes - the seating is of the right height, width, and depth to sit comfortably while waiting for the bus",No – name is missing,"Yes – but information is unclear, faded, or partially missing",Seating / bench,1,0,0,0,0,0,0,0,"Mixed Use - A mix of commercial/residential/office, etc",Yes – advertisements present but passenger information is still clearly visible,completely barricaded from one side to another for a very long stretch,"more bus shelter, zebra crossing from one side to another",17812829979654055753236730337191-22_20_22.jpg,https://kf.kobotoolbox.org/api/v2/assets/am66CJhKEj8dCTL49UQSNG/data/779020340/attachments/attXT6U8UC3ksvuVSXdFMrEW/,,,17812830464118112660083681272056-22_20_59.jpg,https://kf.kobotoolbox.org/api/v2/assets/am66CJhKEj8dCTL49UQSNG/data/779020340/attachments/att8PigWuSq82KhUuQQxMC62/,,,779020340,547610b2-add2-4148-90a7-543704f66e6e,2026-06-12T22:22:15+05:30,,,submitted_via_web,,vNRRNU3SyFqnhy2xMWaa4o,,uuid:547610b2-add2-4148-90a7-543704f66e6e,52,Bengaluru,Bengaluru,12.916947,77.598896,device_gps,OK
2026-06-12T13:19:23.413000+05:30,2026-06-13T12:03:37.350000+05:30,2026-06-13T11:56:00+05:30,Brigade Millennium Signal,12.892919 77.582501 877.5 11.569000244140625,12.892919,77.582501,877.5,11.569000244140625,,No Shelter and No Signboard,,"Set back from the road – against a wall, compound, or building edge",1,0,0,,No,No,No,,,Bus stop not clearly marked,0,0,1,0,"Way Out in the Road (More than 1 meter): The bus stops far from the footpath, blocking a lane of traffic, forcing people to walk across active traffic to board the bus",Footpath available to reach the bus stop from both directions,1,0,0,0,0,0,0,,"Partially encroached – e.g., vendors, parked two-wheelers, auto-rickshaws, construction material",No – area appears well-drained,"Safe – well-lit, visible, and active surroundings",,,Yes - sufficient shade from surrounding trees,"Yes – lit by nearby street lights, shop fronts, or advertisement boards",,,,,None of the Above,0,0,0,0,0,0,0,1,"Mostly Residential - Housing, Apartments, etc",,A bus stop was proposed earlier at this site but no one knows why it was not built.,,20260613_093144-12_2_36.jpg,https://kf.kobotoolbox.org/api/v2/assets/am66CJhKEj8dCTL49UQSNG/data/779331818/attachments/attsHqWnLaUvQYTjBo5ZCfxR/,20260613_093210-12_2_50.jpg,https://kf.kobotoolbox.org/api/v2/assets/am66CJhKEj8dCTL49UQSNG/data/779331818/attachments/attpuXH4sQEDhDnEq26YrFdk/,20260611_120725-12_3_7.jpg,https://kf.kobotoolbox.org/api/v2/assets/am66CJhKEj8dCTL49UQSNG/data/779331818/attachments/att9ZSFZrCWo8qjGnohzABWJ/,,,779331818,b499a2a2-1578-4f95-af68-45ac96108167,2026-06-13T12:03:43+05:30,,,submitted_via_web,,vNRRNU3SyFqnhy2xMWaa4o,,uuid:b499a2a2-1578-4f95-af68-45ac96108167,53,Bengaluru,Bengaluru,12.892919,77.582501,device_gps,OK
2026-06-13T13:04:44.558000+05:30,2026-06-13T13:12:34.675000+05:30,2026-06-13T22:15:00+05:30,Hennur Cross - Towards Bagalur Side,13.027565 77.632743 0 0,13.027565,77.632743,0,0,,Stainless Steel Bus Shelter,Satisfactory – minor wear/dusty but usable,"Set back from the road – against a wall, compound, or building edge The road/footpath is too narrow ",1,0,1,,No,No,No,,1 - this is a standalone shelter ,At the bus stop – buses pull up to the shelter/marked stop,1,0,0,0,One Step Out (30 cm to 1 meter): Passengers have to step down onto the road surface first to board.,"Footpath available to reach the bus stop from both directions Footpath is walkable and free of encroachment like parking, vendors, utility boxes, garbage, etc Pedestrian crossing at/close to the bus stop to cross the road?",1,1,0,0,0,1,0,,"Partially encroached – e.g., vendors, parked two-wheelers, auto-rickshaws, construction material","Yes – signs of standing water, algae, or drainage issues visible",Unable to assess (audit done only in daytime), No – overcrowded or high number of people standing on the road,"Yes – but the roof is inadequate (too tall, too small, gaps, or partial coverage)",Partial – some shade but insufficient,No – inadequate or no lighting at all,Yes – clear sightline to see the approaching buses,No - poor back support / posture,"Yes – but faded, small, or difficult to read",Yes – but information seems outdated or unreliable,Seating / bench Dustbin / waste bin Public toilet nearby (within eyesight),1,0,1,0,1,0,0,0,"Mostly Institutional - Schools, Hospitals, Govt. Offices, etc",Yes – advertisements present but passenger information is still clearly visible,Gradient of the footpath is too steep .,Small steps to go from the road and climb onto the bus stop,photo_2026-06-13_13-04-04-13_11_20.jpg,https://kf.kobotoolbox.org/api/v2/assets/am66CJhKEj8dCTL49UQSNG/data/779371577/attachments/attPFELT43w2iUkCt2WZMgNZ/,photo_2026-06-13_13-04-10-13_11_44.jpg,https://kf.kobotoolbox.org/api/v2/assets/am66CJhKEj8dCTL49UQSNG/data/779371577/attachments/attt2aK3M2DP8ZRJTUt7Q5KU/,photo_2026-06-13_13-04-02-13_12_6.jpg,https://kf.kobotoolbox.org/api/v2/assets/am66CJhKEj8dCTL49UQSNG/data/779371577/attachments/att8r8qN7cBSXXwgBieBKoYs/,photo_2026-06-13_13-04-10-13_12_27.jpg,https://kf.kobotoolbox.org/api/v2/assets/am66CJhKEj8dCTL49UQSNG/data/779371577/attachments/att2Eorbpynph9jzZ9VhnERp/,779371577,58d043ab-cbd5-4b5c-b500-968662c1cce0,2026-06-13T13:12:42+05:30,,,submitted_via_web,,vNRRNU3SyFqnhy2xMWaa4o,,uuid:58d043ab-cbd5-4b5c-b500-968662c1cce0,54,Bengaluru,Bengaluru,13.027565,77.632743,device_gps,OK
2026-06-13T13:12:34.741000+05:30,2026-06-13T13:19:19.271000+05:30,2026-06-13T10:30:00+05:30,KALYAN NAGAR _ AFTER THE HENNUR UNDERPASS ON ORR,13.027764 77.633709 0 0,13.027764,77.633709,0,0,,Stainless Steel Bus Shelter, Clean and Well Maintained,"Set back from the road – against a wall, compound, or building edge",1,0,0,,No,Yes,Yes,,1 - this is a standalone shelter ,At the bus stop – buses pull up to the shelter/marked stop,1,0,0,0,Perfect / Flush (Less than 30 cm): Passengers can step directly from the footpath onto the bus.,"Footpath available to reach the bus stop from both directions Footpath is walkable and free of encroachment like parking, vendors, utility boxes, garbage, etc Pedestrian crossing at/close to the bus stop to cross the road?",1,1,0,0,0,1,0,,"Partially encroached – e.g., vendors, parked two-wheelers, auto-rickshaws, construction material","Yes – signs of standing water, algae, or drainage issues visible","Somewhat safe – some concerns (e.g., poor visibility, isolated location)",Yes – adequate space for passengers,"Yes – but the roof is inadequate (too tall, too small, gaps, or partial coverage)",Yes - from both bus shelter AND trees,"Yes – lit by nearby street lights, shop fronts, or advertisement boards",Yes – clear sightline to see the approaching buses,"Yes - the seating is of the right height, width, and depth to sit comfortably while waiting for the bus",Yes – name is prominently visible and legible,Yes – but information seems outdated or unreliable,Seating / bench Digital information boards with real time arrival information and service alerts,1,0,0,0,0,0,1,0,"Mixed Use - A mix of commercial/residential/office, etc",Yes – advertisements present but passenger information is still clearly visible,Its before rainbow hospital. There is free left at the intersection so its a challenge to cross the road in the middle of the vehicles,Need slight improvements in paving as lose tiles might affect elderly people and visually impaired,photo_2026-06-13_13-04-13-13_18_27.jpg,https://kf.kobotoolbox.org/api/v2/assets/am66CJhKEj8dCTL49UQSNG/data/779375908/attachments/att3qGBnuViEVceqa39n446V/,photo_2026-06-13_13-04-12-13_19_10.jpg,https://kf.kobotoolbox.org/api/v2/assets/am66CJhKEj8dCTL49UQSNG/data/779375908/attachments/attiyYfCZ3XombwTRrpXHg6n/,,,,,779375908,f55d042c-b306-4d6f-a18e-2301eabc71d4,2026-06-13T13:19:20+05:30,,,submitted_via_web,,vNRRNU3SyFqnhy2xMWaa4o,,uuid:f55d042c-b306-4d6f-a18e-2301eabc71d4,55,Bengaluru,Bengaluru,13.027764,77.633709,device_gps,OK
2026-06-13T13:19:19.324000+05:30,2026-06-13T13:31:02.097000+05:30,2026-06-13T11:15:00+05:30,KALYAN NAGAR ON ORR,13.026518 77.637199 0 0,13.026518,77.637199,0,0,,Stainless Steel Bus Shelter,Satisfactory – minor wear/dusty but usable,"Set back from the road – against a wall, compound, or building edge",1,0,0,,Yes,Yes,Yes,No - It's very unhygienic or feels unsafe to use,2,At the bus stop – buses pull up to the shelter/marked stop,1,0,0,0,Perfect / Flush (Less than 30 cm): Passengers can step directly from the footpath onto the bus.,Footpath available to reach the bus stop from both directions,1,0,0,0,0,0,0,,"Partially encroached – e.g., vendors, parked two-wheelers, auto-rickshaws, construction material","Yes – signs of standing water, algae, or drainage issues visible","Unsafe – poorly lit, isolated, or has a history of feeling threatening",Yes – adequate space for passengers,Yes – roof is intact and effective,Yes - from both bus shelter AND trees,Unsure / Not observed,"No – sightline is blocked (by structure, advertisement boards, trees, or parked vehicles)",No - the seating is too small to sit comfortably ,"Yes – but faded, small, or difficult to read",Yes – but information seems outdated or unreliable,Seating / bench Sufficient seating for the number of people typically waiting Dustbin / waste bin,1,1,1,0,0,0,0,0,Compound Wall / Dead Edge - No activity near the stop,Yes – advertisements present but passenger information is still clearly visible,It has a BBMP maintained walking path with trees and flowering plants - that pavement needs good maintenance and it is poorly lit,Two good strong LED lamps to illuminate the pathway . Underpass is just adjacent and can be scary at night time,photo_2026-06-13_13-04-16-13_29_56.jpg,https://kf.kobotoolbox.org/api/v2/assets/am66CJhKEj8dCTL49UQSNG/data/779382908/attachments/attNCnzATDC2iGjL6BFFi9hX/,photo_2026-06-13_13-04-20-13_30_30.jpg,https://kf.kobotoolbox.org/api/v2/assets/am66CJhKEj8dCTL49UQSNG/data/779382908/attachments/attuCtRi5RUtg2FWNhMC8atc/,photo_2026-06-13_13-04-19-13_30_42.jpg,https://kf.kobotoolbox.org/api/v2/assets/am66CJhKEj8dCTL49UQSNG/data/779382908/attachments/attQahKhhcRdXXLt7zWSw4an/,photo_2026-06-13_13-04-14-13_30_56.jpg,https://kf.kobotoolbox.org/api/v2/assets/am66CJhKEj8dCTL49UQSNG/data/779382908/attachments/attVh7bkUnAuaUT44BPNiABk/,779382908,a547ffd2-f1fa-4ee6-b091-fa847b18ffa2,2026-06-13T13:31:03+05:30,,,submitted_via_web,,vNRRNU3SyFqnhy2xMWaa4o,,uuid:a547ffd2-f1fa-4ee6-b091-fa847b18ffa2,56,Bengaluru,Bengaluru,13.026518,77.637199,device_gps,OK
2026-06-14T13:56:46.896000+05:30,2026-06-14T14:07:34.360000+05:30,2026-06-14T13:58:00+05:30,HSR Apartments (towards Agara),12.916996 77.62912 812.5 12.770000457763672,12.916996,77.62912,812.5,12.770000457763672,,"Only ""Bus Stop"" Signboard - No Bus Shelter",,On the road edge / footpath edge – directly adjacent to traffic,0,1,0,,No,No,No,,,Bus stop not clearly marked,0,0,1,0,One Step Out (30 cm to 1 meter): Passengers have to step down onto the road surface first to board.,"Footpath available to reach the bus stop from both directions Footpath is walkable and free of encroachment like parking, vendors, utility boxes, garbage, etc",1,1,0,0,0,0,0,," Yes – fully accessible, no obstructions","Yes – signs of standing water, algae, or drainage issues visible","Somewhat safe – some concerns (e.g., poor visibility, isolated location)",,,Partial – some shade but insufficient,No – inadequate or no lighting at all,,,No – name is missing,No information displayed at all,None of the Above,0,0,0,0,0,0,0,1,"Mostly commercial - Retail shops. restaurants, cafes, markets, etc",,,,1000127702-14_7_1.jpg,https://kf.kobotoolbox.org/api/v2/assets/am66CJhKEj8dCTL49UQSNG/data/780056891/attachments/attrHo8xWoUWa2bpD4b3iSK3/,,,,,,,780056891,a7cd759c-af73-465c-83ce-2805edefcc5d,2026-06-14T14:07:39+05:30,,,submitted_via_web,,vNRRNU3SyFqnhy2xMWaa4o,,uuid:a7cd759c-af73-465c-83ce-2805edefcc5d,57,Bengaluru,Bengaluru,12.916996,77.62912,device_gps,OK
2026-06-14T14:07:34.613000+05:30,2026-06-14T14:22:24.846000+05:30,2026-06-14T14:15:00+05:30,HSR BDA ( Towards Agara),12.916421 77.634523 815 5.300000190734863,12.916421,77.634523,815,5.300000190734863,,No Shelter and No Signboard,,On the road edge / footpath edge – directly adjacent to traffic,0,1,0,,No,No,No,,,Bus stop not clearly marked,0,0,1,0,One Step Out (30 cm to 1 meter): Passengers have to step down onto the road surface first to board.,Footpath available to reach the bus stop from both directions Pedestrian crossing at/close to the bus stop to cross the road?,1,0,0,0,0,1,0,,"Partially encroached – e.g., vendors, parked two-wheelers, auto-rickshaws, construction material","Yes – signs of standing water, algae, or drainage issues visible","Somewhat safe – some concerns (e.g., poor visibility, isolated location)",,,No – exposed to full sun,No – inadequate or no lighting at all,,,,,None of the Above,0,0,0,0,0,0,0,1,"Mixed Use - A mix of commercial/residential/office, etc",,Metro construction in progress. Buses stop randomly in a 100m stretch.,,1000127703-14_21_31.jpg,https://kf.kobotoolbox.org/api/v2/assets/am66CJhKEj8dCTL49UQSNG/data/780064986/attachments/attzUyTQUTc9WmpyHsVQht8k/,,,,,,,780064986,c34c2e11-6103-43b4-b417-7ba0bcfd028a,2026-06-14T14:22:28+05:30,,,submitted_via_web,,vNRRNU3SyFqnhy2xMWaa4o,,uuid:c34c2e11-6103-43b4-b417-7ba0bcfd028a,58,Bengaluru,Bengaluru,12.916421,77.634523,device_gps,OK
2026-06-14T14:22:25.038000+05:30,2026-06-14T14:33:55.047000+05:30,2026-06-14T14:26:00+05:30,HSR BDA (Towards Silk Board),12.91588 77.634182 813.5999755859375 11,12.91588,77.634182,813.5999755859375,11,,Other Metal Bus Shelter (Other than Stainless Steel),Unclean/Poorly Maintained,On the road edge / footpath edge – directly adjacent to traffic,0,1,0,,No,No,No,,2,At the bus stop – buses pull up to the shelter/marked stop,1,0,0,0,One Step Out (30 cm to 1 meter): Passengers have to step down onto the road surface first to board.,Pedestrian crossing at/close to the bus stop to cross the road?,0,0,0,0,0,1,0,," Yes – fully accessible, no obstructions","Yes – signs of standing water, algae, or drainage issues visible","Somewhat safe – some concerns (e.g., poor visibility, isolated location)", No – overcrowded or high number of people standing on the road,Yes – roof is intact and effective,Partial – some shade but insufficient,No – inadequate or no lighting at all,"No – sightline is blocked (by structure, advertisement boards, trees, or parked vehicles)",No - poor back support / posture,No – name is missing,No information displayed at all,Seating / bench,1,0,0,0,0,0,0,0,Compound Wall / Dead Edge - No activity near the stop,Yes – advertisements dominate; passenger information is secondary,,,1000127705-14_31_41.jpg,https://kf.kobotoolbox.org/api/v2/assets/am66CJhKEj8dCTL49UQSNG/data/780072493/attachments/attGVTc4roJt9bPXVCWGfjPr/,1000127704-14_31_46.jpg,https://kf.kobotoolbox.org/api/v2/assets/am66CJhKEj8dCTL49UQSNG/data/780072493/attachments/attFdukryMGpWBuR7iqP8jvY/,,,,,780072493,398ca6fc-0a89-46e6-b036-5b13a1e50612,2026-06-14T14:34:00+05:30,,,submitted_via_web,,vNRRNU3SyFqnhy2xMWaa4o,,uuid:398ca6fc-0a89-46e6-b036-5b13a1e50612,59,Bengaluru,Bengaluru,12.91588,77.634182,device_gps,OK
2026-06-14T14:33:55.309000+05:30,2026-06-14T14:52:11.027000+05:30,2026-06-14T14:45:00+05:30,HSR BDA Complex,12.913214 77.638142 810.8999633789062 56.000999450683594,12.913214,77.638142,810.8999633789062,56.000999450683594,,Other Metal Bus Shelter (Other than Stainless Steel),Satisfactory – minor wear/dusty but usable,On the road edge / footpath edge – directly adjacent to traffic,0,1,0,,No,No,No,,1 - this is a standalone shelter ,At the bus stop – buses pull up to the shelter/marked stop,1,0,0,0,Perfect / Flush (Less than 30 cm): Passengers can step directly from the footpath onto the bus.,Footpath available to reach the bus stop from both directions,1,0,0,0,0,0,0,,"Partially encroached – e.g., vendors, parked two-wheelers, auto-rickshaws, construction material","Yes – signs of standing water, algae, or drainage issues visible","Safe – well-lit, visible, and active surroundings",Yes – adequate space for passengers,Yes – roof is intact and effective,Yes - from both bus shelter AND trees,"Yes – lit by nearby street lights, shop fronts, or advertisement boards","No – sightline is blocked (by structure, advertisement boards, trees, or parked vehicles)",No - poor back support / posture,"Yes – but faded, small, or difficult to read",Yes – but information seems outdated or unreliable,Seating / bench Public toilet nearby (within eyesight),1,0,0,0,1,0,0,0,"Mostly commercial - Office buildings, malls, large stores, etc",Yes – advertisements dominate; passenger information is secondary,Start point for airport buses.Very less buses that cater to other locations.,,1000127708-14_51_33.jpg,https://kf.kobotoolbox.org/api/v2/assets/am66CJhKEj8dCTL49UQSNG/data/780083804/attachments/attb2cV8yQnQUXJADAVA3Tk8/,1000127707-14_51_37.jpg,https://kf.kobotoolbox.org/api/v2/assets/am66CJhKEj8dCTL49UQSNG/data/780083804/attachments/attKKRwJLivtFYGWGFoWhkqZ/,,,,,780083804,9342eee8-36d0-4c62-a051-9c99b40dca5c,2026-06-14T14:52:19+05:30,,,submitted_via_web,,vNRRNU3SyFqnhy2xMWaa4o,,uuid:9342eee8-36d0-4c62-a051-9c99b40dca5c,60,Bengaluru,Bengaluru,12.913214,77.638142,device_gps,OK
2026-06-15T18:16:26.402000+05:30,2026-06-15T18:24:40.174000+05:30,2026-06-15T18:16:00+05:30,Ragigudda Metro Station (towards Banashankari),12.916959 77.588857 840.2000122070312 24.56999969482422,12.916959,77.588857,840.2000122070312,24.56999969482422,,No Shelter and No Signboard,,On the road edge / footpath edge – directly adjacent to traffic,0,1,0,,Yes,No,No,No - It's very unhygienic or feels unsafe to use,,Bus stop not clearly marked,0,0,1,0,One Step Out (30 cm to 1 meter): Passengers have to step down onto the road surface first to board.,"Footpath available to reach the bus stop from both directions Ramp is in usable condition (not too steep, not broken, nor blocked)",1,0,0,1,0,0,0,," Yes – fully accessible, no obstructions",Unsure,"Somewhat safe – some concerns (e.g., poor visibility, isolated location)",,,No – exposed to full sun,Partially – some light but insufficient,,,,,None of the Above,0,0,0,0,0,0,0,1,Other,,"This is an informal stop, against the footpath, right near the Ragigudda metro station.","Better signage and seating would be very helpful. There's also a lot of garbage collected nearby, and there is a bar very close, that may cause discomfort and safety issues",1000437399-18_24_5.jpg,https://kf.kobotoolbox.org/api/v2/assets/am66CJhKEj8dCTL49UQSNG/data/781072258/attachments/attdUwUvKdC8a8o67BjxNBKt/,,,1000437400-18_24_36.jpg,https://kf.kobotoolbox.org/api/v2/assets/am66CJhKEj8dCTL49UQSNG/data/781072258/attachments/attJrbbWZKqHSZhCWZUKvgQe/,,,781072258,3682c02e-3a56-4c0c-838f-a629b21d19c5,2026-06-15T18:24:44+05:30,,,submitted_via_web,,vNRRNU3SyFqnhy2xMWaa4o,,uuid:3682c02e-3a56-4c0c-838f-a629b21d19c5,61,Bengaluru,Bengaluru,12.916959,77.588857,device_gps,OK
2026-06-15T18:24:40.307000+05:30,2026-06-15T18:34:42.453000+05:30,2026-06-15T18:26:00+05:30,Marenahalli Petrol Bunk (Ragigudda Metro Station) towards Central Silk Board,12.9174 77.5894 836.8999633789062 17.76099967956543,12.9174,77.5894,836.8999633789062,17.76099967956543,,Other Metal Bus Shelter (Other than Stainless Steel),Unclean/Poorly Maintained,On the road edge / footpath edge – directly adjacent to traffic,0,1,0,,No,Yes,Yes,,2,Away from the bus stop – buses stop before or beyond the shelter/marked location,0,1,0,0,"Way Out in the Road (More than 1 meter): The bus stops far from the footpath, blocking a lane of traffic, forcing people to walk across active traffic to board the bus",Footpath available to reach the bus stop from both directions Pedestrian crossing at/close to the bus stop to cross the road?,1,0,0,0,0,1,0,,"Partially encroached – e.g., vendors, parked two-wheelers, auto-rickshaws, construction material",Unsure,"Somewhat safe – some concerns (e.g., poor visibility, isolated location)",Yes – adequate space for passengers,"Yes – but the roof is inadequate (too tall, too small, gaps, or partial coverage)",Yes - from both bus shelter AND trees,"Yes – lit by nearby street lights, shop fronts, or advertisement boards","No – sightline is blocked (by structure, advertisement boards, trees, or parked vehicles)",No - poor back support / posture,No – name is missing,No information displayed at all,Seating / bench Sufficient seating for the number of people typically waiting,1,1,0,0,0,0,0,0,Other,Yes – advertisements dominate; passenger information is secondary,Buses don't stop at the bus stop because there's a traffic signal right in front.,Clearing the parked vehicles to see the approaching buses; buses actually coming and stopping at the bus stop,1000437401-18_34_6.jpg,https://kf.kobotoolbox.org/api/v2/assets/am66CJhKEj8dCTL49UQSNG/data/781084521/attachments/attaMACV2FWrWN9pHMbG2rno/,1000437402-18_34_10.jpg,https://kf.kobotoolbox.org/api/v2/assets/am66CJhKEj8dCTL49UQSNG/data/781084521/attachments/attVd8PGUvw9LjPFbXuNBCMV/,1000437403-18_34_40.jpg,https://kf.kobotoolbox.org/api/v2/assets/am66CJhKEj8dCTL49UQSNG/data/781084521/attachments/attAd4SpN2HL8jDKDDYR5nQt/,,,781084521,57bedec0-31fa-405e-ad5b-22c5d426681c,2026-06-15T18:34:52+05:30,,,submitted_via_web,,vNRRNU3SyFqnhy2xMWaa4o,,uuid:57bedec0-31fa-405e-ad5b-22c5d426681c,62,Bengaluru,Bengaluru,12.9174,77.5894,device_gps,OK
2026-06-15T18:34:42.612000+05:30,2026-06-15T18:46:29.278000+05:30,2026-06-15T18:40:00+05:30,Ragigudda Temple (towards Central Silk Board),12.916796 77.5932 845.2000122070312 19.393999099731445,12.916796,77.5932,845.2000122070312,19.393999099731445,,Other Metal Bus Shelter (Other than Stainless Steel),Satisfactory – minor wear/dusty but usable,On the road edge / footpath edge – directly adjacent to traffic,0,1,0,,Yes,Yes,Yes,Yes - It's free of obstructions and feels safe to use,1 - this is a standalone shelter ,At the bus stop – buses pull up to the shelter/marked stop,1,0,0,0,One Step Out (30 cm to 1 meter): Passengers have to step down onto the road surface first to board.,"Footpath available to reach the bus stop from both directions Footpath is walkable and free of encroachment like parking, vendors, utility boxes, garbage, etc Pedestrian crossing at/close to the bus stop to cross the road?",1,1,0,0,0,1,0,," Yes – fully accessible, no obstructions",Unsure,"Safe – well-lit, visible, and active surroundings", No – overcrowded or high number of people standing on the road,Yes – roof is intact and effective,Yes – sufficient shade from the bus shelter,Yes – the bus shelter itself has a working light,Yes – clear sightline to see the approaching buses,"Yes - the seating is of the right height, width, and depth to sit comfortably while waiting for the bus",Yes – name is prominently visible and legible,No information displayed at all,Seating / bench,1,0,0,0,0,0,0,0,"Mostly commercial - Retail shops. restaurants, cafes, markets, etc",Yes – advertisements dominate; passenger information is secondary,,"More seating, a little more clean",1000437404-18_45_59.jpg,https://kf.kobotoolbox.org/api/v2/assets/am66CJhKEj8dCTL49UQSNG/data/781099455/attachments/att9S9hagXvuaggFKPLeiXt9/,1000437405-18_46_5.jpg,https://kf.kobotoolbox.org/api/v2/assets/am66CJhKEj8dCTL49UQSNG/data/781099455/attachments/attZ2FenBgKC58ykFxGpo9Ds/,1000437406-18_46_22.jpg,https://kf.kobotoolbox.org/api/v2/assets/am66CJhKEj8dCTL49UQSNG/data/781099455/attachments/attVtmeozmhfvBAAVATCsGYR/,,,781099455,dfc9664f-5970-4629-ae12-04e15b189ef1,2026-06-15T18:46:47+05:30,,,submitted_via_web,,vNRRNU3SyFqnhy2xMWaa4o,,uuid:dfc9664f-5970-4629-ae12-04e15b189ef1,63,Bengaluru,Bengaluru,12.916796,77.5932,device_gps,OK
2026-06-15T18:46:29.433000+05:30,2026-06-15T19:00:32.995000+05:30,2026-06-15T18:54:00+05:30,"Jayanagar East (East End Jayanagara, Towards Carmel Convent Jayanagara)",12.917428 77.596835 840 11.47599983215332,12.917428,77.596835,840,11.47599983215332,,Other Metal Bus Shelter (Other than Stainless Steel),Satisfactory – minor wear/dusty but usable,On the road edge / footpath edge – directly adjacent to traffic,0,1,0,,Yes,Yes,Yes,No - It's obstructed due to encroachment ,1 - this is a standalone shelter ,At the bus stop – buses pull up to the shelter/marked stop,1,0,0,0,One Step Out (30 cm to 1 meter): Passengers have to step down onto the road surface first to board.,Footpath available to reach the bus stop from both directions,1,0,0,0,0,0,0,,"Partially encroached – e.g., vendors, parked two-wheelers, auto-rickshaws, construction material",Unsure,"Safe – well-lit, visible, and active surroundings",Yes – adequate space for passengers,Yes – roof is intact and effective,Yes – sufficient shade from the bus shelter,"Yes – lit by nearby street lights, shop fronts, or advertisement boards",Yes – clear sightline to see the approaching buses,"Yes - the seating is of the right height, width, and depth to sit comfortably while waiting for the bus",Yes – name is prominently visible and legible,No information displayed at all,Seating / bench Sufficient seating for the number of people typically waiting,1,1,0,0,0,0,0,0,"Mixed Use - A mix of commercial/residential/office, etc",Yes – advertisements present but passenger information is still clearly visible,The footpath is very high and pretty broken up,"Ramps, easier to climb footpath, paving/fixing the footpath",1000437411-19_0_3.jpg,https://kf.kobotoolbox.org/api/v2/assets/am66CJhKEj8dCTL49UQSNG/data/781116360/attachments/attUBHviXp74gy2Tnbs8pTKS/,1000437407-19_0_9.jpg,https://kf.kobotoolbox.org/api/v2/assets/am66CJhKEj8dCTL49UQSNG/data/781116360/attachments/attzECNkrajRFAQgmd6pPj9a/,1000437412-19_0_29.jpg,https://kf.kobotoolbox.org/api/v2/assets/am66CJhKEj8dCTL49UQSNG/data/781116360/attachments/attj84nhzaVUBZiqkbn5QH2i/,,,781116360,5b327314-9552-4e51-9dcc-cd3d7bc20459,2026-06-15T19:00:37+05:30,,,submitted_via_web,,vNRRNU3SyFqnhy2xMWaa4o,,uuid:5b327314-9552-4e51-9dcc-cd3d7bc20459,64,Bengaluru,Bengaluru,12.917428,77.596835,device_gps,OK
2026-06-15T19:00:33.148000+05:30,2026-06-15T19:15:55.284000+05:30,2026-06-15T19:11:00+05:30,MICO Layout (towards Central Silk Board),12.916883 77.603027 838.5 14.491000175476074,12.916883,77.603027,838.5,14.491000175476074,,No Shelter and No Signboard,,"Set back from the road – against a wall, compound, or building edge",1,0,0,,No,Yes,Yes,,,At the bus stop – buses pull up to the shelter/marked stop,1,0,0,0,One Step Out (30 cm to 1 meter): Passengers have to step down onto the road surface first to board.,"Footpath available to reach the bus stop from both directions Footpath is walkable and free of encroachment like parking, vendors, utility boxes, garbage, etc",1,1,0,0,0,0,0,," Yes – fully accessible, no obstructions",Unsure,"Safe – well-lit, visible, and active surroundings",,,No – exposed to full sun,"Yes – lit by nearby street lights, shop fronts, or advertisement boards",,,,,None of the Above,0,0,0,0,0,0,0,1,"Mixed Use - A mix of commercial/residential/office, etc",,"There's no bus stop signage. The pedestrian crossing is also in the middle of the road, on one of the busiest roads, making it extremely dangerous.","Having signage, seating, and shade",1000437415-19_14_56.jpg,https://kf.kobotoolbox.org/api/v2/assets/am66CJhKEj8dCTL49UQSNG/data/781132315/attachments/attEYHNAbyfog3DQUisyTGQy/,1000437414-19_15_6.jpg,https://kf.kobotoolbox.org/api/v2/assets/am66CJhKEj8dCTL49UQSNG/data/781132315/attachments/attogDQL74VzSCzcChY8XQSR/,1000437416-19_15_51.jpg,https://kf.kobotoolbox.org/api/v2/assets/am66CJhKEj8dCTL49UQSNG/data/781132315/attachments/att9J9L75aoU4RMcFHhtHCXp/,,,781132315,54bfe64b-1762-4fc0-a13a-897e128f2d72,2026-06-15T19:16:03+05:30,,,submitted_via_web,,vNRRNU3SyFqnhy2xMWaa4o,,uuid:54bfe64b-1762-4fc0-a13a-897e128f2d72,65,Bengaluru,Bengaluru,12.916883,77.603027,device_gps,OK
2026-06-15T22:36:28.731000+05:30,2026-06-26T21:22:32.555000+05:30,2026-06-15T16:00:00+05:30,RT Nagar Post Office ( towards Mekhri),13.021886 77.59261 0 0,13.021886,77.59261,0,0,,Other Metal Bus Shelter (Other than Stainless Steel),Satisfactory – minor wear/dusty but usable,On the road edge / footpath edge – directly adjacent to traffic,0,1,0,,Yes,No,Yes,Yes - It's free of obstructions and feels safe to use,2,At the bus stop – buses pull up to the shelter/marked stop,1,0,0,0,"Way Out in the Road (More than 1 meter): The bus stops far from the footpath, blocking a lane of traffic, forcing people to walk across active traffic to board the bus",Footpath available to reach the bus stop from both directions,1,0,0,0,0,0,0,,Heavily encroached – the stop is largely unusable because of obstructions,"Yes – signs of standing water, algae, or drainage issues visible","Safe – well-lit, visible, and active surroundings",Yes – adequate space for passengers,"Yes – but the roof is inadequate (too tall, too small, gaps, or partial coverage)",Yes - from both bus shelter AND trees,Yes – the bus shelter itself has a working light,"No – sightline is blocked (by structure, advertisement boards, trees, or parked vehicles)",No - the seating is too small to sit comfortably ,No – name is missing,No information displayed at all,Seating / bench,1,0,0,0,0,0,0,0,"Mostly commercial - Retail shops. restaurants, cafes, markets, etc",Yes – advertisements dominate; passenger information is secondary,"Of the 2 bus stops, one is very new. Advertisement is prominent , loud with no stop name or bus information","Stop name & bus information board. No parking zone, cobbler shop encroaches with no adequate space for wheelchairspace",1000500320-22_48_1.jpg,https://kf.kobotoolbox.org/api/v2/assets/am66CJhKEj8dCTL49UQSNG/data/781337422/attachments/attF5KpgKCpai8NGaaFQHrW3/,1000500322-22_48_26.jpg,https://kf.kobotoolbox.org/api/v2/assets/am66CJhKEj8dCTL49UQSNG/data/781337422/attachments/att9FerQpbXeZZcFZnBuUVKc/,1000500319-22_48_49.jpg,https://kf.kobotoolbox.org/api/v2/assets/am66CJhKEj8dCTL49UQSNG/data/781337422/attachments/attH7ZqZ8Jx5xozkfvXwKxYy/,,,781337422,32fcd9b0-efd2-498f-bc3d-10cd4e1ac911,2026-06-15T22:49:09+05:30,,,submitted_via_web,,vNRRNU3SyFqnhy2xMWaa4o,,uuid:a5f5db2c-840d-45f9-af3a-d28fc7a165e9,66,Bengaluru,Bengaluru,13.021886,77.59261,device_gps,OK
2026-06-15T22:49:06.032000+05:30,2026-06-26T21:21:25.966000+05:30,2026-06-15T16:15:00+05:30,RT nagar post office( towards cbi rd),13.022678 77.592514 0 0,13.022678,77.592514,0,0,,Other Metal Bus Shelter (Other than Stainless Steel),Satisfactory – minor wear/dusty but usable,"Set back from the road – against a wall, compound, or building edge",1,0,0,,No,No,No,,1 - this is a standalone shelter ,At the bus stop – buses pull up to the shelter/marked stop,1,0,0,0,"Way Out in the Road (More than 1 meter): The bus stops far from the footpath, blocking a lane of traffic, forcing people to walk across active traffic to board the bus","Footpath available to reach the bus stop from both directions Footpath is walkable and free of encroachment like parking, vendors, utility boxes, garbage, etc",1,1,0,0,0,0,0,,"Partially encroached – e.g., vendors, parked two-wheelers, auto-rickshaws, construction material","Yes – signs of standing water, algae, or drainage issues visible","Safe – well-lit, visible, and active surroundings",Yes – adequate space for passengers,Yes – roof is intact and effective,Yes – sufficient shade from the bus shelter,Yes – the bus shelter itself has a working light,"No – sightline is blocked (by structure, advertisement boards, trees, or parked vehicles)","Yes - the seating is of the right height, width, and depth to sit comfortably while waiting for the bus",Yes – name is prominently visible and legible,Yes – route list is prominently displayed and appears current,Seating / bench Sufficient seating for the number of people typically waiting Digital information boards with real time arrival information and service alerts,1,1,0,0,0,0,1,0,"Mostly commercial - Retail shops. restaurants, cafes, markets, etc",Yes – advertisements present but passenger information is still clearly visible,Aesthetically not great. But large bus stop ( like 2 combined in 1) . But very functional with stop n bus information,Make it visually attractive. Difficult to see bus stop til you reach it on same footpath side,1000500328-22_55_31.jpg,https://kf.kobotoolbox.org/api/v2/assets/am66CJhKEj8dCTL49UQSNG/data/781343870/attachments/attjLWeiTfK4wnes2yoP5Fa5/,1000500330-22_55_53.jpg,https://kf.kobotoolbox.org/api/v2/assets/am66CJhKEj8dCTL49UQSNG/data/781343870/attachments/attXuSWxh5etAEWza4wNW6hk/,1000500327-22_56_9.jpg,https://kf.kobotoolbox.org/api/v2/assets/am66CJhKEj8dCTL49UQSNG/data/781343870/attachments/attZbXb3DySs83tzKJKtRAYU/,1000500326-22_56_23.jpg,https://kf.kobotoolbox.org/api/v2/assets/am66CJhKEj8dCTL49UQSNG/data/781343870/attachments/atte9eLm4wGX3Rndxv5X63TN/,781343870,10f97500-6efb-4def-9dcd-f6228ffa4269,2026-06-15T22:56:36+05:30,,,submitted_via_web,,vNRRNU3SyFqnhy2xMWaa4o,,uuid:631a16d5-5d34-4adb-b54f-cbb85f5f88a4,67,Bengaluru,Bengaluru,13.022678,77.592514,device_gps,OK
2026-06-15T22:56:33.946000+05:30,2026-06-15T23:13:04.223000+05:30,2026-06-15T16:30:00+05:30,RT Nagar Police Station ( towards Post office),13.024246 77.599387 852 22.6200008392334,13.024246,77.599387,852,22.6200008392334,,Stainless Steel Bus Shelter, Clean and Well Maintained,On the road edge / footpath edge – directly adjacent to traffic,0,1,0,,No,Yes,No,,1 - this is a standalone shelter ,At the bus stop – buses pull up to the shelter/marked stop Away from the bus stop – buses stop before or beyond the shelter/marked location,1,1,0,0,One Step Out (30 cm to 1 meter): Passengers have to step down onto the road surface first to board.,Footpath available to reach the bus stop from both directions Pedestrian crossing at/close to the bus stop to cross the road?,1,0,0,0,0,1,0,,"Partially encroached – e.g., vendors, parked two-wheelers, auto-rickshaws, construction material",Unsure,"Safe – well-lit, visible, and active surroundings",Yes – adequate space for passengers,Yes – roof is intact and effective,Yes – sufficient shade from the bus shelter,"Yes – lit by nearby street lights, shop fronts, or advertisement boards",Yes – clear sightline to see the approaching buses,"Yes - the seating is of the right height, width, and depth to sit comfortably while waiting for the bus",Yes – name is prominently visible and legible,No information displayed at all,Seating / bench Sufficient seating for the number of people typically waiting,1,1,0,0,0,0,0,0,"Mostly commercial - Retail shops. restaurants, cafes, markets, etc",Yes – advertisements dominate; passenger information is secondary,It's a newly built bus stop. politician photo dominates bus stop. This is not a good trend. Instead passenger info.  to be provided. Above bus stop ( for all) let there be ads with prominent BMTC & bus stop name. In waiting shelter there must be standard design & space for passenger info. There must be some IRC design guidelines for bus shelters to be compliant with,"Refrain political propaganda. Provide passenger info about bus routes. Also this bus is on small platform not flush to footpath. The misstep could lead to falls/ accidents. Also it is at a junction from where incoming buses turn left into bus stop. Thus creating traffic jam. There is flexi wire pipe jutting out next to bus stop, can cause people to trip. Behind bus stop encroached by pots, coconut & clothes vendors most times to be cleared.",1000500336-23_8_41.jpg,https://kf.kobotoolbox.org/api/v2/assets/am66CJhKEj8dCTL49UQSNG/data/781355069/attachments/attbQPGv7PABpYSEEV9c3AgL/,1000500337-23_8_59.jpg,https://kf.kobotoolbox.org/api/v2/assets/am66CJhKEj8dCTL49UQSNG/data/781355069/attachments/attRxtwkMBPoyUu7x4HKmZ6R/,1000500334-23_9_19.jpg,https://kf.kobotoolbox.org/api/v2/assets/am66CJhKEj8dCTL49UQSNG/data/781355069/attachments/attPjSUM4Lq9FE7NDtMniyDJ/,1000500331-23_9_39.jpg,https://kf.kobotoolbox.org/api/v2/assets/am66CJhKEj8dCTL49UQSNG/data/781355069/attachments/attghqUjneagjet7wrTiY9ZV/,781355069,c0216446-c648-4316-b7cd-278f50f5e078,2026-06-15T23:13:07+05:30,,,submitted_via_web,,vNRRNU3SyFqnhy2xMWaa4o,,uuid:c0216446-c648-4316-b7cd-278f50f5e078,68,Bengaluru,Bengaluru,13.024246,77.599387,device_gps,OK
2026-06-16T09:24:14.449000+05:30,2026-06-16T14:12:29.543000+05:30,2026-06-16T09:24:00+05:30,Chinmaya Mission Hospital (Towards Indiranagar Metro),12.978611 77.646142 835.3999633789062 36.36399841308594,12.978611,77.646142,835.3999633789062,36.36399841308594,,Stainless Steel Bus Shelter,Satisfactory – minor wear/dusty but usable,"Set back from the road – against a wall, compound, or building edge The road/footpath is too narrow ",1,0,1,,No,No,No,,2,At the bus stop – buses pull up to the shelter/marked stop,1,0,0,0,One Step Out (30 cm to 1 meter): Passengers have to step down onto the road surface first to board.,Footpath available to reach the bus stop from both directions,1,0,0,0,0,0,0,,"Partially encroached – e.g., vendors, parked two-wheelers, auto-rickshaws, construction material",No – area appears well-drained,Unable to assess (audit done only in daytime),Yes – adequate space for passengers,Yes – roof is intact and effective,Yes - sufficient shade from surrounding trees,Unsure / Not observed,Yes – clear sightline to see the approaching buses,No - poor back support / posture,"Yes – but faded, small, or difficult to read",Yes – route list is prominently displayed and appears current,Seating / bench Sufficient seating for the number of people typically waiting,1,1,0,0,0,0,0,0,"Mostly Institutional - Schools, Hospitals, Govt. Offices, etc",Yes – advertisements dominate; passenger information is secondary,Lots of garbage around the bus stop.,Ramp and footpath extension.,1000177395-14_12_19.jpg,https://kf.kobotoolbox.org/api/v2/assets/am66CJhKEj8dCTL49UQSNG/data/781798894/attachments/attQ9qn8DAbcFGxcxrNrGpdw/,1000177398-14_12_25.jpg,https://kf.kobotoolbox.org/api/v2/assets/am66CJhKEj8dCTL49UQSNG/data/781798894/attachments/attvegohZKk2er4iF2NXD5VQ/,,,,,781798894,606410fc-a90d-43dc-b20f-e22361a8a3ab,2026-06-16T14:12:32+05:30,,,submitted_via_web,,vNRRNU3SyFqnhy2xMWaa4o,,uuid:606410fc-a90d-43dc-b20f-e22361a8a3ab,69,Bengaluru,Bengaluru,12.978611,77.646142,device_gps,OK
2026-06-16T18:21:28.970000+05:30,2026-06-16T18:30:54.387000+05:30,2026-06-16T18:21:00+05:30,Madiwala(Towards Dory cirlce,12.920719 77.62035 815.5 13.29800033569336,12.920719,77.62035,815.5,13.29800033569336,,Stainless Steel Bus Shelter, Clean and Well Maintained,"Set back from the road – against a wall, compound, or building edge On the road edge / footpath edge – directly adjacent to traffic",1,1,0,,No,Yes,No,,4+,At the bus stop – buses pull up to the shelter/marked stop,1,0,0,0,"Way Out in the Road (More than 1 meter): The bus stops far from the footpath, blocking a lane of traffic, forcing people to walk across active traffic to board the bus",Footpath available to reach the bus stop from both directions,1,0,0,0,0,0,0,,"Partially encroached – e.g., vendors, parked two-wheelers, auto-rickshaws, construction material","Yes – signs of standing water, algae, or drainage issues visible","Somewhat safe – some concerns (e.g., poor visibility, isolated location)",Yes – adequate space for passengers,Yes – roof is intact and effective,Yes – sufficient shade from the bus shelter,Unsure / Not observed,Yes – clear sightline to see the approaching buses,"Yes - the seating is of the right height, width, and depth to sit comfortably while waiting for the bus",No – name is missing,No information displayed at all,Seating / bench Sufficient seating for the number of people typically waiting,1,1,0,0,0,0,0,0,"Mostly commercial - Retail shops. restaurants, cafes, markets, etc",Yes – advertisements present but passenger information is still clearly visible,"High traffic area, slow moving traffic and buses at most times","Cordon off a lane just for buses, some autos are parked in front bus stop",1000168335-18_30_45.jpg,https://kf.kobotoolbox.org/api/v2/assets/am66CJhKEj8dCTL49UQSNG/data/782105077/attachments/attVpbzwuwmvp7jCcSW8YpC6/,1000168334-18_30_52.jpg,https://kf.kobotoolbox.org/api/v2/assets/am66CJhKEj8dCTL49UQSNG/data/782105077/attachments/attSdQC6CDAPVe9SdXnJhLjn/,,,,,782105077,bbcbf313-f6aa-42fa-823c-da0436c30414,2026-06-16T18:31:00+05:30,,,submitted_via_web,,vNRRNU3SyFqnhy2xMWaa4o,,uuid:bbcbf313-f6aa-42fa-823c-da0436c30414,70,Bengaluru,Bengaluru,12.920719,77.62035,device_gps,OK
2026-06-17T15:35:53.827000+05:30,2026-06-17T15:49:29.921000+05:30,2026-06-17T15:45:00+05:30,ITI Layout bus stop (Towards Srinivasnagar),12.933217 77.557266 0 0,12.933217,77.557266,0,0,,Stainless Steel Bus Shelter,Unclean/Poorly Maintained,On the road edge / footpath edge – directly adjacent to traffic,0,1,0,,Yes,No,Yes,No - It's obstructed due to encroachment ,1 - this is a standalone shelter ,At the bus stop – buses pull up to the shelter/marked stop,1,0,0,0,No footpath available,Footpath available to reach the bus stop from both directions None of the above,1,0,0,0,0,0,1,,"Partially encroached – e.g., vendors, parked two-wheelers, auto-rickshaws, construction material",No – area appears well-drained,Unable to assess (audit done only in daytime),Yes – adequate space for passengers,Yes – roof is intact and effective,Yes – sufficient shade from the bus shelter,Unsure / Not observed,"No – sightline is blocked (by structure, advertisement boards, trees, or parked vehicles)",No - poor back support / posture,No – name is missing,No information displayed at all,Seating / bench Sufficient seating for the number of people typically waiting,1,1,0,0,0,0,0,0,"Mostly commercial - Retail shops. restaurants, cafes, markets, etc",Yes – advertisements dominate; passenger information is secondary,"It's needs to be upgraded but since only 1 bus comes here, a few times a day, they have neglected it.",,20260608_114320-15_48_34.jpg,https://kf.kobotoolbox.org/api/v2/assets/am66CJhKEj8dCTL49UQSNG/data/783248072/attachments/attzccqRx4qwDwHPLVQwwqo8/,20260608_114320-15_48_40.jpg,https://kf.kobotoolbox.org/api/v2/assets/am66CJhKEj8dCTL49UQSNG/data/783248072/attachments/att8JNchxgXoBLnJxCsn7vYn/,,,,,783248072,17a9d9f0-b09d-4ec1-9ed3-64caf7e7ea27,2026-06-17T15:49:32+05:30,,,submitted_via_web,,vNRRNU3SyFqnhy2xMWaa4o,,uuid:17a9d9f0-b09d-4ec1-9ed3-64caf7e7ea27,71,Bengaluru,Bengaluru,12.933217,77.557266,device_gps,OK
2026-06-17T15:49:30.003000+05:30,2026-06-17T15:57:16.641000+05:30,2026-06-17T16:00:00+05:30,N R Colony,12.937891 77.569654 0 0,12.937891,77.569654,0,0,,Other Metal Bus Shelter (Other than Stainless Steel), Clean and Well Maintained,"Set back from the road – against a wall, compound, or building edge",1,0,0,,No,Yes,Yes,,1 - this is a standalone shelter ,At the bus stop – buses pull up to the shelter/marked stop,1,0,0,0,"Way Out in the Road (More than 1 meter): The bus stops far from the footpath, blocking a lane of traffic, forcing people to walk across active traffic to board the bus",Footpath available to reach the bus stop from both directions,1,0,0,0,0,0,0,,"Partially encroached – e.g., vendors, parked two-wheelers, auto-rickshaws, construction material",No – area appears well-drained,Unable to assess (audit done only in daytime),Yes – adequate space for passengers,Yes – roof is intact and effective,Yes – sufficient shade from the bus shelter,Unsure / Not observed,"No – sightline is blocked (by structure, advertisement boards, trees, or parked vehicles)",No - poor back support / posture,Yes – name is prominently visible and legible,Yes – but information seems outdated or unreliable,Seating / bench Sufficient seating for the number of people typically waiting,1,1,0,0,0,0,0,0,"Mostly commercial - Retail shops. restaurants, cafes, markets, etc",Yes – advertisements present but passenger information is still clearly visible,,,20260608_115043-15_56_57.jpg,https://kf.kobotoolbox.org/api/v2/assets/am66CJhKEj8dCTL49UQSNG/data/783259460/attachments/atthiuR5gWg69AiqwX5kECcc/,20260608_115046-15_57_5.jpg,https://kf.kobotoolbox.org/api/v2/assets/am66CJhKEj8dCTL49UQSNG/data/783259460/attachments/attSqv5NTftuw8FNyXnpak7C/,,,,,783259460,47082a83-5d78-4cf7-8c45-18464771edfe,2026-06-17T15:57:19+05:30,,,submitted_via_web,,vNRRNU3SyFqnhy2xMWaa4o,,uuid:47082a83-5d78-4cf7-8c45-18464771edfe,72,Bengaluru,Bengaluru,12.937891,77.569654,device_gps,OK
2026-06-17T15:57:16.738000+05:30,2026-06-17T16:23:10.706000+05:30,2026-06-17T16:30:00+05:30,Netkallappa circle,12.939199 77.571355 0 0,12.939199,77.571355,0,0,,Concrete/Masonry Bus Shelter,Unclean/Poorly Maintained,On the road edge / footpath edge – directly adjacent to traffic,0,1,0,,Yes,No,Yes,Yes - It's free of obstructions and feels safe to use,1 - this is a standalone shelter ,At the bus stop – buses pull up to the shelter/marked stop Unsure / not observed,1,0,0,1,Unsure / not observed,Pedestrian crossing at/close to the bus stop to cross the road?,0,0,0,0,0,1,0,,"Partially encroached – e.g., vendors, parked two-wheelers, auto-rickshaws, construction material",No – area appears well-drained,"Safe – well-lit, visible, and active surroundings",Yes – adequate space for passengers,Yes – roof is intact and effective,Yes - from both bus shelter AND trees,"Yes – lit by nearby street lights, shop fronts, or advertisement boards",Yes – clear sightline to see the approaching buses,"Yes - the seating is of the right height, width, and depth to sit comfortably while waiting for the bus",No – name is missing,No information displayed at all,Seating / bench,1,0,0,0,0,0,0,0,"Mixed Use - A mix of commercial/residential/office, etc",No advertisements,,,20260608_115145-16_23_8.jpg,https://kf.kobotoolbox.org/api/v2/assets/am66CJhKEj8dCTL49UQSNG/data/783294979/attachments/attS5qTD7n2SbmAMxEPQLaTN/,,,,,,,783294979,e3d4e34c-c998-42ba-9643-79365a7b1861,2026-06-17T16:23:13+05:30,,,submitted_via_web,,vNRRNU3SyFqnhy2xMWaa4o,,uuid:e3d4e34c-c998-42ba-9643-79365a7b1861,73,Bengaluru,Bengaluru,12.939199,77.571355,device_gps,OK
2026-06-17T16:23:10.746000+05:30,2026-06-17T16:29:09.106000+05:30,2026-06-17T16:30:00+05:30,Siddapura Bus stop (Towards Double road),12.946342 77.588314 0 0,12.946342,77.588314,0,0,,Other Metal Bus Shelter (Other than Stainless Steel),Unclean/Poorly Maintained,"Set back from the road – against a wall, compound, or building edge",1,0,0,,No,Yes,No,,2,At the bus stop – buses pull up to the shelter/marked stop,1,0,0,0,Perfect / Flush (Less than 30 cm): Passengers can step directly from the footpath onto the bus.,Footpath available to reach the bus stop from both directions,1,0,0,0,0,0,0,," Yes – fully accessible, no obstructions","Yes – signs of standing water, algae, or drainage issues visible","Somewhat safe – some concerns (e.g., poor visibility, isolated location)",Yes – adequate space for passengers,Yes – roof is intact and effective,Yes - from both bus shelter AND trees,Unsure / Not observed,Yes – clear sightline to see the approaching buses,No - the seating is too small to sit comfortably ,No – name is missing,No information displayed at all,Seating / bench Sufficient seating for the number of people typically waiting,1,1,0,0,0,0,0,0,"Mostly Residential - Housing, Apartments, etc",No advertisements,,,20260608_120045-16_29_0.jpg,https://kf.kobotoolbox.org/api/v2/assets/am66CJhKEj8dCTL49UQSNG/data/783302319/attachments/att3SjLnPvqHJLb8bETxWUXz/,20260608_120048-16_29_6.jpg,https://kf.kobotoolbox.org/api/v2/assets/am66CJhKEj8dCTL49UQSNG/data/783302319/attachments/att96tzfjKDSAbTx3MEeHVEN/,,,,,783302319,9264ad64-550b-40f6-ab14-1ed383563237,2026-06-17T16:29:10+05:30,,,submitted_via_web,,vNRRNU3SyFqnhy2xMWaa4o,,uuid:9264ad64-550b-40f6-ab14-1ed383563237,74,Bengaluru,Bengaluru,12.946342,77.588314,device_gps,OK
2026-06-17T16:29:09.164000+05:30,2026-06-17T16:35:28.628000+05:30,2026-06-17T16:30:00+05:30,Siddapura bus stop (towards Ashoka Pillar),12.946201 77.588174 0 0,12.946201,77.588174,0,0,,Other Metal Bus Shelter (Other than Stainless Steel),Satisfactory – minor wear/dusty but usable,"Set back from the road – against a wall, compound, or building edge",1,0,0,,Yes,Yes,Yes,Yes - It's free of obstructions and feels safe to use,1 - this is a standalone shelter ,At the bus stop – buses pull up to the shelter/marked stop,1,0,0,0,One Step Out (30 cm to 1 meter): Passengers have to step down onto the road surface first to board.,"Footpath available to reach the bus stop from both directions Footpath is walkable and free of encroachment like parking, vendors, utility boxes, garbage, etc Pedestrian crossing at/close to the bus stop to cross the road?",1,1,0,0,0,1,0,," Yes – fully accessible, no obstructions",No – area appears well-drained,"Somewhat safe – some concerns (e.g., poor visibility, isolated location)",Yes – adequate space for passengers,Yes – roof is intact and effective,Yes - from both bus shelter AND trees,Unsure / Not observed,Yes – clear sightline to see the approaching buses,No - the seating is too small to sit comfortably ,Yes – name is prominently visible and legible,Yes – but information seems outdated or unreliable,Seating / bench,1,0,0,0,0,0,0,0,"Mostly Residential - Housing, Apartments, etc",Yes – advertisements present but passenger information is still clearly visible,,,20260608_120105-16_35_26.jpg,https://kf.kobotoolbox.org/api/v2/assets/am66CJhKEj8dCTL49UQSNG/data/783312282/attachments/attLG5qkCadixkULsuwa4tcm/,,,,,,,783312282,18a59d11-3cbd-40ab-a280-0a122d1edb09,2026-06-17T16:35:31+05:30,,,submitted_via_web,,vNRRNU3SyFqnhy2xMWaa4o,,uuid:18a59d11-3cbd-40ab-a280-0a122d1edb09,75,Bengaluru,Bengaluru,12.946201,77.588174,device_gps,OK
2026-06-17T16:25:12.441000+05:30,2026-06-17T16:39:07.023000+05:30,2026-06-17T16:26:00+05:30,Karnataka Public School Adugodi towards Adugodi signal,12.94398 77.606569 900.541625184007 8.218072766396691,12.94398,77.606569,900.541625184007,8.218072766396691,,Stainless Steel Bus Shelter,Satisfactory – minor wear/dusty but usable,"Set back from the road – against a wall, compound, or building edge",1,0,0,,No,No,No,,1 - this is a standalone shelter ,At the bus stop – buses pull up to the shelter/marked stop,1,0,0,0,Perfect / Flush (Less than 30 cm): Passengers can step directly from the footpath onto the bus.,Footpath available to reach the bus stop from both directions,1,0,0,0,0,0,0,,"Partially encroached – e.g., vendors, parked two-wheelers, auto-rickshaws, construction material",No – area appears well-drained,"Somewhat safe – some concerns (e.g., poor visibility, isolated location)", No – overcrowded or high number of people standing on the road,Yes – roof is intact and effective,Yes - from both bus shelter AND trees,Unsure / Not observed,Yes – clear sightline to see the approaching buses,"Yes - the seating is of the right height, width, and depth to sit comfortably while waiting for the bus","Yes – but faded, small, or difficult to read","Yes – but information is unclear, faded, or partially missing",Seating / bench,1,0,0,0,0,0,0,0,"Mostly commercial - Retail shops. restaurants, cafes, markets, etc",Yes – advertisements dominate; passenger information is secondary,,,IMG_7289-16_38_55.jpeg,https://kf.kobotoolbox.org/api/v2/assets/am66CJhKEj8dCTL49UQSNG/data/783317674/attachments/att7a4irjRHn2ALyJ3GBYufP/,IMG_7288-16_39_3.jpeg,https://kf.kobotoolbox.org/api/v2/assets/am66CJhKEj8dCTL49UQSNG/data/783317674/attachments/att3X2qTa4HSdKUaawUeoRMe/,,,,,783317674,333136fb-984b-469e-bd0f-b1e9f79232eb,2026-06-17T16:39:14+05:30,,,submitted_via_web,,vNRRNU3SyFqnhy2xMWaa4o,,uuid:333136fb-984b-469e-bd0f-b1e9f79232eb,76,Bengaluru,Bengaluru,12.94398,77.606569,device_gps,OK
2026-06-17T20:49:09.139000+05:30,2026-06-17T20:56:17.717000+05:30,2026-06-17T20:55:00+05:30,Gottigere ( towards Bannerghatta),12.856612 77.588985 0 100,12.856612,77.588985,0,100,,Other Metal Bus Shelter (Other than Stainless Steel),Satisfactory – minor wear/dusty but usable,"Set back from the road – against a wall, compound, or building edge",1,0,0,,No,No,No,,2,At the bus stop – buses pull up to the shelter/marked stop,1,0,0,0,One Step Out (30 cm to 1 meter): Passengers have to step down onto the road surface first to board.,Footpath available to reach the bus stop from both directions,1,0,0,0,0,0,0,,"Partially encroached – e.g., vendors, parked two-wheelers, auto-rickshaws, construction material",Unsure,"Unsafe – poorly lit, isolated, or has a history of feeling threatening", No – overcrowded or high number of people standing on the road,"Yes – but the roof is inadequate (too tall, too small, gaps, or partial coverage)",Partial – some shade but insufficient,No – inadequate or no lighting at all,Yes – clear sightline to see the approaching buses,"Yes - the seating is of the right height, width, and depth to sit comfortably while waiting for the bus","Yes – but faded, small, or difficult to read",No information displayed at all,Seating / bench,1,0,0,0,0,0,0,0,"Mostly Institutional - Schools, Hospitals, Govt. Offices, etc",Yes – advertisements dominate; passenger information is secondary,In the night it is quiet shady to sit alone,"There sholuld be enough light , and digital information board",1000198057-20_56_5.jpg,https://kf.kobotoolbox.org/api/v2/assets/am66CJhKEj8dCTL49UQSNG/data/783652946/attachments/attxzH7BBm48uM6FrfAnL5eV/,1000198058-20_56_8.jpg,https://kf.kobotoolbox.org/api/v2/assets/am66CJhKEj8dCTL49UQSNG/data/783652946/attachments/att3SYf8WyP8fGdxM2e6FC9K/,1000198059-20_56_12.jpg,https://kf.kobotoolbox.org/api/v2/assets/am66CJhKEj8dCTL49UQSNG/data/783652946/attachments/attuqYkYpitzkdRF5qFRkmbY/,1000198060-20_56_15.jpg,https://kf.kobotoolbox.org/api/v2/assets/am66CJhKEj8dCTL49UQSNG/data/783652946/attachments/atttWVhkvnHfdY6u6GMK73HC/,783652946,c85c0d56-6182-43c0-ad9b-e5ebd4bc175d,2026-06-17T20:56:24+05:30,,,submitted_via_web,,vNRRNU3SyFqnhy2xMWaa4o,,uuid:c85c0d56-6182-43c0-ad9b-e5ebd4bc175d,77,Bengaluru,Bengaluru,12.856612,77.588985,device_gps,OK
2026-06-18T06:50:05.376000+05:30,2026-06-18T06:56:45.860000+05:30,2026-06-18T06:51:00+05:30,Gottigere ( towards jambusavari Dinner),12.857671 77.588985 0 100,12.857671,77.588985,0,100,,Other Metal Bus Shelter (Other than Stainless Steel),Unclean/Poorly Maintained,"Set back from the road – against a wall, compound, or building edge On the road edge / footpath edge – directly adjacent to traffic",1,1,0,,Yes,No,No,Yes - It's free of obstructions and feels safe to use,1 - this is a standalone shelter ,At the bus stop – buses pull up to the shelter/marked stop,1,0,0,0,One Step Out (30 cm to 1 meter): Passengers have to step down onto the road surface first to board.,None of the above,0,0,0,0,0,0,1,," Yes – fully accessible, no obstructions",No – area appears well-drained,"Safe – well-lit, visible, and active surroundings", No – overcrowded or high number of people standing on the road,"Yes – but the roof is inadequate (too tall, too small, gaps, or partial coverage)",Partial – some shade but insufficient,"Yes – lit by nearby street lights, shop fronts, or advertisement boards",Yes – clear sightline to see the approaching buses,"Yes - the seating is of the right height, width, and depth to sit comfortably while waiting for the bus",Yes – name is prominently visible and legible,No information displayed at all,None of the Above,0,0,0,0,0,0,0,1,"Mostly commercial - Retail shops. restaurants, cafes, markets, etc",Yes – advertisements present but passenger information is still clearly visible,Area near to the shelter should be concreted it is difficult to people with arthritis or kneepain to get into the shelter.,,1000198213-6_56_41.jpg,https://kf.kobotoolbox.org/api/v2/assets/am66CJhKEj8dCTL49UQSNG/data/783988626/attachments/attK7kYSfEVACRN9atntFBVa/,,,,,,,783988626,015b3b28-a772-4f65-a594-8160a3196aac,2026-06-18T06:56:51+05:30,,,submitted_via_web,,vNRRNU3SyFqnhy2xMWaa4o,,uuid:015b3b28-a772-4f65-a594-8160a3196aac,78,Bengaluru,Bengaluru,12.857671,77.588985,device_gps,OK
2026-06-18T13:04:45.478000+05:30,2026-06-18T13:52:17.915000+05:30,2026-06-18T13:05:00+05:30,"Dairy cross, Yelahanka new town towards attur, Yelahanka 5th phase n p",13.0992857 77.5770123 853.5 47.53799819946289,13.0992857,77.5770123,853.5,47.53799819946289,,No Shelter and No Signboard,,On the road edge / footpath edge – directly adjacent to traffic,0,1,0,,Yes,Yes,No,Yes - It's free of obstructions and feels safe to use,,At the bus stop – buses pull up to the shelter/marked stop Bus stop not clearly marked,1,0,1,0,"Way Out in the Road (More than 1 meter): The bus stops far from the footpath, blocking a lane of traffic, forcing people to walk across active traffic to board the bus",Footpath available to reach the bus stop from both directions Pedestrian crossing at/close to the bus stop to cross the road?,1,0,0,0,0,1,0,,"Partially encroached – e.g., vendors, parked two-wheelers, auto-rickshaws, construction material",No – area appears well-drained,"Safe – well-lit, visible, and active surroundings",,,No – exposed to full sun,"Yes – lit by nearby street lights, shop fronts, or advertisement boards",,,,,None of the Above,0,0,0,0,0,0,0,1,"Mostly commercial - Retail shops. restaurants, cafes, markets, etc",,Only one bus can stop. But few buses come creating jam,Encroachment can be removed and bus shelter build,1000435051-13_52_1.jpg,https://kf.kobotoolbox.org/api/v2/assets/am66CJhKEj8dCTL49UQSNG/data/784227194/attachments/attvA3K9h8beztmN7b5sgCX6/,1000435052-13_52_11.jpg,https://kf.kobotoolbox.org/api/v2/assets/am66CJhKEj8dCTL49UQSNG/data/784227194/attachments/attGXYCo6uJwBUoLuYfDJ4ss/,,,,,784227194,c25128f4-bf75-44d8-89c1-8ed0b2ebe878,2026-06-18T13:52:22+05:30,,,submitted_via_web,,vNRRNU3SyFqnhy2xMWaa4o,,uuid:c25128f4-bf75-44d8-89c1-8ed0b2ebe878,79,Bengaluru,Bengaluru,13.0992857,77.5770123,device_gps,OK
2026-06-18T13:52:18.148000+05:30,2026-06-18T14:10:50.258000+05:30,2026-06-18T13:52:00+05:30,"Orion mall, soap factory metro towards iscon or rajkumar road",13.013543 77.554227 850.8999633789062 28.100000381469727,13.013543,77.554227,850.8999633789062,28.100000381469727,,Other Metal Bus Shelter (Other than Stainless Steel),Satisfactory – minor wear/dusty but usable,"Set back from the road – against a wall, compound, or building edge",1,0,0,,No,Yes,No,,1 - this is a standalone shelter ,At the bus stop – buses pull up to the shelter/marked stop,1,0,0,0,"Way Out in the Road (More than 1 meter): The bus stops far from the footpath, blocking a lane of traffic, forcing people to walk across active traffic to board the bus","Footpath available to reach the bus stop from both directions Ramp is in usable condition (not too steep, not broken, nor blocked)",1,0,0,1,0,0,0,,"Partially encroached – e.g., vendors, parked two-wheelers, auto-rickshaws, construction material",Unsure,"Somewhat safe – some concerns (e.g., poor visibility, isolated location)",Yes – adequate space for passengers,Yes – roof is intact and effective,Yes – sufficient shade from the bus shelter,"Yes – lit by nearby street lights, shop fronts, or advertisement boards",Yes – clear sightline to see the approaching buses,"Yes - the seating is of the right height, width, and depth to sit comfortably while waiting for the bus",Yes – name is prominently visible and legible,Yes – route list is prominently displayed and appears current,Seating / bench,1,0,0,0,0,0,0,0,"Mostly commercial - Retail shops. restaurants, cafes, markets, etc",Yes – advertisements dominate; passenger information is secondary,,,1000435072-14_10_37.jpg,https://kf.kobotoolbox.org/api/v2/assets/am66CJhKEj8dCTL49UQSNG/data/784250128/attachments/attzJXB95hChSYD6UaVuzYv3/,1000435073-14_10_44.jpg,https://kf.kobotoolbox.org/api/v2/assets/am66CJhKEj8dCTL49UQSNG/data/784250128/attachments/attHfvnPoxwfGPr9pxei3aWv/,,,,,784250128,a3cc6b75-e265-47b0-9081-992450b1cf18,2026-06-18T14:10:55+05:30,,,submitted_via_web,,vNRRNU3SyFqnhy2xMWaa4o,,uuid:a3cc6b75-e265-47b0-9081-992450b1cf18,80,Bengaluru,Bengaluru,13.013543,77.554227,device_gps,OK
2026-06-18T14:16:54.703000+05:30,2026-06-18T14:21:16.555000+05:30,2026-06-18T14:19:00+05:30,"Dhobhi ghat, Rajajinagar towards magadi road",12.986763 77.549821 822.3999633789062 15.020000457763672,12.986763,77.549821,822.3999633789062,15.020000457763672,,No Shelter and No Signboard,,The road/footpath is too narrow ,0,0,1,,No,No,No,,,Bus stop not clearly marked,0,0,1,0,"Way Out in the Road (More than 1 meter): The bus stops far from the footpath, blocking a lane of traffic, forcing people to walk across active traffic to board the bus",None of the above,0,0,0,0,0,0,1,," Yes – fully accessible, no obstructions",No – area appears well-drained,"Unsafe – poorly lit, isolated, or has a history of feeling threatening",,,No – exposed to full sun,Partially – some light but insufficient,,,,,None of the Above,0,0,0,0,0,0,0,1,"Mostly commercial - Office buildings, malls, large stores, etc",,Few buses don't stop here,,1000435075-14_21_12.jpg,https://kf.kobotoolbox.org/api/v2/assets/am66CJhKEj8dCTL49UQSNG/data/784263619/attachments/attzb3cwi6czwKoRGbyhZYWc/,,,,,,,784263619,0b1204ac-cb94-4e18-9250-7885550ac9ef,2026-06-18T14:21:26+05:30,,,submitted_via_web,,vNRRNU3SyFqnhy2xMWaa4o,,uuid:0b1204ac-cb94-4e18-9250-7885550ac9ef,81,Bengaluru,Bengaluru,12.986763,77.549821,device_gps,OK
2026-06-18T14:21:16.757000+05:30,2026-06-18T14:25:48.998000+05:30,2026-06-18T14:22:00+05:30,"Magadi road toll gate, towards vijayanagar",12.978665 77.549355 805.8999633789062 20.913999557495117,12.978665,77.549355,805.8999633789062,20.913999557495117,,Other Metal Bus Shelter (Other than Stainless Steel), Clean and Well Maintained,"Set back from the road – against a wall, compound, or building edge",1,0,0,,Yes,Yes,No,No - It's very unhygienic or feels unsafe to use,1 - this is a standalone shelter ,At the bus stop – buses pull up to the shelter/marked stop,1,0,0,0,Perfect / Flush (Less than 30 cm): Passengers can step directly from the footpath onto the bus.,"Footpath available to reach the bus stop from both directions Footpath is walkable and free of encroachment like parking, vendors, utility boxes, garbage, etc",1,1,0,0,0,0,0,," Yes – fully accessible, no obstructions",No – area appears well-drained,"Somewhat safe – some concerns (e.g., poor visibility, isolated location)",Yes – adequate space for passengers,Yes – roof is intact and effective,Yes – sufficient shade from the bus shelter,Partially – some light but insufficient,Yes – clear sightline to see the approaching buses,"Yes - the seating is of the right height, width, and depth to sit comfortably while waiting for the bus",No – name is missing,No information displayed at all,Seating / bench Sufficient seating for the number of people typically waiting,1,1,0,0,0,0,0,0,"Mostly commercial - Office buildings, malls, large stores, etc",No advertisements,Little unsafe during night,,1000435077-14_25_38.jpg,https://kf.kobotoolbox.org/api/v2/assets/am66CJhKEj8dCTL49UQSNG/data/784268949/attachments/attakjQyAu3GUWo2RxydFwgJ/,1000435076-14_25_44.jpg,https://kf.kobotoolbox.org/api/v2/assets/am66CJhKEj8dCTL49UQSNG/data/784268949/attachments/attMFA8v9NfP5Z389Uo8NswX/,,,,,784268949,355a1a6c-b19b-4990-bd76-1f4195a7834c,2026-06-18T14:25:55+05:30,,,submitted_via_web,,vNRRNU3SyFqnhy2xMWaa4o,,uuid:355a1a6c-b19b-4990-bd76-1f4195a7834c,82,Bengaluru,Bengaluru,12.978665,77.549355,device_gps,OK
2026-06-18T14:25:49.174000+05:30,2026-06-18T14:37:57.586000+05:30,2026-06-18T14:33:00+05:30,Magadi road toll gate towards Rajajinagar 1st block,12.978507 77.549319 805.7999877929688 26.16699981689453,12.978507,77.549319,805.7999877929688,26.16699981689453,,Other Metal Bus Shelter (Other than Stainless Steel),Unclean/Poorly Maintained,"Set back from the road – against a wall, compound, or building edge",1,0,0,,Yes,Yes,No,No - It's obstructed due to encroachment ,3,At the bus stop – buses pull up to the shelter/marked stop,1,0,0,0,One Step Out (30 cm to 1 meter): Passengers have to step down onto the road surface first to board.,"Footpath available to reach the bus stop from both directions Footpath is walkable and free of encroachment like parking, vendors, utility boxes, garbage, etc",1,1,0,0,0,0,0,," Yes – fully accessible, no obstructions","Yes – signs of standing water, algae, or drainage issues visible","Unsafe – poorly lit, isolated, or has a history of feeling threatening",Yes – adequate space for passengers,Yes – roof is intact and effective,Yes - from both bus shelter AND trees,Partially – some light but insufficient,Yes – clear sightline to see the approaching buses,"Yes - the seating is of the right height, width, and depth to sit comfortably while waiting for the bus",Yes – name is prominently visible and legible,No information displayed at all,Seating / bench Sufficient seating for the number of people typically waiting,1,1,0,0,0,0,0,0,"Mostly commercial - Office buildings, malls, large stores, etc",Yes – advertisements dominate; passenger information is secondary,Out of 3 shelters 2 are in good condition,There is no need of 3 shelters here,1000435081-14_37_48.jpg,https://kf.kobotoolbox.org/api/v2/assets/am66CJhKEj8dCTL49UQSNG/data/784282990/attachments/attZcmpAfvgwXoVSDufTb6db/,1000435082-14_37_54.jpg,https://kf.kobotoolbox.org/api/v2/assets/am66CJhKEj8dCTL49UQSNG/data/784282990/attachments/attZFf2jRHAhaubPKxxGdDAT/,,,,,784282990,13658805-3980-46f0-b44d-c3414801299f,2026-06-18T14:38:02+05:30,,,submitted_via_web,,vNRRNU3SyFqnhy2xMWaa4o,,uuid:13658805-3980-46f0-b44d-c3414801299f,83,Bengaluru,Bengaluru,12.978507,77.549319,device_gps,OK
2026-06-18T16:25:29.656000+05:30,2026-06-18T16:30:45.747000+05:30,2026-06-18T16:26:00+05:30,Jaraganahalli cross( towrads konanakunte cross),12.901381 77.573226 0 100,12.901381,77.573226,0,100,,Other Metal Bus Shelter (Other than Stainless Steel),Unclean/Poorly Maintained,"Set back from the road – against a wall, compound, or building edge",1,0,0,,No,No,Yes,,1 - this is a standalone shelter ,Away from the bus stop – buses stop before or beyond the shelter/marked location,0,1,0,0,One Step Out (30 cm to 1 meter): Passengers have to step down onto the road surface first to board.,Footpath available to reach the bus stop from both directions,1,0,0,0,0,0,0,," Yes – fully accessible, no obstructions","Yes – signs of standing water, algae, or drainage issues visible","Somewhat safe – some concerns (e.g., poor visibility, isolated location)",Yes – adequate space for passengers,"Yes – but the roof is inadequate (too tall, too small, gaps, or partial coverage)",Partial – some shade but insufficient,No – inadequate or no lighting at all,Yes – clear sightline to see the approaching buses,No - poor back support / posture,No – name is missing,No information displayed at all,Seating / bench,1,0,0,0,0,0,0,0,"Mostly Residential - Housing, Apartments, etc",No advertisements,"Too, dirty",Drainage system,1000198543-16_30_21.jpg,https://kf.kobotoolbox.org/api/v2/assets/am66CJhKEj8dCTL49UQSNG/data/784434835/attachments/attNSodQMMHBccTgVfDq4Z4X/,1000198542-16_30_25.jpg,https://kf.kobotoolbox.org/api/v2/assets/am66CJhKEj8dCTL49UQSNG/data/784434835/attachments/attQ2BpYYEHiWeVMydCdMV3e/,1000198541-16_30_28.jpg,https://kf.kobotoolbox.org/api/v2/assets/am66CJhKEj8dCTL49UQSNG/data/784434835/attachments/att5QzouqFmZBHRSmYzYXgMT/,1000185888-16_30_42.jpg,https://kf.kobotoolbox.org/api/v2/assets/am66CJhKEj8dCTL49UQSNG/data/784434835/attachments/att8ew2TRTXYQi4ioVKSStRQ/,784434835,3b4e594e-b635-47e9-bc29-6d3736552d3e,2026-06-18T16:30:50+05:30,,,submitted_via_web,,vNRRNU3SyFqnhy2xMWaa4o,,uuid:3b4e594e-b635-47e9-bc29-6d3736552d3e,84,Bengaluru,Bengaluru,12.901381,77.573226,device_gps,OK
2026-06-18T14:37:57.752000+05:30,2026-06-18T17:36:41.563000+05:30,2026-06-18T17:32:00+05:30,"Navarang, towards Rajajinagar 1st block",12.995798 77.550527 840.5 27.285999298095703,12.995798,77.550527,840.5,27.285999298095703,,Other Metal Bus Shelter (Other than Stainless Steel), Clean and Well Maintained,"Set back from the road – against a wall, compound, or building edge",1,0,0,,Yes,Yes,No,Yes - It's free of obstructions and feels safe to use,1 - this is a standalone shelter ,At the bus stop – buses pull up to the shelter/marked stop,1,0,0,0,One Step Out (30 cm to 1 meter): Passengers have to step down onto the road surface first to board.,"Footpath available to reach the bus stop from both directions Footpath is walkable and free of encroachment like parking, vendors, utility boxes, garbage, etc",1,1,0,0,0,0,0,," Yes – fully accessible, no obstructions",No – area appears well-drained,"Safe – well-lit, visible, and active surroundings",Yes – adequate space for passengers,Yes – roof is intact and effective,Yes - sufficient shade from surrounding trees,"Yes – lit by nearby street lights, shop fronts, or advertisement boards",Yes – clear sightline to see the approaching buses,"Yes - the seating is of the right height, width, and depth to sit comfortably while waiting for the bus",No – name is missing,No information displayed at all,Seating / bench Sufficient seating for the number of people typically waiting,1,1,0,0,0,0,0,0,"Mostly Residential - Housing, Apartments, etc",Yes – advertisements dominate; passenger information is secondary,,,1000435147-17_36_32.jpg,https://kf.kobotoolbox.org/api/v2/assets/am66CJhKEj8dCTL49UQSNG/data/784523075/attachments/att7eyDHBajenrDsZjJLcf3j/,,,,,,,784523075,62261851-20db-45f9-affc-51c2a7fa99ba,2026-06-18T17:36:45+05:30,,,submitted_via_web,,vNRRNU3SyFqnhy2xMWaa4o,,uuid:62261851-20db-45f9-affc-51c2a7fa99ba,85,Bengaluru,Bengaluru,12.995798,77.550527,device_gps,OK
2026-06-18T17:36:41.696000+05:30,2026-06-18T17:42:09.222000+05:30,2026-06-18T17:38:00+05:30,Mahalaxmi layout entrance/metro towards iskcon,13.009007 77.548876 842.2999877929688 32.3849983215332,13.009007,77.548876,842.2999877929688,32.3849983215332,,Other Metal Bus Shelter (Other than Stainless Steel), Clean and Well Maintained,On the road edge / footpath edge – directly adjacent to traffic,0,1,0,,No,No,No,,2,At the bus stop – buses pull up to the shelter/marked stop,1,0,0,0,One Step Out (30 cm to 1 meter): Passengers have to step down onto the road surface first to board.,"Footpath available to reach the bus stop from both directions Footpath is walkable and free of encroachment like parking, vendors, utility boxes, garbage, etc",1,1,0,0,0,0,0,," Yes – fully accessible, no obstructions",No – area appears well-drained,"Somewhat safe – some concerns (e.g., poor visibility, isolated location)",Yes – adequate space for passengers,"Yes – but the roof is inadequate (too tall, too small, gaps, or partial coverage)",Yes - sufficient shade from surrounding trees,Partially – some light but insufficient,Yes – clear sightline to see the approaching buses,"Yes - the seating is of the right height, width, and depth to sit comfortably while waiting for the bus",No – name is missing,No information displayed at all,Seating / bench,1,0,0,0,0,0,0,0,"Mostly Residential - Housing, Apartments, etc",No advertisements,,,1000435152-17_41_39.jpg,https://kf.kobotoolbox.org/api/v2/assets/am66CJhKEj8dCTL49UQSNG/data/784530332/attachments/attE2KZoVyAZ8tcqNFW4qHLH/,1000435153-17_41_47.jpg,https://kf.kobotoolbox.org/api/v2/assets/am66CJhKEj8dCTL49UQSNG/data/784530332/attachments/attLC2vc7PREuPHKpRC3nwtR/,,,,,784530332,f410d9de-a8cb-458f-a7e6-fe913f0ceaad,2026-06-18T17:42:14+05:30,,,submitted_via_web,,vNRRNU3SyFqnhy2xMWaa4o,,uuid:f410d9de-a8cb-458f-a7e6-fe913f0ceaad,86,Bengaluru,Bengaluru,13.009007,77.548876,device_gps,OK
2026-06-18T17:42:09.402000+05:30,2026-06-18T17:46:46.361000+05:30,2026-06-18T17:42:00+05:30,"Yeshwantpur railway station, towards yeshwantpur ttmc",13.017792 77.55365 841.5999755859375 3.200000047683716,13.017792,77.55365,841.5999755859375,3.200000047683716,,No Shelter and No Signboard,,On the road edge / footpath edge – directly adjacent to traffic,0,1,0,,No,No,No,,,Bus stop not clearly marked,0,0,1,0,No footpath available,None of the above,0,0,0,0,0,0,1,,Heavily encroached – the stop is largely unusable because of obstructions,Unsure,"Unsafe – poorly lit, isolated, or has a history of feeling threatening",,,No – exposed to full sun,No – inadequate or no lighting at all,,,,,None of the Above,0,0,0,0,0,0,0,1,Other,,Stops right side of road. Very dangerous stop.,"Passengers get down in traffic. No footpath, nothing exists",1000435154-17_46_32.jpg,https://kf.kobotoolbox.org/api/v2/assets/am66CJhKEj8dCTL49UQSNG/data/784536536/attachments/attnTQAmxgsWHmBUw7S88Go9/,,,,,,,784536536,9742e54a-71b2-4c16-aadc-8bc5e0c23263,2026-06-18T17:46:50+05:30,,,submitted_via_web,,vNRRNU3SyFqnhy2xMWaa4o,,uuid:9742e54a-71b2-4c16-aadc-8bc5e0c23263,87,Bengaluru,Bengaluru,13.017792,77.55365,device_gps,OK
2026-06-18T17:46:46.556000+05:30,2026-06-18T18:36:42.742000+05:30,2026-06-18T18:33:00+05:30,Attur layout towards Yelahanka new town,13.098055 77.568072 854.2000122070312 14.182000160217285,13.098055,77.568072,854.2000122070312,14.182000160217285,,No Shelter and No Signboard,,On the road edge / footpath edge – directly adjacent to traffic,0,1,0,,No,No,No,,,Bus stop not clearly marked,0,0,1,0,"Way Out in the Road (More than 1 meter): The bus stops far from the footpath, blocking a lane of traffic, forcing people to walk across active traffic to board the bus",Pedestrian crossing at/close to the bus stop to cross the road?,0,0,0,0,0,1,0,,"Partially encroached – e.g., vendors, parked two-wheelers, auto-rickshaws, construction material",No – area appears well-drained,"Safe – well-lit, visible, and active surroundings",,,No – exposed to full sun,No – inadequate or no lighting at all,,,,,None of the Above,0,0,0,0,0,0,0,1,"Mostly commercial - Retail shops. restaurants, cafes, markets, etc",,Parked vehicle all time,,1000435164-18_36_37.jpg,https://kf.kobotoolbox.org/api/v2/assets/am66CJhKEj8dCTL49UQSNG/data/784602547/attachments/attoTnYAN9N2qxFb8L3zigK5/,,,,,,,784602547,674adb6f-1e37-4b63-a749-886ee6d0a4b4,2026-06-18T18:36:45+05:30,,,submitted_via_web,,vNRRNU3SyFqnhy2xMWaa4o,,uuid:674adb6f-1e37-4b63-a749-886ee6d0a4b4,88,Bengaluru,Bengaluru,13.098055,77.568072,device_gps,OK
2026-06-18T18:35:22.123000+05:30,2026-06-18T18:39:30.101000+05:30,2026-06-18T18:35:00+05:30,Swamy Vivekananda Metro Station Resurectio Church  (Towards CV Raman Nagara Hospital),12.985403 77.645211 838.5999755859375 64.0999984741211,12.985403,77.645211,838.5999755859375,64.0999984741211,,No Shelter and No Signboard,,"Set back from the road – against a wall, compound, or building edge On the road edge / footpath edge – directly adjacent to traffic The road/footpath is too narrow ",1,1,1,,Yes,Yes,Yes,Yes - It's free of obstructions and feels safe to use,,Away from the bus stop – buses stop before or beyond the shelter/marked location Bus stop not clearly marked,0,1,1,0,One Step Out (30 cm to 1 meter): Passengers have to step down onto the road surface first to board.,"Footpath available to reach the bus stop from both directions Footpath is walkable and free of encroachment like parking, vendors, utility boxes, garbage, etc Pedestrian crossing at/close to the bus stop to cross the road?",1,1,0,0,0,1,0,,"Partially encroached – e.g., vendors, parked two-wheelers, auto-rickshaws, construction material",No – area appears well-drained,"Unsafe – poorly lit, isolated, or has a history of feeling threatening",,,Yes - sufficient shade from surrounding trees,No – inadequate or no lighting at all,,,,,None of the Above,0,0,0,0,0,0,0,1,"Mostly Institutional - Schools, Hospitals, Govt. Offices, etc",,,,1000177795-18_39_17.jpg,https://kf.kobotoolbox.org/api/v2/assets/am66CJhKEj8dCTL49UQSNG/data/784606151/attachments/attwP4A9cmuvzBpe2WgfWUN5/,,,,,,,784606151,40b8dfb2-7545-41bc-9b4a-030fb94d15ac,2026-06-18T18:39:36+05:30,,,submitted_via_web,,vNRRNU3SyFqnhy2xMWaa4o,,uuid:40b8dfb2-7545-41bc-9b4a-030fb94d15ac,89,Bengaluru,Bengaluru,12.985403,77.645211,device_gps,OK
2026-06-19T07:46:43.585000+05:30,2026-06-19T07:57:46.867000+05:30,2026-06-19T07:51:00+05:30,HSR 14th main towards Koramangala,12.919535 77.638303 811 4,12.919535,77.638303,811,4,,Other Metal Bus Shelter (Other than Stainless Steel), Clean and Well Maintained,"Set back from the road – against a wall, compound, or building edge",1,0,0,,No,Yes,No,,2,Unsure / not observed,0,0,0,1,Unsure / not observed,Footpath available to reach the bus stop from both directions,1,0,0,0,0,0,0,,"Partially encroached – e.g., vendors, parked two-wheelers, auto-rickshaws, construction material","Yes – signs of standing water, algae, or drainage issues visible","Somewhat safe – some concerns (e.g., poor visibility, isolated location)",Yes – adequate space for passengers,Yes – roof is intact and effective,Yes – sufficient shade from the bus shelter,Unsure / Not observed,"No – sightline is blocked (by structure, advertisement boards, trees, or parked vehicles)",No - poor back support / posture,No – name is missing,No information displayed at all,Seating / bench Sufficient seating for the number of people typically waiting,1,1,0,0,0,0,0,0,Compound Wall / Dead Edge - No activity near the stop,Yes – advertisements dominate; passenger information is secondary,Led board active with route information but bus stop not marked on Google maps.,,1000128184-7_57_25.jpg,https://kf.kobotoolbox.org/api/v2/assets/am66CJhKEj8dCTL49UQSNG/data/785195562/attachments/attH8udShynttjfJYrFudSMD/,1000128185-7_57_31.jpg,https://kf.kobotoolbox.org/api/v2/assets/am66CJhKEj8dCTL49UQSNG/data/785195562/attachments/atthrZC52wqsVhTgJAytyRUS/,,,,,785195562,217b1c03-1944-4bd9-8094-54b3b9a1b834,2026-06-19T07:57:52+05:30,,,submitted_via_web,,vNRRNU3SyFqnhy2xMWaa4o,,uuid:217b1c03-1944-4bd9-8094-54b3b9a1b834,90,Bengaluru,Bengaluru,12.919535,77.638303,device_gps,OK
2026-06-19T07:57:47.157000+05:30,2026-06-19T08:15:17.672000+05:30,2026-06-19T08:11:00+05:30,Jakkasandra (Towards St.Johns),12.925145 77.636843 813.2999877929688 23.641000747680664,12.925145,77.636843,813.2999877929688,23.641000747680664,,No Shelter and No Signboard,,"Set back from the road – against a wall, compound, or building edge On the road edge / footpath edge – directly adjacent to traffic The road/footpath is too narrow ",1,1,1,,No,No,No,,,Bus stop not clearly marked,0,0,1,0,One Step Out (30 cm to 1 meter): Passengers have to step down onto the road surface first to board.,Footpath available to reach the bus stop from both directions,1,0,0,0,0,0,0,,"Partially encroached – e.g., vendors, parked two-wheelers, auto-rickshaws, construction material","Yes – signs of standing water, algae, or drainage issues visible","Somewhat safe – some concerns (e.g., poor visibility, isolated location)",,,Partial – some shade but insufficient,No – inadequate or no lighting at all,,,,,None of the Above,0,0,0,0,0,0,0,1,"Mostly Institutional - Schools, Hospitals, Govt. Offices, etc",,,,1000128187-8_15_14.jpg,https://kf.kobotoolbox.org/api/v2/assets/am66CJhKEj8dCTL49UQSNG/data/785199972/attachments/attXEozjf7cQRSyJLzU9dtyN/,,,,,,,785199972,02290797-f350-43e3-b8e5-5fce56882c21,2026-06-19T08:15:22+05:30,,,submitted_via_web,,vNRRNU3SyFqnhy2xMWaa4o,,uuid:02290797-f350-43e3-b8e5-5fce56882c21,91,Bengaluru,Bengaluru,12.925145,77.636843,device_gps,OK
2026-06-19T08:15:17.848000+05:30,2026-06-19T08:22:39.163000+05:30,2026-06-19T08:20:00+05:30,Jakkasandra (Towards Agara),12.925154 77.637411 812.8999633789062 16.28499984741211,12.925154,77.637411,812.8999633789062,16.28499984741211,,Other Metal Bus Shelter (Other than Stainless Steel),Satisfactory – minor wear/dusty but usable,On the road edge / footpath edge – directly adjacent to traffic The road/footpath is too narrow ,0,1,1,,No,No,No,,1 - this is a standalone shelter ,At the bus stop – buses pull up to the shelter/marked stop Away from the bus stop – buses stop before or beyond the shelter/marked location,1,1,0,0,One Step Out (30 cm to 1 meter): Passengers have to step down onto the road surface first to board.,Footpath available to reach the bus stop from both directions,1,0,0,0,0,0,0,,"Partially encroached – e.g., vendors, parked two-wheelers, auto-rickshaws, construction material","Yes – signs of standing water, algae, or drainage issues visible","Somewhat safe – some concerns (e.g., poor visibility, isolated location)", No – overcrowded or high number of people standing on the road,"Yes – but the roof is inadequate (too tall, too small, gaps, or partial coverage)",Partial – some shade but insufficient,Partially – some light but insufficient,"No – sightline is blocked (by structure, advertisement boards, trees, or parked vehicles)",No - poor back support / posture,No – name is missing,Yes – route list is prominently displayed and appears current,Seating / bench Public toilet nearby (within eyesight) Digital information boards with real time arrival information and service alerts,1,0,0,0,1,0,1,0,"Mixed Use - A mix of commercial/residential/office, etc",Yes – advertisements dominate; passenger information is secondary,,,1000128186-8_18_54.jpg,https://kf.kobotoolbox.org/api/v2/assets/am66CJhKEj8dCTL49UQSNG/data/785201807/attachments/attqeiDjsbC82XHE79DNDcE5/,1000128188-8_22_2.jpg,https://kf.kobotoolbox.org/api/v2/assets/am66CJhKEj8dCTL49UQSNG/data/785201807/attachments/attz943m6fe3AV2efb2QWH5v/,,,,,785201807,6909dc19-ce13-47d2-90b7-ac44848c95d0,2026-06-19T08:22:44+05:30,,,submitted_via_web,,vNRRNU3SyFqnhy2xMWaa4o,,uuid:6909dc19-ce13-47d2-90b7-ac44848c95d0,92,Bengaluru,Bengaluru,12.925154,77.637411,device_gps,OK
2026-06-19T08:22:39.403000+05:30,2026-06-19T08:38:40.019000+05:30,2026-06-19T08:27:00+05:30,Koramangala (Towards Agara),12.925271 77.634838 818 19.85700035095215,12.925271,77.634838,818,19.85700035095215,,Other Metal Bus Shelter (Other than Stainless Steel),Satisfactory – minor wear/dusty but usable,On the road edge / footpath edge – directly adjacent to traffic The road/footpath is too narrow ,0,1,1,,No,No,No,,3,At the bus stop – buses pull up to the shelter/marked stop,1,0,0,0,One Step Out (30 cm to 1 meter): Passengers have to step down onto the road surface first to board.,Footpath available to reach the bus stop from both directions Pedestrian crossing at/close to the bus stop to cross the road?,1,0,0,0,0,1,0,,"Partially encroached – e.g., vendors, parked two-wheelers, auto-rickshaws, construction material","Yes – signs of standing water, algae, or drainage issues visible","Somewhat safe – some concerns (e.g., poor visibility, isolated location)",Yes – adequate space for passengers,Yes – roof is intact and effective,Yes - from both bus shelter AND trees,Unsure / Not observed,"No – sightline is blocked (by structure, advertisement boards, trees, or parked vehicles)",No - poor back support / posture,No – name is missing,Yes – route list is prominently displayed and appears current,Seating / bench Public toilet nearby (within eyesight) Digital information boards with real time arrival information and service alerts,1,0,0,0,1,0,1,0,"Mixed Use - A mix of commercial/residential/office, etc",Yes – advertisements dominate; passenger information is secondary,,,1000128190-8_38_8.jpg,https://kf.kobotoolbox.org/api/v2/assets/am66CJhKEj8dCTL49UQSNG/data/785205694/attachments/attF5T6BaNksxz5md3ygkZ9N/,1000128189-8_31_25.jpg,https://kf.kobotoolbox.org/api/v2/assets/am66CJhKEj8dCTL49UQSNG/data/785205694/attachments/attPgWE3oKNNfCb9sSPDuwJ9/,,,,,785205694,6f188f54-95e6-4f96-8ef2-f20c8dbc1de1,2026-06-19T08:38:45+05:30,,,submitted_via_web,,vNRRNU3SyFqnhy2xMWaa4o,,uuid:6f188f54-95e6-4f96-8ef2-f20c8dbc1de1,93,Bengaluru,Bengaluru,12.925271,77.634838,device_gps,OK
2026-06-19T08:38:40.211000+05:30,2026-06-19T09:07:09.312000+05:30,2026-06-19T09:03:00+05:30,St.Francis College (towards Agara),12.924435 77.63058 825.2000122070312 2.299999952316284,12.924435,77.63058,825.2000122070312,2.299999952316284,,Other Metal Bus Shelter (Other than Stainless Steel),Satisfactory – minor wear/dusty but usable,On the road edge / footpath edge – directly adjacent to traffic,0,1,0,,No,No,No,,3,At the bus stop – buses pull up to the shelter/marked stop,1,0,0,0,One Step Out (30 cm to 1 meter): Passengers have to step down onto the road surface first to board.,Footpath available to reach the bus stop from both directions,1,0,0,0,0,0,0,,"Partially encroached – e.g., vendors, parked two-wheelers, auto-rickshaws, construction material","Yes – signs of standing water, algae, or drainage issues visible","Somewhat safe – some concerns (e.g., poor visibility, isolated location)",Yes – adequate space for passengers,"Yes – but the roof is inadequate (too tall, too small, gaps, or partial coverage)",Yes - from both bus shelter AND trees,Partially – some light but insufficient,"No – sightline is blocked (by structure, advertisement boards, trees, or parked vehicles)",No - poor back support / posture,"Yes – but faded, small, or difficult to read","Yes – but information is unclear, faded, or partially missing",Seating / bench Digital information boards with real time arrival information and service alerts,1,0,0,0,0,0,1,0,"Mostly Institutional - Schools, Hospitals, Govt. Offices, etc",Yes – advertisements dominate; passenger information is secondary,,,1000128197-9_6_48.jpg,https://kf.kobotoolbox.org/api/v2/assets/am66CJhKEj8dCTL49UQSNG/data/785213945/attachments/attkmtwDWyfS6HqyJreV9vkX/,,,,,,,785213945,156f1924-db31-46ae-b9eb-e074ecc23891,2026-06-19T09:07:14+05:30,,,submitted_via_web,,vNRRNU3SyFqnhy2xMWaa4o,,uuid:156f1924-db31-46ae-b9eb-e074ecc23891,94,Bengaluru,Bengaluru,12.924435,77.63058,device_gps,OK
2026-06-19T09:07:09.526000+05:30,2026-06-19T09:18:21.684000+05:30,2026-06-19T09:10:00+05:30,St.Francis College (Towards St. Johns),12.924583 77.631013 824.7000122070312 11.800000190734863,12.924583,77.631013,824.7000122070312,11.800000190734863,,Other Metal Bus Shelter (Other than Stainless Steel),Satisfactory – minor wear/dusty but usable,"Set back from the road – against a wall, compound, or building edge On the road edge / footpath edge – directly adjacent to traffic",1,1,0,,No,No,No,,3,At the bus stop – buses pull up to the shelter/marked stop Away from the bus stop – buses stop before or beyond the shelter/marked location,1,1,0,0,One Step Out (30 cm to 1 meter): Passengers have to step down onto the road surface first to board.,Footpath available to reach the bus stop from both directions,1,0,0,0,0,0,0,," Yes – fully accessible, no obstructions","Yes – signs of standing water, algae, or drainage issues visible","Somewhat safe – some concerns (e.g., poor visibility, isolated location)",Yes – adequate space for passengers,"Yes – but the roof is inadequate (too tall, too small, gaps, or partial coverage)",Partial – some shade but insufficient,Partially – some light but insufficient,Yes – clear sightline to see the approaching buses,No - poor back support / posture,No – name is missing,"Yes – but information is unclear, faded, or partially missing",Seating / bench,1,0,0,0,0,0,0,0,"Mixed Use - A mix of commercial/residential/office, etc",Yes – advertisements dominate; passenger information is secondary,,,1000128196-9_13_31.jpg,https://kf.kobotoolbox.org/api/v2/assets/am66CJhKEj8dCTL49UQSNG/data/785217435/attachments/attAT7pSzE2py3MP4h3nYnR3/,1000128198-9_18_19.jpg,https://kf.kobotoolbox.org/api/v2/assets/am66CJhKEj8dCTL49UQSNG/data/785217435/attachments/attZgHLs7xn7ceCkMJmUempj/,,,,,785217435,88a5173c-dff2-48ab-9152-db566bc53b81,2026-06-19T09:18:27+05:30,,,submitted_via_web,,vNRRNU3SyFqnhy2xMWaa4o,,uuid:88a5173c-dff2-48ab-9152-db566bc53b81,95,Bengaluru,Bengaluru,12.924583,77.631013,device_gps,OK
2026-06-19T09:18:21.873000+05:30,2026-06-19T09:32:02.012000+05:30,2026-06-19T09:26:00+05:30,Koramangala (Towards St.Johns),12.924941 77.634067 820.3999633789062 38.516998291015625,12.924941,77.634067,820.3999633789062,38.516998291015625,,Other Metal Bus Shelter (Other than Stainless Steel),Satisfactory – minor wear/dusty but usable,On the road edge / footpath edge – directly adjacent to traffic,0,1,0,,No,No,No,,3,Away from the bus stop – buses stop before or beyond the shelter/marked location,0,1,0,0,One Step Out (30 cm to 1 meter): Passengers have to step down onto the road surface first to board.,Footpath available to reach the bus stop from both directions,1,0,0,0,0,0,0,,"Partially encroached – e.g., vendors, parked two-wheelers, auto-rickshaws, construction material","Yes – signs of standing water, algae, or drainage issues visible","Somewhat safe – some concerns (e.g., poor visibility, isolated location)", No – overcrowded or high number of people standing on the road,"Yes – but the roof is inadequate (too tall, too small, gaps, or partial coverage)",Partial – some shade but insufficient,Unsure / Not observed,Yes – clear sightline to see the approaching buses,No - poor back support / posture,"Yes – but faded, small, or difficult to read",Yes – but information seems outdated or unreliable,Seating / bench Public toilet nearby (within eyesight) Digital information boards with real time arrival information and service alerts,1,0,0,0,1,0,1,0,"Mixed Use - A mix of commercial/residential/office, etc",Yes – advertisements dominate; passenger information is secondary,,,1000128191-9_31_52.jpg,https://kf.kobotoolbox.org/api/v2/assets/am66CJhKEj8dCTL49UQSNG/data/785221983/attachments/attT8fCaFTu7niZmXJA7AJQ7/,1000128202-9_31_57.jpg,https://kf.kobotoolbox.org/api/v2/assets/am66CJhKEj8dCTL49UQSNG/data/785221983/attachments/attkDH4mippkoqr2bTTs7XFZ/,,,,,785221983,cbc08d15-ec31-49af-9378-726373317caf,2026-06-19T09:32:07+05:30,,,submitted_via_web,,vNRRNU3SyFqnhy2xMWaa4o,,uuid:cbc08d15-ec31-49af-9378-726373317caf,96,Bengaluru,Bengaluru,12.924941,77.634067,device_gps,OK
2026-06-08T09:06:53.456000+05:30,2026-06-19T10:32:07.299000+05:30,2026-06-19T10:28:00+05:30,"Bishop cotton boys school, Residency Road",12.967115 77.599449 842.2000122070312 15.881999969482422,12.967115,77.599449,842.2000122070312,15.881999969482422,,Other Metal Bus Shelter (Other than Stainless Steel),Satisfactory – minor wear/dusty but usable,"Set back from the road – against a wall, compound, or building edge",1,0,0,,No,Yes,No,,3,At the bus stop – buses pull up to the shelter/marked stop,1,0,0,0,Perfect / Flush (Less than 30 cm): Passengers can step directly from the footpath onto the bus.,"Footpath available to reach the bus stop from both directions Footpath is walkable and free of encroachment like parking, vendors, utility boxes, garbage, etc Pedestrian crossing at/close to the bus stop to cross the road?",1,1,0,0,0,1,0,," Yes – fully accessible, no obstructions",No – area appears well-drained,"Somewhat safe – some concerns (e.g., poor visibility, isolated location)", No – overcrowded or high number of people standing on the road,"Yes – but the roof is inadequate (too tall, too small, gaps, or partial coverage)",Yes - sufficient shade from surrounding trees,"Yes – lit by nearby street lights, shop fronts, or advertisement boards",Yes – clear sightline to see the approaching buses,No - the seating is too small to sit comfortably ,Yes – name is prominently visible and legible,No information displayed at all,Seating / bench,1,0,0,0,0,0,0,0,"Mixed Use - A mix of commercial/residential/office, etc",Yes – advertisements dominate; passenger information is secondary,,"Cleanliness, Adequate Lighting",1000284145-10_32_3.jpg,https://kf.kobotoolbox.org/api/v2/assets/am66CJhKEj8dCTL49UQSNG/data/785243079/attachments/attUjF77EHBAKoBNqcY45RDZ/,,,,,,,785243079,d290e904-dd98-4865-a440-05a155a168e7,2026-06-19T10:32:10+05:30,,,submitted_via_web,,v9nnSVBz8Dj2TFQddrtot2,,uuid:d290e904-dd98-4865-a440-05a155a168e7,97,Bengaluru,Bengaluru,12.967115,77.599449,device_gps,OK
2026-06-19T12:10:50.713000+05:30,2026-06-19T12:16:31.036000+05:30,2026-06-19T12:10:00+05:30,Hennur Junction (Towards Hebbala),13.0298396 77.6310277 0 0,13.0298396,77.6310277,0,0,,Stainless Steel Bus Shelter,Satisfactory – minor wear/dusty but usable,"Set back from the road – against a wall, compound, or building edge",1,0,0,,No,Yes,Yes,,2,At the bus stop – buses pull up to the shelter/marked stop Away from the bus stop – buses stop before or beyond the shelter/marked location,1,1,0,0,Perfect / Flush (Less than 30 cm): Passengers can step directly from the footpath onto the bus.,Footpath available to reach the bus stop from both directions,1,0,0,0,0,0,0,,"Partially encroached – e.g., vendors, parked two-wheelers, auto-rickshaws, construction material",Unsure,"Somewhat safe – some concerns (e.g., poor visibility, isolated location)",Yes – adequate space for passengers,Yes – roof is intact and effective,Yes – sufficient shade from the bus shelter,Unsure / Not observed,Yes – clear sightline to see the approaching buses,"Yes - the seating is of the right height, width, and depth to sit comfortably while waiting for the bus",No – name is missing,No information displayed at all,Seating / bench Sufficient seating for the number of people typically waiting,1,1,0,0,0,0,0,0,"Mostly Residential - Housing, Apartments, etc",No advertisements,"Just after an underpass, fast moving traffic gets blocked due to buses stopping.  Footpath of service road beside is a step down below",Better info and cleaning the bus shelter,1000168605-12_16_23.jpg,https://kf.kobotoolbox.org/api/v2/assets/am66CJhKEj8dCTL49UQSNG/data/785304307/attachments/attc7L3dHWDKM35wcDcQth2R/,1000168607-12_16_28.jpg,https://kf.kobotoolbox.org/api/v2/assets/am66CJhKEj8dCTL49UQSNG/data/785304307/attachments/attRCcdAU2736cUmq9hBu5Ch/,,,,,785304307,dd785fec-d3d7-4889-8d40-0b28c17ac64e,2026-06-19T12:16:37+05:30,,,submitted_via_web,,vNRRNU3SyFqnhy2xMWaa4o,,uuid:dd785fec-d3d7-4889-8d40-0b28c17ac64e,98,Bengaluru,Bengaluru,13.0298396,77.6310277,device_gps,OK
2026-06-19T12:16:09.217000+05:30,2026-06-19T12:21:44.335000+05:30,2026-06-19T12:16:00+05:30,NAL Manipal Hospital,12.959288 77.650614 828.8999633789062 81.7030029296875,12.959288,77.650614,828.8999633789062,81.7030029296875,,Stainless Steel Bus Shelter, Clean and Well Maintained,On the road edge / footpath edge – directly adjacent to traffic,0,1,0,,Yes,No,Yes,Yes - It's free of obstructions and feels safe to use,2,At the bus stop – buses pull up to the shelter/marked stop,1,0,0,0,Perfect / Flush (Less than 30 cm): Passengers can step directly from the footpath onto the bus.,"Footpath available to reach the bus stop from both directions Footpath is walkable and free of encroachment like parking, vendors, utility boxes, garbage, etc Ramp for wheelchair users to access the bus stop Ramp is in usable condition (not too steep, not broken, nor blocked) Pedestrian crossing at/close to the bus stop to cross the road?",1,1,1,1,0,1,0,," Yes – fully accessible, no obstructions",No – area appears well-drained,"Safe – well-lit, visible, and active surroundings",Yes – adequate space for passengers,Yes – roof is intact and effective,Yes – sufficient shade from the bus shelter,Unsure / Not observed,Yes – clear sightline to see the approaching buses,No - the seating is too high ,No – name is missing,"Yes – but information is unclear, faded, or partially missing",Seating / bench Sufficient seating for the number of people typically waiting,1,1,0,0,0,0,0,0,"Mostly Institutional - Schools, Hospitals, Govt. Offices, etc",Yes – advertisements dominate; passenger information is secondary,,,1000332775-12_21_39.jpg,https://kf.kobotoolbox.org/api/v2/assets/am66CJhKEj8dCTL49UQSNG/data/785308364/attachments/attwA3iGr9vxSdxXARsmtdQ7/,,,,,,,785308364,c57a67dc-8018-4572-86ee-49f17a954057,2026-06-19T12:21:52+05:30,,,submitted_via_web,,vNRRNU3SyFqnhy2xMWaa4o,,uuid:c57a67dc-8018-4572-86ee-49f17a954057,99,Bengaluru,Bengaluru,12.959288,77.650614,device_gps,OK
2026-06-19T17:25:59.108000+05:30,2026-06-19T18:04:51.395000+05:30,2026-06-19T17:26:00+05:30,Koramangala Water Tank (Towards Koramangala),,,,,,https://maps.app.goo.gl/RaFL1vwVZFe4DAzK8,No Shelter and No Signboard,,On the road edge / footpath edge – directly adjacent to traffic,0,1,0,,No,No,No,,,Bus stop not clearly marked,0,0,1,0,No footpath available,None of the above,0,0,0,0,0,0,1,,"Partially encroached – e.g., vendors, parked two-wheelers, auto-rickshaws, construction material",Unsure,"Unsafe – poorly lit, isolated, or has a history of feeling threatening",,,Partial – some shade but insufficient,No – inadequate or no lighting at all,,,,,None of the Above,0,0,0,0,0,0,0,1,Compound Wall / Dead Edge - No activity near the stop,,"There is a bus stop (Koramangala BDA complex) nearby. However, this is a popular bus stop and is used to go into Indranagar from Dairy Circle and surrounding areas. There is govt construction activity (unsure if flyover or metro) that makes the place perenially dusty with random material thrown about, which add to the restriction of space to move, and the lack of footpath makes it dangerous to walk by this area, and heavily daunting at night.","Lighting, clear marking of space for bus stop, with adeuqate area to stand/sit safely.",20260619_175521-18_4_40.jpg,https://kf.kobotoolbox.org/api/v2/assets/am66CJhKEj8dCTL49UQSNG/data/785688457/attachments/attd5UWZubCHsrnjnwbGv6Kf/,,,,,,,785688457,99b0763d-bf19-47ef-b67c-bf1799a12a35,2026-06-19T18:04:56+05:30,,,submitted_via_web,,vNRRNU3SyFqnhy2xMWaa4o,,uuid:99b0763d-bf19-47ef-b67c-bf1799a12a35,100,Bengaluru,Bengaluru,12.9290117,77.62148839999999,gmaps_link,OK
2026-06-15T23:13:04.551000+05:30,2026-06-19T23:07:20.279000+05:30,2026-06-19T18:00:00+05:30,Rahmat nagar Stop ( RT nagar main rd. Towards Mekhri/Doordarshan),13.01762 77.591951 851.8999633789062 14.109000205993652,13.01762,77.591951,851.8999633789062,14.109000205993652,,Stainless Steel Bus Shelter, Clean and Well Maintained,On the road edge / footpath edge – directly adjacent to traffic,0,1,0,,Yes,No,No,No - It's obstructed due to encroachment ,1 - this is a standalone shelter ,At the bus stop – buses pull up to the shelter/marked stop,1,0,0,0,One Step Out (30 cm to 1 meter): Passengers have to step down onto the road surface first to board.,Footpath available to reach the bus stop from both directions,1,0,0,0,0,0,0,,"Partially encroached – e.g., vendors, parked two-wheelers, auto-rickshaws, construction material",Unsure,"Safe – well-lit, visible, and active surroundings",Yes – adequate space for passengers,Yes – roof is intact and effective,Yes – sufficient shade from the bus shelter,Yes – the bus shelter itself has a working light,Yes – clear sightline to see the approaching buses,"Yes - the seating is of the right height, width, and depth to sit comfortably while waiting for the bus",Yes – name is prominently visible and legible,No information displayed at all,Seating / bench Sufficient seating for the number of people typically waiting,1,1,0,0,0,0,0,0,"Mostly commercial - Retail shops. restaurants, cafes, markets, etc",Yes – advertisements dominate; passenger information is secondary,Built in Feb-Match 2026. Full of political promotion. Til jun - no passenger utility information provided,Bus information to be provided. Space behind not allow to be encroached by shop steps/ others etc,1000505557-23_6_52.jpg,https://kf.kobotoolbox.org/api/v2/assets/am66CJhKEj8dCTL49UQSNG/data/786047137/attachments/attHe8NrzAeD7Cm2vMvYrH74/,1000505559-23_7_6.jpg,https://kf.kobotoolbox.org/api/v2/assets/am66CJhKEj8dCTL49UQSNG/data/786047137/attachments/attp2Co5YEPNXbmEjQ9oKCRn/,1000505558-23_7_13.jpg,https://kf.kobotoolbox.org/api/v2/assets/am66CJhKEj8dCTL49UQSNG/data/786047137/attachments/attfR3k7ndXLn5jHFD2Tpfep/,,,786047137,64b06437-8ee9-4650-9b59-27f388dba4ba,2026-06-19T23:07:23+05:30,,,submitted_via_web,,vNRRNU3SyFqnhy2xMWaa4o,,uuid:64b06437-8ee9-4650-9b59-27f388dba4ba,101,Bengaluru,Bengaluru,13.01762,77.591951,device_gps,OK
2026-06-19T23:07:20.481000+05:30,2026-06-19T23:19:49.050000+05:30,2026-06-19T18:40:00+05:30,RT Nagar HMT Grounds Bus Stop ( towards cbi rd),13.02543 77.592958 0 0,13.02543,77.592958,0,0,,Other Metal Bus Shelter (Other than Stainless Steel),Satisfactory – minor wear/dusty but usable,On the road edge / footpath edge – directly adjacent to traffic,0,1,0,,Yes,Yes,Yes,No - It's obstructed due to encroachment ,3,At the bus stop – buses pull up to the shelter/marked stop,1,0,0,0,One Step Out (30 cm to 1 meter): Passengers have to step down onto the road surface first to board.,Footpath available to reach the bus stop from both directions,1,0,0,0,0,0,0,,"Partially encroached – e.g., vendors, parked two-wheelers, auto-rickshaws, construction material",Unsure,"Somewhat safe – some concerns (e.g., poor visibility, isolated location)", No – overcrowded or high number of people standing on the road,Yes – roof is intact and effective,Yes – sufficient shade from the bus shelter,Partially – some light but insufficient,Yes – clear sightline to see the approaching buses,No - the seating is too small to sit comfortably ,No – name is missing,Yes – route list is prominently displayed and appears current,Seating / bench,1,0,0,0,0,0,0,0,"Mostly commercial - Retail shops. restaurants, cafes, markets, etc",Yes – advertisements present but passenger information is still clearly visible,Not all bus stops have bus information or bus stop name.,Clear the vendors behind. Autos parked near bus stop. Maintain well provide bus detailss etc,1000505552-23_19_22.jpg,https://kf.kobotoolbox.org/api/v2/assets/am66CJhKEj8dCTL49UQSNG/data/786057845/attachments/attKEhCJexCo8NieaAg2W54D/,1000505551-23_19_37.jpg,https://kf.kobotoolbox.org/api/v2/assets/am66CJhKEj8dCTL49UQSNG/data/786057845/attachments/attfMTnuD2vYnZZzYywCf73z/,1000505553-23_19_44.jpg,https://kf.kobotoolbox.org/api/v2/assets/am66CJhKEj8dCTL49UQSNG/data/786057845/attachments/attVTYKjiv6c268q22V9SFqg/,,,786057845,50c29c7e-dde4-4f3b-9dcf-1c17ca8808c3,2026-06-19T23:19:52+05:30,,,submitted_via_web,,vNRRNU3SyFqnhy2xMWaa4o,,uuid:50c29c7e-dde4-4f3b-9dcf-1c17ca8808c3,102,Bengaluru,Bengaluru,13.02543,77.592958,device_gps,OK
2026-06-19T23:19:49.224000+05:30,2026-06-19T23:30:37.799000+05:30,2026-06-19T18:40:00+05:30,"CBI Bus Stop, CBI rd ( towards Bellary rd)",13.02685 77.586355 0 0,13.02685,77.586355,0,0,,Stainless Steel Bus Shelter, Clean and Well Maintained,On the road edge / footpath edge – directly adjacent to traffic,0,1,0,,No,No,No,,1 - this is a standalone shelter ,At the bus stop – buses pull up to the shelter/marked stop,1,0,0,0,One Step Out (30 cm to 1 meter): Passengers have to step down onto the road surface first to board.,Footpath available to reach the bus stop from both directions,1,0,0,0,0,0,0,,"Partially encroached – e.g., vendors, parked two-wheelers, auto-rickshaws, construction material","Yes – signs of standing water, algae, or drainage issues visible","Safe – well-lit, visible, and active surroundings",Yes – adequate space for passengers,Yes – roof is intact and effective,Yes – sufficient shade from the bus shelter,Yes – the bus shelter itself has a working light,Yes – clear sightline to see the approaching buses,"Yes - the seating is of the right height, width, and depth to sit comfortably while waiting for the bus",No – name is missing,No information displayed at all,Seating / bench,1,0,0,0,0,0,0,0,"Mostly commercial - Retail shops. restaurants, cafes, markets, etc",Yes – advertisements dominate; passenger information is secondary,Political ads. Temple structure at footpath corner obstructs footpath access to bus stop. Very busy traffic heavy rd,"Bus, stop name & passenger info to be more prominent. Remove political propaganda",1000505601-23_30_24.jpg,https://kf.kobotoolbox.org/api/v2/assets/am66CJhKEj8dCTL49UQSNG/data/786065262/attachments/attMLXDwht9NfTejat5QAiyg/,1000505600-23_30_33.jpg,https://kf.kobotoolbox.org/api/v2/assets/am66CJhKEj8dCTL49UQSNG/data/786065262/attachments/attN87EK5Gd78Kos6braGqHj/,,,,,786065262,1629816a-d9cb-4011-9a03-fdda0f9dc26a,2026-06-19T23:30:41+05:30,,,submitted_via_web,,vNRRNU3SyFqnhy2xMWaa4o,,uuid:1629816a-d9cb-4011-9a03-fdda0f9dc26a,103,Bengaluru,Bengaluru,13.02685,77.586355,device_gps,OK
2026-06-20T10:27:14.987000+05:30,2026-06-20T10:32:07.638000+05:30,2026-06-20T10:27:00+05:30,Koramangala police station (towards NGV signal),12.941433 77.621141 818.7999877929688 3.7899999618530273,12.941433,77.621141,818.7999877929688,3.7899999618530273,,"Only ""Bus Stop"" Signboard - No Bus Shelter",,On the road edge / footpath edge – directly adjacent to traffic,0,1,0,,No,No,No,,,Bus stop not clearly marked,0,0,1,0,One Step Out (30 cm to 1 meter): Passengers have to step down onto the road surface first to board.,Footpath available to reach the bus stop from both directions,1,0,0,0,0,0,0,,"Partially encroached – e.g., vendors, parked two-wheelers, auto-rickshaws, construction material","Yes – signs of standing water, algae, or drainage issues visible","Somewhat safe – some concerns (e.g., poor visibility, isolated location)",,,No – exposed to full sun,"Yes – lit by nearby street lights, shop fronts, or advertisement boards",,,No – name is missing,No information displayed at all,None of the Above,0,0,0,0,0,0,0,1,"Mostly Institutional - Schools, Hospitals, Govt. Offices, etc",,"The other side has bus stop, but not this side, so many times buses won't stop unless we wave hand or someone gets down",Have a sign board of bus stop,1000497120-10_32_1.jpg,https://kf.kobotoolbox.org/api/v2/assets/am66CJhKEj8dCTL49UQSNG/data/786297563/attachments/attDvXpSRCeSYrYQ5XdbuPNA/,1000496587-10_31_8.jpg,https://kf.kobotoolbox.org/api/v2/assets/am66CJhKEj8dCTL49UQSNG/data/786297563/attachments/attpxEDaPrfRW33tBJRS6gmr/,,,,,786297563,8a03eace-6219-470e-b308-4faec2f65d23,2026-06-20T10:32:11+05:30,,,submitted_via_web,,vNRRNU3SyFqnhy2xMWaa4o,,uuid:8a03eace-6219-470e-b308-4faec2f65d23,104,Bengaluru,Bengaluru,12.941433,77.621141,device_gps,OK
2026-06-20T10:32:07.807000+05:30,2026-06-20T10:40:23.218000+05:30,2026-06-20T10:37:00+05:30,Koramangala TTMC,12.941081 77.624369 813.8999633789062 3.7899999618530273,12.941081,77.624369,813.8999633789062,3.7899999618530273,,Stainless Steel Bus Shelter,Satisfactory – minor wear/dusty but usable,On the road edge / footpath edge – directly adjacent to traffic,0,1,0,,Yes,Yes,No,No - It's very unhygienic or feels unsafe to use,1 - this is a standalone shelter ,At the bus stop – buses pull up to the shelter/marked stop,1,0,0,0,One Step Out (30 cm to 1 meter): Passengers have to step down onto the road surface first to board.,Footpath available to reach the bus stop from both directions,1,0,0,0,0,0,0,,"Partially encroached – e.g., vendors, parked two-wheelers, auto-rickshaws, construction material","Yes – signs of standing water, algae, or drainage issues visible","Safe – well-lit, visible, and active surroundings", No – overcrowded or high number of people standing on the road,Yes – roof is intact and effective,Yes - sufficient shade from surrounding trees,"Yes – lit by nearby street lights, shop fronts, or advertisement boards",Yes – clear sightline to see the approaching buses,"Yes - the seating is of the right height, width, and depth to sit comfortably while waiting for the bus",No – name is missing,Yes – but information seems outdated or unreliable,Seating / bench,1,0,0,0,0,0,0,0,"Mostly commercial - Office buildings, malls, large stores, etc",Yes – advertisements dominate; passenger information is secondary,,,1000497131-10_40_5.jpg,https://kf.kobotoolbox.org/api/v2/assets/am66CJhKEj8dCTL49UQSNG/data/786300371/attachments/att3zBAX4RTDqsQJgk8M7r7J/,1000497129-10_40_17.jpg,https://kf.kobotoolbox.org/api/v2/assets/am66CJhKEj8dCTL49UQSNG/data/786300371/attachments/attaazuS23eLZPUWSSvVbaCF/,,,,,786300371,d18c1ce1-07ef-4a3e-bbee-e8dd79a2daa3,2026-06-20T10:40:26+05:30,,,submitted_via_web,,vNRRNU3SyFqnhy2xMWaa4o,,uuid:d18c1ce1-07ef-4a3e-bbee-e8dd79a2daa3,105,Bengaluru,Bengaluru,12.941081,77.624369,device_gps,OK
2026-06-20T10:40:23.368000+05:30,2026-06-20T10:44:33.961000+05:30,2026-06-20T10:41:00+05:30,Koramangala TTMC towards sony signal,12.940632 77.62482 813 3.9809999465942383,12.940632,77.62482,813,3.9809999465942383,,Stainless Steel Bus Shelter, Clean and Well Maintained,"Set back from the road – against a wall, compound, or building edge",1,0,0,,Yes,Yes,Yes,Yes - It's free of obstructions and feels safe to use,2,At the bus stop – buses pull up to the shelter/marked stop,1,0,0,0,One Step Out (30 cm to 1 meter): Passengers have to step down onto the road surface first to board.,Footpath available to reach the bus stop from both directions,1,0,0,0,0,0,0,,"Partially encroached – e.g., vendors, parked two-wheelers, auto-rickshaws, construction material","Yes – signs of standing water, algae, or drainage issues visible","Safe – well-lit, visible, and active surroundings",Yes – adequate space for passengers,Yes – roof is intact and effective,Yes – sufficient shade from the bus shelter,"Yes – lit by nearby street lights, shop fronts, or advertisement boards",Yes – clear sightline to see the approaching buses,"Yes - the seating is of the right height, width, and depth to sit comfortably while waiting for the bus",No – name is missing,Yes – but information seems outdated or unreliable,Seating / bench,1,0,0,0,0,0,0,0,"Mostly Institutional - Schools, Hospitals, Govt. Offices, etc",Yes – advertisements dominate; passenger information is secondary,,,1000497138-10_44_23.jpg,https://kf.kobotoolbox.org/api/v2/assets/am66CJhKEj8dCTL49UQSNG/data/786301850/attachments/att2Wi2PD7kPqMcTZemo894s/,1000497130-10_44_28.jpg,https://kf.kobotoolbox.org/api/v2/assets/am66CJhKEj8dCTL49UQSNG/data/786301850/attachments/attVneiTJhYJ2KDgUgpc3ePi/,,,,,786301850,e7559fd3-b68f-496e-84bb-c42546f0662b,2026-06-20T10:44:37+05:30,,,submitted_via_web,,vNRRNU3SyFqnhy2xMWaa4o,,uuid:e7559fd3-b68f-496e-84bb-c42546f0662b,106,Bengaluru,Bengaluru,12.940632,77.62482,device_gps,OK
2026-06-20T10:44:34.077000+05:30,2026-06-20T10:52:35.688000+05:30,2026-06-20T10:48:00+05:30,Koramangala sony world/signal (towards Agara/1st block),12.937112 77.627275 812.5 3.8580000400543213,12.937112,77.627275,812.5,3.8580000400543213,,No Shelter and No Signboard,,On the road edge / footpath edge – directly adjacent to traffic,0,1,0,,No,No,No,,,Bus stop not clearly marked,0,0,1,0,One Step Out (30 cm to 1 meter): Passengers have to step down onto the road surface first to board.,Footpath available to reach the bus stop from both directions,1,0,0,0,0,0,0,,"Partially encroached – e.g., vendors, parked two-wheelers, auto-rickshaws, construction material","Yes – signs of standing water, algae, or drainage issues visible","Safe – well-lit, visible, and active surroundings",,,No – exposed to full sun,"Yes – lit by nearby street lights, shop fronts, or advertisement boards",,,,,None of the Above,0,0,0,0,0,0,0,1,"Mostly commercial - Office buildings, malls, large stores, etc",,"Bus stop right at signal, causes traffic blockage when the bus stops","One bus stop signage, places for bus to stop a little ahead of signal",1000497143-10_52_17.jpg,https://kf.kobotoolbox.org/api/v2/assets/am66CJhKEj8dCTL49UQSNG/data/786304510/attachments/attTtr3FULA8uqJfEruyzF7N/,1000497144-10_52_21.jpg,https://kf.kobotoolbox.org/api/v2/assets/am66CJhKEj8dCTL49UQSNG/data/786304510/attachments/att6kaWS938h7JWtdQGEKVS2/,1000497142-10_52_27.jpg,https://kf.kobotoolbox.org/api/v2/assets/am66CJhKEj8dCTL49UQSNG/data/786304510/attachments/attgGSXwe3GXThrWWEqFPg8k/,,,786304510,2fe1ef82-ec43-40fb-a966-c25de215f0b4,2026-06-20T10:52:40+05:30,,,submitted_via_web,,vNRRNU3SyFqnhy2xMWaa4o,,uuid:2fe1ef82-ec43-40fb-a966-c25de215f0b4,107,Bengaluru,Bengaluru,12.937112,77.627275,device_gps,OK
2026-06-20T10:52:35.808000+05:30,2026-06-20T10:59:36.101000+05:30,2026-06-20T10:58:00+05:30,Koramangala Maharaja Signal (towards Sony signal),12.934565 77.629646 811.2000122070312 3.5390000343322754,12.934565,77.629646,811.2000122070312,3.5390000343322754,,No Shelter and No Signboard,,On the road edge / footpath edge – directly adjacent to traffic,0,1,0,,No,No,No,,,Bus stop not clearly marked,0,0,1,0,One Step Out (30 cm to 1 meter): Passengers have to step down onto the road surface first to board.,Footpath available to reach the bus stop from both directions,1,0,0,0,0,0,0,,"Partially encroached – e.g., vendors, parked two-wheelers, auto-rickshaws, construction material","Yes – signs of standing water, algae, or drainage issues visible","Safe – well-lit, visible, and active surroundings",,,Yes - sufficient shade from surrounding trees,"Yes – lit by nearby street lights, shop fronts, or advertisement boards",,,,,None of the Above,0,0,0,0,0,0,0,1,"Mostly commercial - Retail shops. restaurants, cafes, markets, etc",,,,1000497155-10_59_27.jpg,https://kf.kobotoolbox.org/api/v2/assets/am66CJhKEj8dCTL49UQSNG/data/786306717/attachments/atthvTakvKwjXNwZmRyPoVeV/,1000497156-10_59_33.jpg,https://kf.kobotoolbox.org/api/v2/assets/am66CJhKEj8dCTL49UQSNG/data/786306717/attachments/attX6fNaWVxRKkcvK4oNQrfY/,,,,,786306717,3b5f7803-0689-45c3-929c-1a0666193802,2026-06-20T10:59:41+05:30,,,submitted_via_web,,vNRRNU3SyFqnhy2xMWaa4o,,uuid:3b5f7803-0689-45c3-929c-1a0666193802,108,Bengaluru,Bengaluru,12.934565,77.629646,device_gps,OK
2026-06-20T10:59:36.224000+05:30,2026-06-20T11:02:40.833000+05:30,2026-06-20T11:01:00+05:30,Koramangala Maharaja Signal (towards Agara/1st block),12.934332 77.629872 812.8999633789062 3.6989998817443848,12.934332,77.629872,812.8999633789062,3.6989998817443848,,No Shelter and No Signboard,,On the road edge / footpath edge – directly adjacent to traffic,0,1,0,,No,No,No,,,Bus stop not clearly marked,0,0,1,0,One Step Out (30 cm to 1 meter): Passengers have to step down onto the road surface first to board.,Footpath available to reach the bus stop from both directions,1,0,0,0,0,0,0,,"Partially encroached – e.g., vendors, parked two-wheelers, auto-rickshaws, construction material","Yes – signs of standing water, algae, or drainage issues visible","Safe – well-lit, visible, and active surroundings",,,Yes - sufficient shade from surrounding trees,"Yes – lit by nearby street lights, shop fronts, or advertisement boards",,,,,None of the Above,0,0,0,0,0,0,0,1,"Mostly commercial - Retail shops. restaurants, cafes, markets, etc",,,,1000497160-11_2_32.jpg,https://kf.kobotoolbox.org/api/v2/assets/am66CJhKEj8dCTL49UQSNG/data/786307977/attachments/attfeskS4qAMq3xFihh8aoVz/,1000497158-11_2_36.jpg,https://kf.kobotoolbox.org/api/v2/assets/am66CJhKEj8dCTL49UQSNG/data/786307977/attachments/attWi7vB9kN76mMtBkGVu55V/,,,,,786307977,4a958812-033b-4db7-a300-75b70b29e634,2026-06-20T11:02:44+05:30,,,submitted_via_web,,vNRRNU3SyFqnhy2xMWaa4o,,uuid:4a958812-033b-4db7-a300-75b70b29e634,109,Bengaluru,Bengaluru,12.934332,77.629872,device_gps,OK
2026-06-20T11:02:40.914000+05:30,2026-06-20T11:08:04.033000+05:30,2026-06-20T11:06:00+05:30,Koramangala Wipro Park (towards Sony signal),12.930206 77.633152 814.5999755859375 3.7899999618530273,12.930206,77.633152,814.5999755859375,3.7899999618530273,,No Shelter and No Signboard,,On the road edge / footpath edge – directly adjacent to traffic,0,1,0,,No,No,No,,,Bus stop not clearly marked Unsure / not observed,0,0,1,1,One Step Out (30 cm to 1 meter): Passengers have to step down onto the road surface first to board.,Footpath available to reach the bus stop from both directions,1,0,0,0,0,0,0,,"Partially encroached – e.g., vendors, parked two-wheelers, auto-rickshaws, construction material","Yes – signs of standing water, algae, or drainage issues visible","Safe – well-lit, visible, and active surroundings",,,Yes - sufficient shade from surrounding trees,"Yes – lit by nearby street lights, shop fronts, or advertisement boards",,,,,None of the Above,0,0,0,0,0,0,0,1,"Mostly commercial - Retail shops. restaurants, cafes, markets, etc",,,,1000497161-11_7_46.jpg,https://kf.kobotoolbox.org/api/v2/assets/am66CJhKEj8dCTL49UQSNG/data/786310169/attachments/attY5xAEquX22eeKsBX4MvYB/,1000497163-11_7_52.jpg,https://kf.kobotoolbox.org/api/v2/assets/am66CJhKEj8dCTL49UQSNG/data/786310169/attachments/attuBNvjvdwJeeyzsmVYs6Tx/,,,,,786310169,fe9aa621-dc85-4673-a1f9-96d1767a79eb,2026-06-20T11:08:15+05:30,,,submitted_via_web,,vNRRNU3SyFqnhy2xMWaa4o,,uuid:fe9aa621-dc85-4673-a1f9-96d1767a79eb,110,Bengaluru,Bengaluru,12.930206,77.633152,device_gps,OK
2026-06-20T11:08:04.161000+05:30,2026-06-20T11:15:53.734000+05:30,2026-06-20T11:12:00+05:30,Koramangala 1st block/80ft road (towards Agara),12.928688 77.633288 819.7999877929688 3.2209999561309814,12.928688,77.633288,819.7999877929688,3.2209999561309814,,Stainless Steel Bus Shelter, Clean and Well Maintained,On the road edge / footpath edge – directly adjacent to traffic,0,1,0,,Yes,Yes,No,Yes - It's free of obstructions and feels safe to use,2,At the bus stop – buses pull up to the shelter/marked stop,1,0,0,0,One Step Out (30 cm to 1 meter): Passengers have to step down onto the road surface first to board.,Footpath available to reach the bus stop from both directions,1,0,0,0,0,0,0,,"Partially encroached – e.g., vendors, parked two-wheelers, auto-rickshaws, construction material","Yes – signs of standing water, algae, or drainage issues visible","Safe – well-lit, visible, and active surroundings",Yes – adequate space for passengers,Yes – roof is intact and effective,Yes - from both bus shelter AND trees,"Yes – lit by nearby street lights, shop fronts, or advertisement boards","No – sightline is blocked (by structure, advertisement boards, trees, or parked vehicles)","Yes - the seating is of the right height, width, and depth to sit comfortably while waiting for the bus",Yes – name is prominently visible and legible,Yes – route list is prominently displayed and appears current,Seating / bench Sufficient seating for the number of people typically waiting Dustbin / waste bin Public toilet nearby (within eyesight) Digital information boards with real time arrival information and service alerts,1,1,1,0,1,0,1,0,"Mostly commercial - Office buildings, malls, large stores, etc",Yes – advertisements dominate; passenger information is secondary,,,1000497164-11_15_23.jpg,https://kf.kobotoolbox.org/api/v2/assets/am66CJhKEj8dCTL49UQSNG/data/786313131/attachments/attAT9DbiRrm55itAkdMhJtM/,1000497168-11_15_27.jpg,https://kf.kobotoolbox.org/api/v2/assets/am66CJhKEj8dCTL49UQSNG/data/786313131/attachments/attrjejySmsgGWzDQvr6yXfi/,1000497165-11_15_43.jpg,https://kf.kobotoolbox.org/api/v2/assets/am66CJhKEj8dCTL49UQSNG/data/786313131/attachments/attRzDAKoRtpM6EyKardLF9X/,,,786313131,755ccbf5-a297-430e-874f-90b28869993a,2026-06-20T11:15:59+05:30,,,submitted_via_web,,vNRRNU3SyFqnhy2xMWaa4o,,uuid:755ccbf5-a297-430e-874f-90b28869993a,111,Bengaluru,Bengaluru,12.928688,77.633288,device_gps,OK
2026-06-20T11:15:53.870000+05:30,2026-06-20T11:28:24.501000+05:30,2026-06-20T11:25:00+05:30,Koramangala (towards Agara),12.92516 77.635047 818 3.7899999618530273,12.92516,77.635047,818,3.7899999618530273,,Stainless Steel Bus Shelter,Satisfactory – minor wear/dusty but usable,On the road edge / footpath edge – directly adjacent to traffic,0,1,0,,Yes,Yes,No,No - It's obstructed due to encroachment ,3,At the bus stop – buses pull up to the shelter/marked stop,1,0,0,0,One Step Out (30 cm to 1 meter): Passengers have to step down onto the road surface first to board.,Footpath available to reach the bus stop from both directions,1,0,0,0,0,0,0,,"Partially encroached – e.g., vendors, parked two-wheelers, auto-rickshaws, construction material","Yes – signs of standing water, algae, or drainage issues visible","Safe – well-lit, visible, and active surroundings",Yes – adequate space for passengers,Yes – roof is intact and effective,Yes - from both bus shelter AND trees,"Yes – lit by nearby street lights, shop fronts, or advertisement boards",Yes – clear sightline to see the approaching buses,"Yes - the seating is of the right height, width, and depth to sit comfortably while waiting for the bus","Yes – but faded, small, or difficult to read",Yes – route list is prominently displayed and appears current,Seating / bench Public toilet nearby (within eyesight) Digital information boards with real time arrival information and service alerts,1,0,0,0,1,0,1,0,"Mostly commercial - Office buildings, malls, large stores, etc",Yes – advertisements dominate; passenger information is secondary,,,1000497180-11_28_12.jpg,https://kf.kobotoolbox.org/api/v2/assets/am66CJhKEj8dCTL49UQSNG/data/786318244/attachments/attUZ7jvfGWS5gmvxMNM3jdJ/,1000497178-11_28_19.jpg,https://kf.kobotoolbox.org/api/v2/assets/am66CJhKEj8dCTL49UQSNG/data/786318244/attachments/attoTCX8xDKV5phSnBdPCCs8/,,,,,786318244,4c7803cf-85d0-458c-951f-0878cb43ec99,2026-06-20T11:28:27+05:30,,,submitted_via_web,,vNRRNU3SyFqnhy2xMWaa4o,,uuid:4c7803cf-85d0-458c-951f-0878cb43ec99,112,Bengaluru,Bengaluru,12.92516,77.635047,device_gps,OK
2026-06-20T11:28:24.622000+05:30,2026-06-20T11:33:06.589000+05:30,2026-06-20T11:29:00+05:30,Koramangala Jakkasandra (towards Agara),12.9253 77.635875 816.2999877929688 3.7899999618530273,12.9253,77.635875,816.2999877929688,3.7899999618530273,,Stainless Steel Bus Shelter,Satisfactory – minor wear/dusty but usable,On the road edge / footpath edge – directly adjacent to traffic,0,1,0,,Yes,Yes,No,No - It's obstructed due to encroachment ,1 - this is a standalone shelter ,At the bus stop – buses pull up to the shelter/marked stop Unsure / not observed,1,0,0,1,One Step Out (30 cm to 1 meter): Passengers have to step down onto the road surface first to board.,Footpath available to reach the bus stop from both directions,1,0,0,0,0,0,0,,"Partially encroached – e.g., vendors, parked two-wheelers, auto-rickshaws, construction material","Yes – signs of standing water, algae, or drainage issues visible","Somewhat safe – some concerns (e.g., poor visibility, isolated location)",Unsure,Yes – roof is intact and effective,Yes - from both bus shelter AND trees,"Yes – lit by nearby street lights, shop fronts, or advertisement boards",Yes – clear sightline to see the approaching buses,"Yes - the seating is of the right height, width, and depth to sit comfortably while waiting for the bus",Yes – name is prominently visible and legible,"Yes – but information is unclear, faded, or partially missing",Seating / bench Public toilet nearby (within eyesight) Digital information boards with real time arrival information and service alerts,1,0,0,0,1,0,1,0,"Mostly commercial - Office buildings, malls, large stores, etc",Yes – advertisements dominate; passenger information is secondary,,,1000497185-11_32_38.jpg,https://kf.kobotoolbox.org/api/v2/assets/am66CJhKEj8dCTL49UQSNG/data/786320637/attachments/att3QHD68foVGXSubFAtDHLY/,1000497184-11_32_46.jpg,https://kf.kobotoolbox.org/api/v2/assets/am66CJhKEj8dCTL49UQSNG/data/786320637/attachments/attG7KZvSmeibaJxy6z5RNMk/,1000497187-11_32_50.jpg,https://kf.kobotoolbox.org/api/v2/assets/am66CJhKEj8dCTL49UQSNG/data/786320637/attachments/attxPgHhXWPnGReaqQpXRNM5/,,,786320637,129afc9d-f620-4f12-ab04-a89aa6ae9e2d,2026-06-20T11:33:16+05:30,,,submitted_via_web,,vNRRNU3SyFqnhy2xMWaa4o,,uuid:129afc9d-f620-4f12-ab04-a89aa6ae9e2d,113,Bengaluru,Bengaluru,12.9253,77.635875,device_gps,OK
2026-06-20T11:33:06.717000+05:30,2026-06-20T11:40:14.078000+05:30,2026-06-20T11:36:00+05:30,Koramangala Jakkasandra (towards Koramangala 1st block),12.924963 77.635371 818 3.7899999618530273,12.924963,77.635371,818,3.7899999618530273,,Stainless Steel Bus Shelter, Clean and Well Maintained,"Set back from the road – against a wall, compound, or building edge",1,0,0,,No,Yes,Yes,,1 - this is a standalone shelter ,Away from the bus stop – buses stop before or beyond the shelter/marked location,0,1,0,0,"Way Out in the Road (More than 1 meter): The bus stops far from the footpath, blocking a lane of traffic, forcing people to walk across active traffic to board the bus",Footpath available to reach the bus stop from both directions,1,0,0,0,0,0,0,,"Partially encroached – e.g., vendors, parked two-wheelers, auto-rickshaws, construction material",No – area appears well-drained,"Somewhat safe – some concerns (e.g., poor visibility, isolated location)",Unsure,Yes – roof is intact and effective,Yes - from both bus shelter AND trees,Unsure / Not observed,Yes – clear sightline to see the approaching buses,"Yes - the seating is of the right height, width, and depth to sit comfortably while waiting for the bus",No – name is missing,Yes – but information seems outdated or unreliable,Seating / bench Public toilet nearby (within eyesight),1,0,0,0,1,0,0,0,"Mostly Institutional - Schools, Hospitals, Govt. Offices, etc",Yes – advertisements dominate; passenger information is secondary,"Buses stop 50-100m before this stop, as the next stop Koramangala 1st block (towards Koramangala) is quite near, so this bus shade should be updated accordingly. Also most bus drivers stop the bus here for 5-10mins to use the public transport",,1000497200-11_38_38.jpg,https://kf.kobotoolbox.org/api/v2/assets/am66CJhKEj8dCTL49UQSNG/data/786323769/attachments/attNBfs9JGCugvcidHMVgHrg/,1000497199-11_38_47.jpg,https://kf.kobotoolbox.org/api/v2/assets/am66CJhKEj8dCTL49UQSNG/data/786323769/attachments/attsEvTpHnjKez8GiEbCigHc/,,,,,786323769,7dfbce11-6e7f-4a8e-b537-47aab3aaa12d,2026-06-20T11:40:18+05:30,,,submitted_via_web,,vNRRNU3SyFqnhy2xMWaa4o,,uuid:7dfbce11-6e7f-4a8e-b537-47aab3aaa12d,114,Bengaluru,Bengaluru,12.924963,77.635371,device_gps,OK
2026-06-20T11:40:14.196000+05:30,2026-06-20T11:44:15.838000+05:30,2026-06-20T11:41:00+05:30,Koramangala/Koramangala 1st block,12.924882 77.634724 818.5999755859375 3.7899999618530273,12.924882,77.634724,818.5999755859375,3.7899999618530273,,Stainless Steel Bus Shelter, Clean and Well Maintained,"Set back from the road – against a wall, compound, or building edge",1,0,0,,No,Yes,No,,2,At the bus stop – buses pull up to the shelter/marked stop,1,0,0,0,One Step Out (30 cm to 1 meter): Passengers have to step down onto the road surface first to board.,Footpath available to reach the bus stop from both directions,1,0,0,0,0,0,0,,"Partially encroached – e.g., vendors, parked two-wheelers, auto-rickshaws, construction material","Yes – signs of standing water, algae, or drainage issues visible","Safe – well-lit, visible, and active surroundings",Yes – adequate space for passengers,Yes – roof is intact and effective,Yes - from both bus shelter AND trees,Partially – some light but insufficient,Yes – clear sightline to see the approaching buses,"Yes - the seating is of the right height, width, and depth to sit comfortably while waiting for the bus",No – name is missing,Yes – route list is prominently displayed and appears current,Seating / bench Digital information boards with real time arrival information and service alerts,1,0,0,0,0,0,1,0,"Mostly Institutional - Schools, Hospitals, Govt. Offices, etc",Yes – advertisements dominate; passenger information is secondary,,,1000497177-11_44_1.jpg,https://kf.kobotoolbox.org/api/v2/assets/am66CJhKEj8dCTL49UQSNG/data/786325419/attachments/attzhMuS7cJskWomgQ4o6yv5/,1000497202-11_44_8.jpg,https://kf.kobotoolbox.org/api/v2/assets/am66CJhKEj8dCTL49UQSNG/data/786325419/attachments/atttcisqzEKhfvDEvCQBoeTX/,,,,,786325419,67997de3-2114-42dd-8205-b2694eb6b636,2026-06-20T11:44:20+05:30,,,submitted_via_web,,vNRRNU3SyFqnhy2xMWaa4o,,uuid:67997de3-2114-42dd-8205-b2694eb6b636,115,Bengaluru,Bengaluru,12.924882,77.634724,device_gps,OK
2026-06-20T11:44:15.956000+05:30,2026-06-20T11:56:28.008000+05:30,2026-06-20T11:54:00+05:30,Koramangala sony world /signal (towards Koramangala water tank ),12.937123 77.626919 813.0999755859375 3.7899999618530273,12.937123,77.626919,813.0999755859375,3.7899999618530273,,No Shelter and No Signboard,,On the road edge / footpath edge – directly adjacent to traffic,0,1,0,,No,No,No,,,Bus stop not clearly marked,0,0,1,0,One Step Out (30 cm to 1 meter): Passengers have to step down onto the road surface first to board.,Footpath available to reach the bus stop from both directions,1,0,0,0,0,0,0,,"Partially encroached – e.g., vendors, parked two-wheelers, auto-rickshaws, construction material","Yes – signs of standing water, algae, or drainage issues visible","Safe – well-lit, visible, and active surroundings",,,No – exposed to full sun,"Yes – lit by nearby street lights, shop fronts, or advertisement boards",,,,,None of the Above,0,0,0,0,0,0,0,1,"Mostly commercial - Retail shops. restaurants, cafes, markets, etc",,Buses block traffic when signal green,,1000497210-11_56_20.jpg,https://kf.kobotoolbox.org/api/v2/assets/am66CJhKEj8dCTL49UQSNG/data/786330715/attachments/attte5Udb8bmk8tQ5W4rGQVH/,1000497206-11_56_26.jpg,https://kf.kobotoolbox.org/api/v2/assets/am66CJhKEj8dCTL49UQSNG/data/786330715/attachments/attXdiT3SFnjbqWowQvL6fjt/,,,,,786330715,4c208663-b92f-4d4c-baa2-ea025b928d60,2026-06-20T11:56:30+05:30,,,submitted_via_web,,vNRRNU3SyFqnhy2xMWaa4o,,uuid:4c208663-b92f-4d4c-baa2-ea025b928d60,116,Bengaluru,Bengaluru,12.937123,77.626919,device_gps,OK
2026-06-20T11:56:28.121000+05:30,2026-06-20T12:03:37.218000+05:30,2026-06-20T12:03:00+05:30,Koramangala Sony World/signal (towards Domlur),12.938301 77.628365 812.5999755859375 3.7899999618530273,12.938301,77.628365,812.5999755859375,3.7899999618530273,,Stainless Steel Bus Shelter,Satisfactory – minor wear/dusty but usable,On the road edge / footpath edge – directly adjacent to traffic,0,1,0,,No,Yes,No,,4+,At the bus stop – buses pull up to the shelter/marked stop,1,0,0,0,Perfect / Flush (Less than 30 cm): Passengers can step directly from the footpath onto the bus.,Footpath available to reach the bus stop from both directions,1,0,0,0,0,0,0,,"Partially encroached – e.g., vendors, parked two-wheelers, auto-rickshaws, construction material","Yes – signs of standing water, algae, or drainage issues visible","Unsafe – poorly lit, isolated, or has a history of feeling threatening",Yes – adequate space for passengers,Yes – roof is intact and effective,Yes – sufficient shade from the bus shelter,Partially – some light but insufficient,Yes – clear sightline to see the approaching buses,"Yes - the seating is of the right height, width, and depth to sit comfortably while waiting for the bus",Yes – name is prominently visible and legible,Yes – but information seems outdated or unreliable,Seating / bench,1,0,0,0,0,0,0,0,"Mostly commercial - Retail shops. restaurants, cafes, markets, etc",Yes – advertisements dominate; passenger information is secondary,,,1000497212-12_2_58.jpg,https://kf.kobotoolbox.org/api/v2/assets/am66CJhKEj8dCTL49UQSNG/data/786334493/attachments/attq6xNpTGPyQBiEcXGYdA86/,1000497211-12_3_2.jpg,https://kf.kobotoolbox.org/api/v2/assets/am66CJhKEj8dCTL49UQSNG/data/786334493/attachments/attFPqG6dznUYLxSjqich5yH/,,,,,786334493,98373d93-b1ba-4da5-b82e-e405ccba9fa4,2026-06-20T12:03:39+05:30,,,submitted_via_web,,vNRRNU3SyFqnhy2xMWaa4o,,uuid:98373d93-b1ba-4da5-b82e-e405ccba9fa4,117,Bengaluru,Bengaluru,12.938301,77.628365,device_gps,OK
2026-06-20T12:03:37.303000+05:30,2026-06-20T12:30:15.531000+05:30,2026-06-20T12:28:00+05:30,Dell on intermediate ring road (towards Domlur),12.952818 77.640412 815 3.7899999618530273,12.952818,77.640412,815,3.7899999618530273,,No Shelter and No Signboard,,On the road edge / footpath edge – directly adjacent to traffic,0,1,0,,No,No,No,,,Bus stop not clearly marked,0,0,1,0,One Step Out (30 cm to 1 meter): Passengers have to step down onto the road surface first to board.,Footpath available to reach the bus stop from both directions,1,0,0,0,0,0,0,,"Partially encroached – e.g., vendors, parked two-wheelers, auto-rickshaws, construction material","Yes – signs of standing water, algae, or drainage issues visible","Safe – well-lit, visible, and active surroundings",,,No – exposed to full sun,"Yes – lit by nearby street lights, shop fronts, or advertisement boards",,,,,None of the Above,0,0,0,0,0,0,0,1,"Mostly commercial - Office buildings, malls, large stores, etc",,,,1000497238-12_30_1.jpg,https://kf.kobotoolbox.org/api/v2/assets/am66CJhKEj8dCTL49UQSNG/data/786348848/attachments/attznEHceriFzHND494sLtGH/,1000497239-12_30_3.jpg,https://kf.kobotoolbox.org/api/v2/assets/am66CJhKEj8dCTL49UQSNG/data/786348848/attachments/attoSkLmmwbP7FVHijpQZQM7/,,,,,786348848,9f33284b-0247-4e47-ad6d-c55b5d19f451,2026-06-20T12:30:19+05:30,,,submitted_via_web,,vNRRNU3SyFqnhy2xMWaa4o,,uuid:9f33284b-0247-4e47-ad6d-c55b5d19f451,118,Bengaluru,Bengaluru,12.952818,77.640412,device_gps,OK
2026-06-20T12:30:15.674000+05:30,2026-06-20T12:38:10.658000+05:30,2026-06-20T12:34:00+05:30,Domlur/Hero Honda (towards Domlur bridge),12.955071 77.641269 800.647216796875 3.7899999618530273,12.955071,77.641269,800.647216796875,3.7899999618530273,,Stainless Steel Bus Shelter,Satisfactory – minor wear/dusty but usable,On the road edge / footpath edge – directly adjacent to traffic,0,1,0,,No,Yes,No,,2,At the bus stop – buses pull up to the shelter/marked stop,1,0,0,0,One Step Out (30 cm to 1 meter): Passengers have to step down onto the road surface first to board.,Footpath available to reach the bus stop from both directions,1,0,0,0,0,0,0,,"Partially encroached – e.g., vendors, parked two-wheelers, auto-rickshaws, construction material","Yes – signs of standing water, algae, or drainage issues visible","Somewhat safe – some concerns (e.g., poor visibility, isolated location)",Yes – adequate space for passengers,Yes – roof is intact and effective,Yes – sufficient shade from the bus shelter,"Yes – lit by nearby street lights, shop fronts, or advertisement boards",Yes – clear sightline to see the approaching buses,"Yes - the seating is of the right height, width, and depth to sit comfortably while waiting for the bus",Yes – name is prominently visible and legible,Yes – but information seems outdated or unreliable,Seating / bench,1,0,0,0,0,0,0,0,"Mixed Use - A mix of commercial/residential/office, etc",Yes – advertisements dominate; passenger information is secondary,,,1000497241-12_38_3.jpg,https://kf.kobotoolbox.org/api/v2/assets/am66CJhKEj8dCTL49UQSNG/data/786353972/attachments/att3zBhd89p6Gojsmkwqs7Mq/,1000497240-12_38_6.jpg,https://kf.kobotoolbox.org/api/v2/assets/am66CJhKEj8dCTL49UQSNG/data/786353972/attachments/att5jEq98AqCHR6HpDcuivqt/,,,,,786353972,9b01f1a5-8828-4493-a764-ece2532fc3cc,2026-06-20T12:38:13+05:30,,,submitted_via_web,,vNRRNU3SyFqnhy2xMWaa4o,,uuid:9b01f1a5-8828-4493-a764-ece2532fc3cc,119,Bengaluru,Bengaluru,12.955071,77.641269,device_gps,OK
2026-06-20T12:38:10.750000+05:30,2026-06-20T12:44:11.163000+05:30,2026-06-20T12:40:00+05:30,"Domlur bridge (on IRR, towards Indiranagar)",12.957028 77.641346 812.8999633789062 3.7899999618530273,12.957028,77.641346,812.8999633789062,3.7899999618530273,,Stainless Steel Bus Shelter,Satisfactory – minor wear/dusty but usable,On the road edge / footpath edge – directly adjacent to traffic,0,1,0,,Yes,Yes,No,No - It's very unhygienic or feels unsafe to use,2,At the bus stop – buses pull up to the shelter/marked stop,1,0,0,0,One Step Out (30 cm to 1 meter): Passengers have to step down onto the road surface first to board.,Footpath available to reach the bus stop from both directions,1,0,0,0,0,0,0,,"Partially encroached – e.g., vendors, parked two-wheelers, auto-rickshaws, construction material","Yes – signs of standing water, algae, or drainage issues visible","Somewhat safe – some concerns (e.g., poor visibility, isolated location)",Yes – adequate space for passengers,Yes – roof is intact and effective,Yes – sufficient shade from the bus shelter,Unsure / Not observed,Yes – clear sightline to see the approaching buses,"Yes - the seating is of the right height, width, and depth to sit comfortably while waiting for the bus",Yes – name is prominently visible and legible,"Yes – but information is unclear, faded, or partially missing",Seating / bench Dustbin / waste bin,1,0,1,0,0,0,0,0,Compound Wall / Dead Edge - No activity near the stop,Yes – advertisements dominate; passenger information is secondary,,,1000497245-12_44_1.jpg,https://kf.kobotoolbox.org/api/v2/assets/am66CJhKEj8dCTL49UQSNG/data/786357667/attachments/attp6jed7P8hsyDS5YLBaBWq/,1000497244-12_44_4.jpg,https://kf.kobotoolbox.org/api/v2/assets/am66CJhKEj8dCTL49UQSNG/data/786357667/attachments/att4RFLQGvjMXtKdu2K586F6/,,,,,786357667,bc4ff734-45a5-4ec6-a37c-08081a702d12,2026-06-20T12:44:14+05:30,,,submitted_via_web,,vNRRNU3SyFqnhy2xMWaa4o,,uuid:bc4ff734-45a5-4ec6-a37c-08081a702d12,120,Bengaluru,Bengaluru,12.957028,77.641346,device_gps,OK
2026-06-20T12:44:11.261000+05:30,2026-06-20T12:51:41.172000+05:30,2026-06-20T12:49:00+05:30,Domlur flyover,12.957953 77.641476 813.2999877929688 3.7899999618530273,12.957953,77.641476,813.2999877929688,3.7899999618530273,,No Shelter and No Signboard,,On the road edge / footpath edge – directly adjacent to traffic,0,1,0,,No,No,No,,,Bus stop not clearly marked,0,0,1,0,One Step Out (30 cm to 1 meter): Passengers have to step down onto the road surface first to board.,Footpath available to reach the bus stop from both directions,1,0,0,0,0,0,0,,"Partially encroached – e.g., vendors, parked two-wheelers, auto-rickshaws, construction material","Yes – signs of standing water, algae, or drainage issues visible","Safe – well-lit, visible, and active surroundings",,,No – exposed to full sun,"Yes – lit by nearby street lights, shop fronts, or advertisement boards",,,,,None of the Above,0,0,0,0,0,0,0,1,"Mostly commercial - Retail shops. restaurants, cafes, markets, etc",,,,1000497246-12_51_29.jpg,https://kf.kobotoolbox.org/api/v2/assets/am66CJhKEj8dCTL49UQSNG/data/786362170/attachments/attcSR4R4k8npAmnf9sr8Rur/,1000497247-12_51_35.jpg,https://kf.kobotoolbox.org/api/v2/assets/am66CJhKEj8dCTL49UQSNG/data/786362170/attachments/attwki7Udd8WhUSP9eLnyQBV/,,,,,786362170,dd0a48e9-0156-4ea9-85a0-f835ab367cc4,2026-06-20T12:51:44+05:30,,,submitted_via_web,,vNRRNU3SyFqnhy2xMWaa4o,,uuid:dd0a48e9-0156-4ea9-85a0-f835ab367cc4,121,Bengaluru,Bengaluru,12.957953,77.641476,device_gps,OK
2026-06-20T12:51:41.380000+05:30,2026-06-20T13:01:05.561000+05:30,2026-06-20T12:58:00+05:30,"Hero Honda (on IRR, towards Ejipura)",12.954451 77.641438 813.7000122070312 3.7899999618530273,12.954451,77.641438,813.7000122070312,3.7899999618530273,,Stainless Steel Bus Shelter,Satisfactory – minor wear/dusty but usable,"Set back from the road – against a wall, compound, or building edge",1,0,0,,No,Yes,No,,3,At the bus stop – buses pull up to the shelter/marked stop,1,0,0,0,"Way Out in the Road (More than 1 meter): The bus stops far from the footpath, blocking a lane of traffic, forcing people to walk across active traffic to board the bus",Footpath available to reach the bus stop from both directions,1,0,0,0,0,0,0,,"Partially encroached – e.g., vendors, parked two-wheelers, auto-rickshaws, construction material","Yes – signs of standing water, algae, or drainage issues visible","Somewhat safe – some concerns (e.g., poor visibility, isolated location)",Yes – adequate space for passengers,Yes – roof is intact and effective,Yes – sufficient shade from the bus shelter,Unsure / Not observed,"No – sightline is blocked (by structure, advertisement boards, trees, or parked vehicles)","Yes - the seating is of the right height, width, and depth to sit comfortably while waiting for the bus",Yes – name is prominently visible and legible,Yes – but information seems outdated or unreliable,Seating / bench Public toilet nearby (within eyesight),1,0,0,0,1,0,0,0,"Mostly commercial - Office buildings, malls, large stores, etc",Yes – advertisements dominate; passenger information is secondary,,,1000497268-13_0_57.jpg,https://kf.kobotoolbox.org/api/v2/assets/am66CJhKEj8dCTL49UQSNG/data/786368643/attachments/attcxvMnmzJQT9ob7EwtCmzE/,1000497267-13_1_0.jpg,https://kf.kobotoolbox.org/api/v2/assets/am66CJhKEj8dCTL49UQSNG/data/786368643/attachments/attXtskA2Tse2deTuPkSHhxG/,,,1000497269-13_1_3.jpg,https://kf.kobotoolbox.org/api/v2/assets/am66CJhKEj8dCTL49UQSNG/data/786368643/attachments/attfMVxAVeT8tyMDpQaKqrPV/,786368643,b1ded273-db77-405c-b6f7-f1df5ae68a26,2026-06-20T13:01:12+05:30,,,submitted_via_web,,vNRRNU3SyFqnhy2xMWaa4o,,uuid:b1ded273-db77-405c-b6f7-f1df5ae68a26,122,Bengaluru,Bengaluru,12.954451,77.641438,device_gps,OK
2026-06-20T13:01:05.687000+05:30,2026-06-20T13:07:40.756000+05:30,2026-06-20T13:03:00+05:30,Embassy Golf Links (towards Ejipura),12.951061 77.639612 815.8999633789062 3.7899999618530273,12.951061,77.639612,815.8999633789062,3.7899999618530273,,Stainless Steel Bus Shelter, Clean and Well Maintained,On the road edge / footpath edge – directly adjacent to traffic,0,1,0,,No,Yes,No,,4+,At the bus stop – buses pull up to the shelter/marked stop,1,0,0,0,One Step Out (30 cm to 1 meter): Passengers have to step down onto the road surface first to board.,Footpath available to reach the bus stop from both directions,1,0,0,0,0,0,0,," Yes – fully accessible, no obstructions",No – area appears well-drained,"Somewhat safe – some concerns (e.g., poor visibility, isolated location)",Yes – adequate space for passengers,Yes – roof is intact and effective,Yes - from both bus shelter AND trees,Unsure / Not observed,Yes – clear sightline to see the approaching buses,"Yes - the seating is of the right height, width, and depth to sit comfortably while waiting for the bus",Yes – name is prominently visible and legible,Yes – but information seems outdated or unreliable,Seating / bench,1,0,0,0,0,0,0,0,"Mostly commercial - Office buildings, malls, large stores, etc",Yes – advertisements dominate; passenger information is secondary,,,1000497274-13_7_29.jpg,https://kf.kobotoolbox.org/api/v2/assets/am66CJhKEj8dCTL49UQSNG/data/786372175/attachments/attJZvy4NQboNVFcujwsWcJ6/,1000497270-13_7_34.jpg,https://kf.kobotoolbox.org/api/v2/assets/am66CJhKEj8dCTL49UQSNG/data/786372175/attachments/atttHqkReXhYqHtfJp2NUcTR/,,,,,786372175,7218b1ac-b710-436b-bc9b-62ac94136bea,2026-06-20T13:07:46+05:30,,,submitted_via_web,,vNRRNU3SyFqnhy2xMWaa4o,,uuid:7218b1ac-b710-436b-bc9b-62ac94136bea,123,Bengaluru,Bengaluru,12.951061,77.639612,device_gps,OK
2026-06-20T13:07:40.905000+05:30,2026-06-20T13:18:45.245000+05:30,2026-06-20T13:16:00+05:30,Ejipura signal (towards Domlur,12.938429 77.632604 817.0999755859375 3.7899999618530273,12.938429,77.632604,817.0999755859375,3.7899999618530273,,No Shelter and No Signboard,,On the road edge / footpath edge – directly adjacent to traffic,0,1,0,,No,No,No,,,Bus stop not clearly marked Unsure / not observed,0,0,1,1,One Step Out (30 cm to 1 meter): Passengers have to step down onto the road surface first to board.,Footpath available to reach the bus stop from both directions,1,0,0,0,0,0,0,,"Partially encroached – e.g., vendors, parked two-wheelers, auto-rickshaws, construction material","Yes – signs of standing water, algae, or drainage issues visible","Somewhat safe – some concerns (e.g., poor visibility, isolated location)",,,Yes - sufficient shade from surrounding trees,"Yes – lit by nearby street lights, shop fronts, or advertisement boards",,,,,None of the Above,0,0,0,0,0,0,0,1,Compound Wall / Dead Edge - No activity near the stop,,,,1000497300-13_18_38.jpg,https://kf.kobotoolbox.org/api/v2/assets/am66CJhKEj8dCTL49UQSNG/data/786378871/attachments/attiKXWNcugFxC5hwtDPVbKV/,1000497301-13_18_41.jpg,https://kf.kobotoolbox.org/api/v2/assets/am66CJhKEj8dCTL49UQSNG/data/786378871/attachments/attkeAadmVpPNoMJbh6bWt43/,,,,,786378871,b55c75e7-3db6-4176-b843-d260d5ca673b,2026-06-20T13:19:43+05:30,,,submitted_via_web,,vNRRNU3SyFqnhy2xMWaa4o,,uuid:b55c75e7-3db6-4176-b843-d260d5ca673b,124,Bengaluru,Bengaluru,12.938429,77.632604,device_gps,OK
2026-06-20T13:18:45.375000+05:30,2026-06-20T13:24:03.160000+05:30,2026-06-20T13:20:00+05:30,Ejipura signal (towards Koramangala sony signal),12.938495 77.631683 816.0999755859375 10.133999824523926,12.938495,77.631683,816.0999755859375,10.133999824523926,,Stainless Steel Bus Shelter,Satisfactory – minor wear/dusty but usable,"Set back from the road – against a wall, compound, or building edge On the road edge / footpath edge – directly adjacent to traffic",1,1,0,,No,No,No,,1 - this is a standalone shelter ,At the bus stop – buses pull up to the shelter/marked stop,1,0,0,0,One Step Out (30 cm to 1 meter): Passengers have to step down onto the road surface first to board.,Footpath available to reach the bus stop from both directions,1,0,0,0,0,0,0,,"Partially encroached – e.g., vendors, parked two-wheelers, auto-rickshaws, construction material","Yes – signs of standing water, algae, or drainage issues visible","Safe – well-lit, visible, and active surroundings", No – overcrowded or high number of people standing on the road,Yes – roof is intact and effective,Yes - from both bus shelter AND trees,"Yes – lit by nearby street lights, shop fronts, or advertisement boards",Yes – clear sightline to see the approaching buses,"Yes - the seating is of the right height, width, and depth to sit comfortably while waiting for the bus",Yes – name is prominently visible and legible,Yes – but information seems outdated or unreliable,Seating / bench,1,0,0,0,0,0,0,0,"Mostly commercial - Office buildings, malls, large stores, etc",Yes – advertisements dominate; passenger information is secondary,,,1000497303-13_23_51.jpg,https://kf.kobotoolbox.org/api/v2/assets/am66CJhKEj8dCTL49UQSNG/data/786381317/attachments/attrFxqw5YPrvcAYnAdV8jSd/,1000497304-13_23_54.jpg,https://kf.kobotoolbox.org/api/v2/assets/am66CJhKEj8dCTL49UQSNG/data/786381317/attachments/attoMMdEkQ6NBzeBaNWNLfFG/,,,1000497302-13_23_58.jpg,https://kf.kobotoolbox.org/api/v2/assets/am66CJhKEj8dCTL49UQSNG/data/786381317/attachments/attLxV6hKLY62HmV4ACTeK3U/,786381317,a865a948-ff1b-4fd2-843a-1bb4e7952a1f,2026-06-20T13:24:16+05:30,,,submitted_via_web,,vNRRNU3SyFqnhy2xMWaa4o,,uuid:a865a948-ff1b-4fd2-843a-1bb4e7952a1f,125,Bengaluru,Bengaluru,12.938495,77.631683,device_gps,OK
2026-06-20T13:24:03.286000+05:30,2026-06-20T13:29:49.769000+05:30,2026-06-20T13:28:00+05:30,Koramangala Sony World/signal (towards NGV),12.93759 77.626676 813.0999755859375 9.9350004196167,12.93759,77.626676,813.0999755859375,9.9350004196167,,No Shelter and No Signboard,,On the road edge / footpath edge – directly adjacent to traffic,0,1,0,,No,No,No,,,Bus stop not clearly marked,0,0,1,0,One Step Out (30 cm to 1 meter): Passengers have to step down onto the road surface first to board.,Footpath available to reach the bus stop from both directions,1,0,0,0,0,0,0,,"Partially encroached – e.g., vendors, parked two-wheelers, auto-rickshaws, construction material","Yes – signs of standing water, algae, or drainage issues visible","Safe – well-lit, visible, and active surroundings",,,No – exposed to full sun,"Yes – lit by nearby street lights, shop fronts, or advertisement boards",,,,,None of the Above,0,0,0,0,0,0,0,1,"Mostly commercial - Retail shops. restaurants, cafes, markets, etc",,,,1000497305-13_29_44.jpg,https://kf.kobotoolbox.org/api/v2/assets/am66CJhKEj8dCTL49UQSNG/data/786385223/attachments/att8o4u7ufK3Z3mV2GWFfKK8/,,,,,,,786385223,08233c77-41a5-4537-b5d5-b4e269b7a0f2,2026-06-20T13:29:53+05:30,,,submitted_via_web,,vNRRNU3SyFqnhy2xMWaa4o,,uuid:08233c77-41a5-4537-b5d5-b4e269b7a0f2,126,Bengaluru,Bengaluru,12.93759,77.626676,device_gps,OK
2026-06-20T13:26:50.923000+05:30,2026-06-20T13:36:51.468000+05:30,2026-06-20T13:28:00+05:30,Kundalahalli Colony,,,,,,https://maps.app.goo.gl/W5c2MMhhUG4gnbE1A?g_st=ic,Stainless Steel Bus Shelter, Clean and Well Maintained,On the road edge / footpath edge – directly adjacent to traffic,0,1,0,,Yes,No,Yes,Yes - It's free of obstructions and feels safe to use,1 - this is a standalone shelter ,At the bus stop – buses pull up to the shelter/marked stop,1,0,0,0,"Way Out in the Road (More than 1 meter): The bus stops far from the footpath, blocking a lane of traffic, forcing people to walk across active traffic to board the bus","Footpath available to reach the bus stop from both directions Ramp for wheelchair users to access the bus stop Ramp is in usable condition (not too steep, not broken, nor blocked) Pedestrian crossing at/close to the bus stop to cross the road?",1,0,1,1,0,1,0,,"Partially encroached – e.g., vendors, parked two-wheelers, auto-rickshaws, construction material","Yes – signs of standing water, algae, or drainage issues visible","Safe – well-lit, visible, and active surroundings",Yes – adequate space for passengers,Yes – roof is intact and effective,Yes – sufficient shade from the bus shelter,"Yes – lit by nearby street lights, shop fronts, or advertisement boards",Yes – clear sightline to see the approaching buses,No - poor back support / posture,Yes – name is prominently visible and legible,No information displayed at all,Seating / bench Sufficient seating for the number of people typically waiting Public toilet nearby (within eyesight),1,1,0,0,1,0,0,0,"Mostly Residential - Housing, Apartments, etc",Yes – advertisements dominate; passenger information is secondary,It is super busy and has vehicular obstructions such as taxis and rikshas because of the busy cafe nearby. It is an annoyance to deal with especially because this eatery has valet parking right beside the bus stop.,Light at night,IMG_6607-13_34_41.jpeg,https://kf.kobotoolbox.org/api/v2/assets/am66CJhKEj8dCTL49UQSNG/data/786389411/attachments/attYxzKrY7B987enxW5hCpsx/,IMG_6608-13_35_12.jpeg,https://kf.kobotoolbox.org/api/v2/assets/am66CJhKEj8dCTL49UQSNG/data/786389411/attachments/att8kubHfU5zJPV2dum7bUiW/,,,,,786389411,9e2d98d8-1c0d-422f-9d85-29f094e3fb8d,2026-06-20T13:36:54+05:30,,,submitted_via_web,,vNRRNU3SyFqnhy2xMWaa4o,,uuid:9e2d98d8-1c0d-422f-9d85-29f094e3fb8d,127,Bengaluru,Bengaluru,12.970721,77.71249,gmaps_link,OK
2026-06-20T13:29:49.840000+05:30,2026-06-20T13:41:54.948000+05:30,2026-06-20T13:39:00+05:30,Koramangala police station (towards Kalyan Mantapa),12.941711 77.621805 816 10.001999855041504,12.941711,77.621805,816,10.001999855041504,,Stainless Steel Bus Shelter, Clean and Well Maintained,On the road edge / footpath edge – directly adjacent to traffic,0,1,0,,Yes,Yes,No,Yes - It's free of obstructions and feels safe to use,1 - this is a standalone shelter ,At the bus stop – buses pull up to the shelter/marked stop,1,0,0,0,One Step Out (30 cm to 1 meter): Passengers have to step down onto the road surface first to board.,Footpath available to reach the bus stop from both directions,1,0,0,0,0,0,0,," Yes – fully accessible, no obstructions","Yes – signs of standing water, algae, or drainage issues visible","Safe – well-lit, visible, and active surroundings", No – overcrowded or high number of people standing on the road,Yes – roof is intact and effective,Yes - from both bus shelter AND trees,"Yes – lit by nearby street lights, shop fronts, or advertisement boards",Yes – clear sightline to see the approaching buses,"Yes - the seating is of the right height, width, and depth to sit comfortably while waiting for the bus",Yes – name is prominently visible and legible,Yes – but information seems outdated or unreliable,Seating / bench,1,0,0,0,0,0,0,0,"Mixed Use - A mix of commercial/residential/office, etc",Yes – advertisements dominate; passenger information is secondary,,,1000497315-13_41_45.jpg,https://kf.kobotoolbox.org/api/v2/assets/am66CJhKEj8dCTL49UQSNG/data/786392632/attachments/attYPToxnEn9uoG6TuH9pxCR/,1000497313-13_41_50.jpg,https://kf.kobotoolbox.org/api/v2/assets/am66CJhKEj8dCTL49UQSNG/data/786392632/attachments/attKzkAaeQbYWRu4k4AQdYhw/,,,,,786392632,72ff84e6-19a3-4f97-a07c-cd43b62817f4,2026-06-20T13:41:57+05:30,,,submitted_via_web,,vNRRNU3SyFqnhy2xMWaa4o,,uuid:72ff84e6-19a3-4f97-a07c-cd43b62817f4,128,Bengaluru,Bengaluru,12.941711,77.621805,device_gps,OK
2026-06-20T14:55:46.946000+05:30,2026-06-20T14:59:40.258000+05:30,2026-06-20T14:56:00+05:30,Jayanagar T Block,12.922816 77.593448 843.7999877929688 18.030000686645508,12.922816,77.593448,843.7999877929688,18.030000686645508,,Stainless Steel Bus Shelter,Satisfactory – minor wear/dusty but usable,On the road edge / footpath edge – directly adjacent to traffic,0,1,0,,No,No,Yes,,1 - this is a standalone shelter ,At the bus stop – buses pull up to the shelter/marked stop,1,0,0,0,One Step Out (30 cm to 1 meter): Passengers have to step down onto the road surface first to board.,"Footpath available to reach the bus stop from both directions Footpath is walkable and free of encroachment like parking, vendors, utility boxes, garbage, etc",1,1,0,0,0,0,0,," Yes – fully accessible, no obstructions","Yes – signs of standing water, algae, or drainage issues visible","Somewhat safe – some concerns (e.g., poor visibility, isolated location)",Yes – adequate space for passengers,Yes – roof is intact and effective,Yes - from both bus shelter AND trees,Partially – some light but insufficient,Yes – clear sightline to see the approaching buses,"Yes - the seating is of the right height, width, and depth to sit comfortably while waiting for the bus",Yes – name is prominently visible and legible,"Yes – but information is unclear, faded, or partially missing",Seating / bench Sufficient seating for the number of people typically waiting,1,1,0,0,0,0,0,0,"Mostly Residential - Housing, Apartments, etc",Yes – advertisements dominate; passenger information is secondary,,"Clear routes, timings + frequency would be great",1000414622-14_59_21.jpg,https://kf.kobotoolbox.org/api/v2/assets/am66CJhKEj8dCTL49UQSNG/data/786450761/attachments/attkXLc3S4QczX3c2P3opjKY/,1000414623-14_59_26.jpg,https://kf.kobotoolbox.org/api/v2/assets/am66CJhKEj8dCTL49UQSNG/data/786450761/attachments/attfXCaPEbzgPPTGDTrhofup/,1000414624-14_59_33.jpg,https://kf.kobotoolbox.org/api/v2/assets/am66CJhKEj8dCTL49UQSNG/data/786450761/attachments/attDC3584kgfyHFx8C5Dtf47/,1000414625-14_59_38.jpg,https://kf.kobotoolbox.org/api/v2/assets/am66CJhKEj8dCTL49UQSNG/data/786450761/attachments/attTKL4E4xz4tp6SVhYBscPp/,786450761,49ac3cfc-bdd7-4b2f-bcc8-c3485c7d081d,2026-06-20T14:59:53+05:30,,,submitted_via_web,,vNRRNU3SyFqnhy2xMWaa4o,,uuid:49ac3cfc-bdd7-4b2f-bcc8-c3485c7d081d,129,Bengaluru,Bengaluru,12.922816,77.593448,device_gps,OK
2026-06-20T14:59:40.400000+05:30,2026-06-20T15:03:43.259000+05:30,2026-06-20T15:00:00+05:30,Jayanagar T Block,12.922972 77.593418 843.8999633789062 12.531000137329102,12.922972,77.593418,843.8999633789062,12.531000137329102,,No Shelter and No Signboard,,On the road edge / footpath edge – directly adjacent to traffic,0,1,0,,No,No,No,,,Bus stop not clearly marked,0,0,1,0,"Way Out in the Road (More than 1 meter): The bus stops far from the footpath, blocking a lane of traffic, forcing people to walk across active traffic to board the bus","Footpath is walkable and free of encroachment like parking, vendors, utility boxes, garbage, etc",0,1,0,0,0,0,0,," Yes – fully accessible, no obstructions",No – area appears well-drained,"Safe – well-lit, visible, and active surroundings",,,No – exposed to full sun,"Yes – lit by nearby street lights, shop fronts, or advertisement boards",,,,,None of the Above,0,0,0,0,0,0,0,1,"Mostly Residential - Housing, Apartments, etc",,"Opp T block bus stop, busses stop here but no signage, no markings, nothing exists, seems like busses only stop informally",,1000414628-15_3_29.jpg,https://kf.kobotoolbox.org/api/v2/assets/am66CJhKEj8dCTL49UQSNG/data/786454473/attachments/atti4nFgbrLjqXdNEWtuEbR9/,1000414627-15_3_33.jpg,https://kf.kobotoolbox.org/api/v2/assets/am66CJhKEj8dCTL49UQSNG/data/786454473/attachments/attYpbgteFgAdGRnQNfuFwBj/,1000414626-15_3_38.jpg,https://kf.kobotoolbox.org/api/v2/assets/am66CJhKEj8dCTL49UQSNG/data/786454473/attachments/attsen2pPfCDjhYqNBvsh689/,,,786454473,4c836cb3-a66b-440d-b84d-04eea2b42775,2026-06-20T15:03:46+05:30,,,submitted_via_web,,vNRRNU3SyFqnhy2xMWaa4o,,uuid:4c836cb3-a66b-440d-b84d-04eea2b42775,130,Bengaluru,Bengaluru,12.922972,77.593418,device_gps,OK
2026-06-20T15:12:56.318000+05:30,2026-06-20T15:15:31.423000+05:30,2026-06-20T15:13:00+05:30,"Nothing written, there used to be a bus stop, it's no more :)",12.921772 77.596973 826.5365466187561 13.593999862670898,12.921772,77.596973,826.5365466187561,13.593999862670898,,No Shelter and No Signboard,,On the road edge / footpath edge – directly adjacent to traffic,0,1,0,,No,No,No,,,Bus stop not clearly marked,0,0,1,0,One Step Out (30 cm to 1 meter): Passengers have to step down onto the road surface first to board.,Footpath available to reach the bus stop from both directions Pedestrian crossing at/close to the bus stop to cross the road?,1,0,0,0,0,1,0,,"Partially encroached – e.g., vendors, parked two-wheelers, auto-rickshaws, construction material",No – area appears well-drained,"Safe – well-lit, visible, and active surroundings",,,No – exposed to full sun,"Yes – lit by nearby street lights, shop fronts, or advertisement boards",,,,,None of the Above,0,0,0,0,0,0,0,1,"Mixed Use - A mix of commercial/residential/office, etc",,"There used to be a seated steel stop here, got pulled up some months ago it seems","Get a bus stop, you can see people waiting here for the bus",1000414636-15_15_9.jpg,https://kf.kobotoolbox.org/api/v2/assets/am66CJhKEj8dCTL49UQSNG/data/786465140/attachments/attVVGramnPFWDyUdxJNcaYH/,1000414637-15_15_13.jpg,https://kf.kobotoolbox.org/api/v2/assets/am66CJhKEj8dCTL49UQSNG/data/786465140/attachments/attHFc6P5aMqXKV3HRA2aFiM/,,,,,786465140,ec846ac4-2fd6-446c-94a6-ce069d662128,2026-06-20T15:15:35+05:30,,,submitted_via_web,,vNRRNU3SyFqnhy2xMWaa4o,,uuid:ec846ac4-2fd6-446c-94a6-ce069d662128,131,Bengaluru,Bengaluru,12.921772,77.596973,device_gps,OK
2026-06-20T15:15:31.496000+05:30,2026-06-20T15:20:10.260000+05:30,2026-06-20T15:17:00+05:30,"Bus stop there, but no name",12.922104 77.597119 830 7.676000118255615,12.922104,77.597119,830,7.676000118255615,,Stainless Steel Bus Shelter, Clean and Well Maintained,"Set back from the road – against a wall, compound, or building edge",1,0,0,,No,No,No,,1 - this is a standalone shelter ,At the bus stop – buses pull up to the shelter/marked stop,1,0,0,0,Perfect / Flush (Less than 30 cm): Passengers can step directly from the footpath onto the bus.,Pedestrian crossing at/close to the bus stop to cross the road? None of the above,0,0,0,0,0,1,1,,"Partially encroached – e.g., vendors, parked two-wheelers, auto-rickshaws, construction material",No – area appears well-drained,"Somewhat safe – some concerns (e.g., poor visibility, isolated location)",Yes – adequate space for passengers,Yes – roof is intact and effective,Yes - from both bus shelter AND trees,No – inadequate or no lighting at all,Yes – clear sightline to see the approaching buses,"Yes - the seating is of the right height, width, and depth to sit comfortably while waiting for the bus",No – name is missing,No information displayed at all,Seating / bench Sufficient seating for the number of people typically waiting,1,1,0,0,0,0,0,0,"Mixed Use - A mix of commercial/residential/office, etc",No advertisements,No details at all,"Routes, frequency and timing should be mentioned",1000414638-15_20_0.jpg,https://kf.kobotoolbox.org/api/v2/assets/am66CJhKEj8dCTL49UQSNG/data/786469737/attachments/attcSjVoBKpF8BSZPzF5DZnQ/,1000414639-15_20_4.jpg,https://kf.kobotoolbox.org/api/v2/assets/am66CJhKEj8dCTL49UQSNG/data/786469737/attachments/attXzBtHv3gwtMeNcZ3YKGfk/,1000414640-15_20_8.jpg,https://kf.kobotoolbox.org/api/v2/assets/am66CJhKEj8dCTL49UQSNG/data/786469737/attachments/atte6GacMaKekLj5XuxFTy4N/,,,786469737,2bcbc09e-4eaf-4c71-8764-b1d85fb3ede5,2026-06-20T15:20:16+05:30,,,submitted_via_web,,vNRRNU3SyFqnhy2xMWaa4o,,uuid:2bcbc09e-4eaf-4c71-8764-b1d85fb3ede5,132,Bengaluru,Bengaluru,12.922104,77.597119,device_gps,OK
2026-06-19T18:04:51.642000+05:30,2026-06-20T15:23:53.718000+05:30,2026-06-20T14:43:00+05:30,KH Road (Double road),,,,,,https://maps.app.goo.gl/eUT39RhntfJn3oSP8,Other Metal Bus Shelter (Other than Stainless Steel),Satisfactory – minor wear/dusty but usable,On the road edge / footpath edge – directly adjacent to traffic The road/footpath is too narrow ,0,1,1,,No,No,No,,1 - this is a standalone shelter ,At the bus stop – buses pull up to the shelter/marked stop,1,0,0,0,One Step Out (30 cm to 1 meter): Passengers have to step down onto the road surface first to board.,Footpath available to reach the bus stop from both directions,1,0,0,0,0,0,0,,"Partially encroached – e.g., vendors, parked two-wheelers, auto-rickshaws, construction material",Unsure,Unable to assess (audit done only in daytime),Yes – adequate space for passengers,"Yes – but the roof is inadequate (too tall, too small, gaps, or partial coverage)",Yes - from both bus shelter AND trees,Unsure / Not observed,Yes – clear sightline to see the approaching buses,No - poor back support / posture,No – name is missing,No information displayed at all,Seating / bench Sufficient seating for the number of people typically waiting,1,1,0,0,0,0,0,0,"Mostly commercial - Retail shops. restaurants, cafes, markets, etc",Yes – advertisements dominate; passenger information is secondary,"Seating too short and cuts into people's legs, due to the melding coming apart, plus no backrest.  The footpath at the stop is broken, making it uncomfortable during sitting  .The space behind to walk is there but blocked mostly by a tree. Not accesible via wheelchair.",Information of bus stop name and busses stoping. Better sesting and fixing and clearing footpath to get here.,20260620_145547-15_5_43.jpg,https://kf.kobotoolbox.org/api/v2/assets/am66CJhKEj8dCTL49UQSNG/data/786473354/attachments/attGL9VgqCcRAZoWUxHec5hN/,20260620_145559-15_5_49.jpg,https://kf.kobotoolbox.org/api/v2/assets/am66CJhKEj8dCTL49UQSNG/data/786473354/attachments/attdNxKA5dUGmtLvDvnQJXq6/,20260620_150225-15_5_58.jpg,https://kf.kobotoolbox.org/api/v2/assets/am66CJhKEj8dCTL49UQSNG/data/786473354/attachments/att59qEEWvQEgtrqpdADfTvJ/,,,786473354,acaea75a-4896-4cd1-a54d-73f0a2a37e49,2026-06-20T15:24:08+05:30,,,submitted_via_web,,vNRRNU3SyFqnhy2xMWaa4o,,uuid:acaea75a-4896-4cd1-a54d-73f0a2a37e49,133,Bengaluru,Bengaluru,12.9583097,77.59301099999999,gmaps_link,OK
2026-06-20T16:34:55.598000+05:30,2026-06-20T16:54:48.664000+05:30,2026-06-20T16:35:00+05:30,Chikkabidarakallu (towards city side),,,,,,"13.052472,77.487698",No Shelter and No Signboard,,On the road edge / footpath edge – directly adjacent to traffic,0,1,0,,Yes,No,No,Yes - It's free of obstructions and feels safe to use,,Bus stop not clearly marked,0,0,1,0,No footpath available,Pedestrian crossing at/close to the bus stop to cross the road?,0,0,0,0,0,1,0,,"Partially encroached – e.g., vendors, parked two-wheelers, auto-rickshaws, construction material",No – area appears well-drained,"Safe – well-lit, visible, and active surroundings",,,Yes – sufficient shade from the bus shelter,Yes – the bus shelter itself has a working light,,,,,None of the Above,0,0,0,0,0,0,0,1,"Mixed Use - A mix of commercial/residential/office, etc",,This stop is directly under the Chikkabidarakallu metro station. Hence adequate lighting is provided by virtue of the metro itself.  Area is also active because of the same.. safe on those basis is there. However stop is directly on the highway service road so largely unsafe due to high speed vehicles coming from both sides. Buses stop on the middle of the road which forces most people to cross over to centre of the wide highway to board the bus.,A  bus embankment properly seperated from the main road. Road is wide enough for this. Since traffic is two way this will however have to be properly managed to make sure it remains free for buses. And a pedestrian walkover of some sort so people are not wading through highway traffic from both sides.,1000164090-16_53_16.jpg,https://kf.kobotoolbox.org/api/v2/assets/am66CJhKEj8dCTL49UQSNG/data/786557987/attachments/attqf92tSyE8G5YK9UizhfJL/,1000164112-16_52_15.jpg,https://kf.kobotoolbox.org/api/v2/assets/am66CJhKEj8dCTL49UQSNG/data/786557987/attachments/att8nDyCR2vAsJz5naETj3Zv/,1000164106-16_54_44.jpg,https://kf.kobotoolbox.org/api/v2/assets/am66CJhKEj8dCTL49UQSNG/data/786557987/attachments/attnFz3sYkXDQJeqehTjoaoy/,1000164084-16_54_9.jpg,https://kf.kobotoolbox.org/api/v2/assets/am66CJhKEj8dCTL49UQSNG/data/786557987/attachments/attgc4rEeSKJWbJdoHd7oZdr/,786557987,6e105853-174b-482d-89b6-b1185d595869,2026-06-20T16:54:53+05:30,,,submitted_via_web,,vNRRNU3SyFqnhy2xMWaa4o,,uuid:6e105853-174b-482d-89b6-b1185d595869,134,Bengaluru,Bengaluru,13.052472,77.487698,typed_coordinates,OK
2026-06-20T17:30:42.881000+05:30,2026-06-20T17:46:41.829000+05:30,2026-06-20T17:32:00+05:30,Chikkabidarakallu (towards Tumkur),,,,,,https://maps.app.goo.gl/arU4mUSTtNcV86iu7?g_st=ac,Other Metal Bus Shelter (Other than Stainless Steel),Satisfactory – minor wear/dusty but usable,On the road edge / footpath edge – directly adjacent to traffic,0,1,0,,No,No,No,,1 - this is a standalone shelter ,At the bus stop – buses pull up to the shelter/marked stop,1,0,0,0,"Way Out in the Road (More than 1 meter): The bus stops far from the footpath, blocking a lane of traffic, forcing people to walk across active traffic to board the bus",None of the above,0,0,0,0,0,0,1,,"Partially encroached – e.g., vendors, parked two-wheelers, auto-rickshaws, construction material",No – area appears well-drained,"Safe – well-lit, visible, and active surroundings",Yes – adequate space for passengers,"Yes – but the roof is inadequate (too tall, too small, gaps, or partial coverage)",Partial – some shade but insufficient,"Yes – lit by nearby street lights, shop fronts, or advertisement boards",Yes – clear sightline to see the approaching buses,No - poor back support / posture,Yes – name is prominently visible and legible,No information displayed at all,Seating / bench Sufficient seating for the number of people typically waiting,1,1,0,0,0,0,0,0,"Mostly commercial - Retail shops. restaurants, cafes, markets, etc",Yes – advertisements dominate; passenger information is secondary,"The access to this stop from the other side of the road is through a small, largely unsafe seeming tunnel under the Tumkur flyover. There is no pedestrian walkover provided. Same for access to the stop on the other side. This is also unsafe due to pedestrians needing to cross an active highway service road with two way traffic to reach the stops from the opposite side.",Pedestrian walkover is needed at regular intervals for all highway roads.,1000164675-17_44_25.jpg,https://kf.kobotoolbox.org/api/v2/assets/am66CJhKEj8dCTL49UQSNG/data/786603596/attachments/attjGKYPNVUV5cyUoPvqVeqp/,1000164677-17_44_41.jpg,https://kf.kobotoolbox.org/api/v2/assets/am66CJhKEj8dCTL49UQSNG/data/786603596/attachments/att3Am4L2Zu9LW5bMMR5EfYN/,1000164694-17_45_40.jpg,https://kf.kobotoolbox.org/api/v2/assets/am66CJhKEj8dCTL49UQSNG/data/786603596/attachments/attQWGkNt84tobuGsjo5Yzhp/,1000164697-17_46_5.jpg,https://kf.kobotoolbox.org/api/v2/assets/am66CJhKEj8dCTL49UQSNG/data/786603596/attachments/attiSe4sFEWbFCMJwvWKAQH5/,786603596,fedfa777-6258-4cdf-8c22-3acf033683e1,2026-06-20T17:46:46+05:30,,,submitted_via_web,,vNRRNU3SyFqnhy2xMWaa4o,,uuid:fedfa777-6258-4cdf-8c22-3acf033683e1,135,Bengaluru,Bengaluru,13.05188,77.487868,gmaps_link,OK
2026-06-20T17:46:42.046000+05:30,2026-06-20T18:01:50.256000+05:30,2026-06-20T17:48:00+05:30,Marisons Factory,,,,,,https://maps.app.goo.gl/CcLdTKWKRgzqsNNZ8,No Shelter and No Signboard,,On the road edge / footpath edge – directly adjacent to traffic,0,1,0,,No,No,No,,,Bus stop not clearly marked,0,0,1,0,No footpath available,None of the above,0,0,0,0,0,0,1,,Heavily encroached – the stop is largely unusable because of obstructions,No – area appears well-drained,"Somewhat safe – some concerns (e.g., poor visibility, isolated location)",,,No – exposed to full sun,No – inadequate or no lighting at all,,,,,None of the Above,0,0,0,0,0,0,0,1,Compound Wall / Dead Edge - No activity near the stop,,"Stop is right under a metro pillar between two metro stations, so the place feels less active than the nearby stops under the metro stations. Largely unsafe at night in my personal observation due to heavy two way traffic and only source of light being the incoming vehicles.",This stop has a lot of foot traffic especially during the day. If properly lit it can be used better at night as well. Twin bus shelters with attached food kiosks like the ones under the metro stations will definitely help increase pedestrian activity at night and also help vehicular traffic see the people on the road more clearly.,1000164120-17_59_31.jpg,https://kf.kobotoolbox.org/api/v2/assets/am66CJhKEj8dCTL49UQSNG/data/786616920/attachments/attW8GftPRzpmJvSVdgVZS9Y/,1000164122-17_59_49.jpg,https://kf.kobotoolbox.org/api/v2/assets/am66CJhKEj8dCTL49UQSNG/data/786616920/attachments/atty23XzrvQg8RrtpmXuQ4UN/,1000164126-18_0_24.jpg,https://kf.kobotoolbox.org/api/v2/assets/am66CJhKEj8dCTL49UQSNG/data/786616920/attachments/attquoKhaXefGd7nPUHvvYeP/,1000164127-18_1_47.jpg,https://kf.kobotoolbox.org/api/v2/assets/am66CJhKEj8dCTL49UQSNG/data/786616920/attachments/attm5azQQCU3H6xAjPiyYcJ6/,786616920,eac8544b-8afa-4e0f-a26f-a45a51fa1dd5,2026-06-20T18:01:55+05:30,,,submitted_via_web,,vNRRNU3SyFqnhy2xMWaa4o,,uuid:eac8544b-8afa-4e0f-a26f-a45a51fa1dd5,136,Bengaluru,Bengaluru,13.050894,77.492013,gmaps_link,OK
2026-06-20T18:01:50.538000+05:30,2026-06-20T18:08:26.205000+05:30,2026-06-20T18:02:00+05:30,Marisons Factory (towards Tumkur),,,,,,https://maps.app.goo.gl/D7uCuEFgMh8jYZPW7?g_st=ac,No Shelter and No Signboard,,On the road edge / footpath edge – directly adjacent to traffic,0,1,0,,No,No,No,,,Bus stop not clearly marked,0,0,1,0,No footpath available,None of the above,0,0,0,0,0,0,1,,Heavily encroached – the stop is largely unusable because of obstructions,No – area appears well-drained,"Safe – well-lit, visible, and active surroundings",,,Yes - sufficient shade from surrounding trees,Partially – some light but insufficient,,,,,None of the Above,0,0,0,0,0,0,0,1,"Mostly commercial - Retail shops. restaurants, cafes, markets, etc",,"One of the rare pedestrian walk-overs makes both sides accessible, but not for people with disability/senior citizens.","Same as the opposite side stop, a bus shelter with attached shops would help. Right now it's mostly small carts. Does not provide good lighting.",1000164662-18_7_34.jpg,https://kf.kobotoolbox.org/api/v2/assets/am66CJhKEj8dCTL49UQSNG/data/786622117/attachments/attgNt5rFb8Sqz6RbacTLQ3b/,1000164659-18_7_48.jpg,https://kf.kobotoolbox.org/api/v2/assets/am66CJhKEj8dCTL49UQSNG/data/786622117/attachments/attTn868fbxdFyF9HZyTPnRU/,1000164652-18_8_5.jpg,https://kf.kobotoolbox.org/api/v2/assets/am66CJhKEj8dCTL49UQSNG/data/786622117/attachments/attT7U29QrmhisGphAHsuZUK/,1000164654-18_8_23.jpg,https://kf.kobotoolbox.org/api/v2/assets/am66CJhKEj8dCTL49UQSNG/data/786622117/attachments/attfv4yV26VVZKw9UNPuN3jd/,786622117,61a276ea-4a3b-40d8-b8ff-0ed12de11736,2026-06-20T18:08:30+05:30,,,submitted_via_web,,vNRRNU3SyFqnhy2xMWaa4o,,uuid:61a276ea-4a3b-40d8-b8ff-0ed12de11736,137,Bengaluru,Bengaluru,13.0502888,77.4924295,gmaps_link,OK
2026-06-20T18:08:26.420000+05:30,2026-06-20T18:17:15.374000+05:30,2026-06-20T18:08:00+05:30,Widia Factory- Opposite kennametal (towards Tumkur),,,,,,https://maps.app.goo.gl/Le7QuXGP8KXWZ6Uy8?g_st=ac,No Shelter and No Signboard,,On the road edge / footpath edge – directly adjacent to traffic,0,1,0,,No,No,No,,,Bus stop not clearly marked,0,0,1,0,No footpath available,Pedestrian crossing at/close to the bus stop to cross the road?,0,0,0,0,0,1,0,,Heavily encroached – the stop is largely unusable because of obstructions,No – area appears well-drained,"Somewhat safe – some concerns (e.g., poor visibility, isolated location)",,,No – exposed to full sun,Partially – some light but insufficient,,,,,None of the Above,0,0,0,0,0,0,0,1,Compound Wall / Dead Edge - No activity near the stop,,Has another rare pedestrian walk-over. But accessible to only people without disability.,,1000164645-18_16_54.jpg,https://kf.kobotoolbox.org/api/v2/assets/am66CJhKEj8dCTL49UQSNG/data/786629473/attachments/attx3DygZniv57Tr2b8Sqkbz/,1000164649-18_17_10.jpg,https://kf.kobotoolbox.org/api/v2/assets/am66CJhKEj8dCTL49UQSNG/data/786629473/attachments/attUsTjgQtw7oJT3HWciTvMG/,,,,,786629473,4b675f02-0dcd-42b3-a173-814756a80e13,2026-06-20T18:17:19+05:30,,,submitted_via_web,,vNRRNU3SyFqnhy2xMWaa4o,,uuid:4b675f02-0dcd-42b3-a173-814756a80e13,138,Bengaluru,Bengaluru,13.048695,77.496682,gmaps_link,OK
2026-06-20T18:42:33.373000+05:30,2026-06-20T18:55:41.091000+05:30,2026-06-20T18:53:00+05:30,Ashwath Nagara (Towards Thanisandra),13.052445 77.631157 817.2999877929688 5.439000129699707,13.052445,77.631157,817.2999877929688,5.439000129699707,,No Shelter and No Signboard,,On the road edge / footpath edge – directly adjacent to traffic,0,1,0,,No,No,No,,,At the bus stop – buses pull up to the shelter/marked stop Away from the bus stop – buses stop before or beyond the shelter/marked location,1,1,0,0,One Step Out (30 cm to 1 meter): Passengers have to step down onto the road surface first to board.,Footpath available to reach the bus stop from both directions,1,0,0,0,0,0,0,,"Partially encroached – e.g., vendors, parked two-wheelers, auto-rickshaws, construction material","Yes – signs of standing water, algae, or drainage issues visible","Safe – well-lit, visible, and active surroundings",,,No – exposed to full sun,No – inadequate or no lighting at all,,,,,None of the Above,0,0,0,0,0,0,0,1,"Mostly commercial - Retail shops. restaurants, cafes, markets, etc",,"No shelter, bus stop is opp a local temple in the area",A bus shelter,1000168721-18_55_31.jpg,https://kf.kobotoolbox.org/api/v2/assets/am66CJhKEj8dCTL49UQSNG/data/786660599/attachments/attZXY7hFvFvjhryYhsUznJu/,1000168722-18_55_36.jpg,https://kf.kobotoolbox.org/api/v2/assets/am66CJhKEj8dCTL49UQSNG/data/786660599/attachments/attDgtnJumJUykX52aGKJDFi/,,,,,786660599,4839e938-acb2-4f32-94f8-49ffc11a7d5a,2026-06-20T18:55:45+05:30,,,submitted_via_web,,vNRRNU3SyFqnhy2xMWaa4o,,uuid:4839e938-acb2-4f32-94f8-49ffc11a7d5a,139,Bengaluru,Bengaluru,13.052445,77.631157,device_gps,OK
2026-06-20T18:55:41.231000+05:30,2026-06-20T18:59:16.742000+05:30,2026-06-20T18:55:00+05:30,Ashwath Nagara (Towards Saraipalya),13.05237 77.631288 817.3999633789062 19.923999786376953,13.05237,77.631288,817.3999633789062,19.923999786376953,,No Shelter and No Signboard,,On the road edge / footpath edge – directly adjacent to traffic,0,1,0,,Yes,Yes,Yes,No - It's obstructed due to encroachment ,,At the bus stop – buses pull up to the shelter/marked stop Away from the bus stop – buses stop before or beyond the shelter/marked location,1,1,0,0,One Step Out (30 cm to 1 meter): Passengers have to step down onto the road surface first to board.,Footpath available to reach the bus stop from both directions,1,0,0,0,0,0,0,,"Partially encroached – e.g., vendors, parked two-wheelers, auto-rickshaws, construction material","Yes – signs of standing water, algae, or drainage issues visible","Somewhat safe – some concerns (e.g., poor visibility, isolated location)",,,No – exposed to full sun,No – inadequate or no lighting at all,,,,,None of the Above,0,0,0,0,0,0,0,1,"Mostly commercial - Retail shops. restaurants, cafes, markets, etc",,Just next to a local temple that is the landmark for the bus stop,A bus shelter,1000168723-18_59_6.jpg,https://kf.kobotoolbox.org/api/v2/assets/am66CJhKEj8dCTL49UQSNG/data/786663954/attachments/attYeZTAfLeNXfu5oiSzf4FA/,1000168724-18_59_10.jpg,https://kf.kobotoolbox.org/api/v2/assets/am66CJhKEj8dCTL49UQSNG/data/786663954/attachments/attmt5YA8XF9VcvBnNJxUeX2/,,,,,786663954,d4e6cdea-8363-4819-8db0-8cb16d8d80d9,2026-06-20T18:59:20+05:30,,,submitted_via_web,,vNRRNU3SyFqnhy2xMWaa4o,,uuid:d4e6cdea-8363-4819-8db0-8cb16d8d80d9,140,Bengaluru,Bengaluru,13.05237,77.631288,device_gps,OK
2026-06-20T18:17:15.598000+05:30,2026-06-20T21:43:16.571000+05:30,2026-06-20T21:02:00+05:30,Nagasandra (old name still announced on the bus-Deepak),,,,,,https://maps.app.goo.gl/4wpSdUanjV4bFqvy7,Other Metal Bus Shelter (Other than Stainless Steel),Satisfactory – minor wear/dusty but usable,"Set back from the road – against a wall, compound, or building edge",1,0,0,,No,No,No,,1 - this is a standalone shelter ,At the bus stop – buses pull up to the shelter/marked stop,1,0,0,0,"Way Out in the Road (More than 1 meter): The bus stops far from the footpath, blocking a lane of traffic, forcing people to walk across active traffic to board the bus",Pedestrian crossing at/close to the bus stop to cross the road?,0,0,0,0,0,1,0,,"Partially encroached – e.g., vendors, parked two-wheelers, auto-rickshaws, construction material",No – area appears well-drained,"Safe – well-lit, visible, and active surroundings",Yes – adequate space for passengers,"Yes – but the roof is inadequate (too tall, too small, gaps, or partial coverage)",Yes – sufficient shade from the bus shelter,"Yes – lit by nearby street lights, shop fronts, or advertisement boards",Yes – clear sightline to see the approaching buses,"Yes - the seating is of the right height, width, and depth to sit comfortably while waiting for the bus",Yes – name is prominently visible and legible,Yes – but information seems outdated or unreliable,Seating / bench Sufficient seating for the number of people typically waiting,1,1,0,0,0,0,0,0,"Mostly commercial - Office buildings, malls, large stores, etc",No advertisements,Pedestrian crossing is a walkover close to the Nagasandra metro station about 200m away.,The stop pavement is too high which leads most people to wait on the road when they are actively waiting for their bus. Most of the people actually sitting in the shelter are waiting for private vehicles to pick them up ( found out after talking to two women). It is also closed off by a barrier that runs around the metro pillars. Not sure why this was extended towards the back of the bus stop but this makes the stop inaccessible from the service road (stop is situated between a service highway and the main highway headed towards the city) . So lower bus stop pavement and provide access from all sides.,1000164138-21_41_35.jpg,https://kf.kobotoolbox.org/api/v2/assets/am66CJhKEj8dCTL49UQSNG/data/786785559/attachments/attrckg4jkTs5JUfNeWvC4ds/,1000164154-21_42_18.jpg,https://kf.kobotoolbox.org/api/v2/assets/am66CJhKEj8dCTL49UQSNG/data/786785559/attachments/attb3BXcTMt9dsjiJDgwNCao/,1000164153-21_42_48.jpg,https://kf.kobotoolbox.org/api/v2/assets/am66CJhKEj8dCTL49UQSNG/data/786785559/attachments/attVxwFj9uVgQBYEStHK9KSa/,1000164155-21_43_8.jpg,https://kf.kobotoolbox.org/api/v2/assets/am66CJhKEj8dCTL49UQSNG/data/786785559/attachments/attfpnQdBGrgMMowPqKDSxTk/,786785559,a908a979-7f3e-485f-a7f4-ca1f1aa213d3,2026-06-20T21:43:20+05:30,,,submitted_via_web,,vNRRNU3SyFqnhy2xMWaa4o,,uuid:a908a979-7f3e-485f-a7f4-ca1f1aa213d3,141,Bengaluru,Bengaluru,13.0475205,77.5016519,gmaps_link,OK
2026-06-20T21:43:16.791000+05:30,2026-06-20T21:54:00.886000+05:30,2026-06-20T21:44:00+05:30,Nagasandra (old name still announced on bus - Deepak stop) towards tumkur,,,,,,https://maps.app.goo.gl/gF1ju7ATUeHp1Jwq6?g_st=ac,Other Metal Bus Shelter (Other than Stainless Steel),Unclean/Poorly Maintained,"Set back from the road – against a wall, compound, or building edge",1,0,0,,No,No,No,,1 - this is a standalone shelter ,Away from the bus stop – buses stop before or beyond the shelter/marked location,0,1,0,0,"Way Out in the Road (More than 1 meter): The bus stops far from the footpath, blocking a lane of traffic, forcing people to walk across active traffic to board the bus",Pedestrian crossing at/close to the bus stop to cross the road?,0,0,0,0,0,1,0,,"Partially encroached – e.g., vendors, parked two-wheelers, auto-rickshaws, construction material",No – area appears well-drained,"Safe – well-lit, visible, and active surroundings",Yes – adequate space for passengers,"Yes – but the roof is inadequate (too tall, too small, gaps, or partial coverage)",Partial – some shade but insufficient,"Yes – lit by nearby street lights, shop fronts, or advertisement boards",Yes – clear sightline to see the approaching buses,"Yes - the seating is of the right height, width, and depth to sit comfortably while waiting for the bus",Yes – name is prominently visible and legible,No information displayed at all,Seating / bench,1,0,0,0,0,0,0,0,"Mostly commercial - Office buildings, malls, large stores, etc",No advertisements,The back portion of the stop is between a building compound and the bus stop pavement. This has been severely damaged and now people just use it as an informal street side rest area. No pavement to walk on or of any use to the actual bus stop riders.,Fix the back pavement as well as provide footpaths to reach the stop on either side.,1000164631-21_53_31.jpg,https://kf.kobotoolbox.org/api/v2/assets/am66CJhKEj8dCTL49UQSNG/data/786792068/attachments/attcF9hVrHCGnpnwWxSsKKM3/,1000164634-21_53_42.jpg,https://kf.kobotoolbox.org/api/v2/assets/am66CJhKEj8dCTL49UQSNG/data/786792068/attachments/attdqsEK9pnLbbiazK7RpAK3/,1000164636-21_53_58.jpg,https://kf.kobotoolbox.org/api/v2/assets/am66CJhKEj8dCTL49UQSNG/data/786792068/attachments/attAqHMs44xWnW58QZoCpKcg/,,,786792068,c32e14ef-264e-497a-8616-2154926b04ce,2026-06-20T21:54:05+05:30,,,submitted_via_web,,vNRRNU3SyFqnhy2xMWaa4o,,uuid:c32e14ef-264e-497a-8616-2154926b04ce,142,Bengaluru,Bengaluru,13.046948,77.501638,gmaps_link,OK
2026-06-21T09:17:58.565000+05:30,2026-06-21T09:45:47.343000+05:30,2026-06-21T09:18:00+05:30,Halasuru,12.9785421 77.6291136 0 0,12.9785421,77.6291136,0,0,,No Shelter and No Signboard,,The road/footpath is too narrow ,0,0,1,,No,No,No,,,Bus stop not clearly marked,0,0,1,0,One Step Out (30 cm to 1 meter): Passengers have to step down onto the road surface first to board.,Footpath available to reach the bus stop from both directions,1,0,0,0,0,0,0,,"Partially encroached – e.g., vendors, parked two-wheelers, auto-rickshaws, construction material",Unsure,Unable to assess (audit done only in daytime),,,No – exposed to full sun,Unsure / Not observed,,,,,None of the Above,0,0,0,0,0,0,0,1,"Mostly commercial - Retail shops. restaurants, cafes, markets, etc",,You can see no infrastructure for a bus stop here. Auto stand right in front. No zebra crossing nearby. Bus stop is right in front of a wine shop. Don't think it'll feel safe around at night.,"To start with a Bus shelter is needed, no clear signs of bus stop either.",1000189242-9_35_32.jpg,https://kf.kobotoolbox.org/api/v2/assets/am66CJhKEj8dCTL49UQSNG/data/787015142/attachments/atteqHNxQyYWmHtGXNqhow7N/,1000189250-9_35_23.jpg,https://kf.kobotoolbox.org/api/v2/assets/am66CJhKEj8dCTL49UQSNG/data/787015142/attachments/attQkmY96XuwkWXsuC9ByDKR/,1000189247-9_35_54.jpg,https://kf.kobotoolbox.org/api/v2/assets/am66CJhKEj8dCTL49UQSNG/data/787015142/attachments/attmekERJFPyCrerdLqWKAhs/,1000189244-9_36_21.jpg,https://kf.kobotoolbox.org/api/v2/assets/am66CJhKEj8dCTL49UQSNG/data/787015142/attachments/attmAR66CTPKhRAWgew7Ya6Y/,787015142,60939fe2-8a14-4df2-8c70-aca725d2c2bd,2026-06-21T09:47:45+05:30,,,submitted_via_web,,vNRRNU3SyFqnhy2xMWaa4o,,uuid:60939fe2-8a14-4df2-8c70-aca725d2c2bd,143,Bengaluru,Bengaluru,12.9785421,77.6291136,device_gps,OK
2026-06-21T09:45:47.453000+05:30,2026-06-21T10:13:24.293000+05:30,2026-06-21T09:48:00+05:30,Sony World 80ft Road Koramangala towards Koramangala first block,12.9369395 77.6273832 0 0,12.9369395,77.6273832,0,0,,No Shelter and No Signboard,,On the road edge / footpath edge – directly adjacent to traffic The road/footpath is too narrow ,0,1,1,,No,No,No,,,Bus stop not clearly marked,0,0,1,0,One Step Out (30 cm to 1 meter): Passengers have to step down onto the road surface first to board.,Footpath available to reach the bus stop from both directions,1,0,0,0,0,0,0,," Yes – fully accessible, no obstructions",Unsure,Unable to assess (audit done only in daytime),,,No – exposed to full sun,Unsure / Not observed,,,,,None of the Above,0,0,0,0,0,0,0,1,"Mostly commercial - Office buildings, malls, large stores, etc",,"Busy junction and not having a proper bus stop is such a letdown. Also, there is obstructions like junction box for electricals which comes in the way",Let's start with a sign board and bus shelter first,1000189260-10_12_22.jpg,https://kf.kobotoolbox.org/api/v2/assets/am66CJhKEj8dCTL49UQSNG/data/787022383/attachments/attAbqDPoYiJfvbWtbZu57ff/,1000189261-10_12_41.jpg,https://kf.kobotoolbox.org/api/v2/assets/am66CJhKEj8dCTL49UQSNG/data/787022383/attachments/attjZkpHGUHGB32TdBdzjT24/,1000189262-10_12_58.jpg,https://kf.kobotoolbox.org/api/v2/assets/am66CJhKEj8dCTL49UQSNG/data/787022383/attachments/attdDBpq7Rwfy5YXx6hgc4At/,1000189264-10_13_9.jpg,https://kf.kobotoolbox.org/api/v2/assets/am66CJhKEj8dCTL49UQSNG/data/787022383/attachments/attw4gJk6PUSSwCdpdzixYU7/,787022383,b201da64-5c60-403d-9570-00fdc9f52adb,2026-06-21T10:15:57+05:30,,,submitted_via_web,,vNRRNU3SyFqnhy2xMWaa4o,,uuid:b201da64-5c60-403d-9570-00fdc9f52adb,144,Bengaluru,Bengaluru,12.9369395,77.6273832,device_gps,OK
2026-06-21T10:20:11.768000+05:30,2026-06-21T10:33:50.090000+05:30,2026-06-21T09:23:00+05:30,Indiranagara Police Station / KFC towards domlur,12.9782004 77.6410041 0 0,12.9782004,77.6410041,0,0,,Stainless Steel Bus Shelter,Satisfactory – minor wear/dusty but usable,The road/footpath is too narrow ,0,0,1,,Yes,No,No,Yes - It's free of obstructions and feels safe to use,1 - this is a standalone shelter ,At the bus stop – buses pull up to the shelter/marked stop,1,0,0,0,One Step Out (30 cm to 1 meter): Passengers have to step down onto the road surface first to board.,"Footpath available to reach the bus stop from both directions Footpath is walkable and free of encroachment like parking, vendors, utility boxes, garbage, etc Pedestrian crossing at/close to the bus stop to cross the road?",1,1,0,0,0,1,0,," Yes – fully accessible, no obstructions",Unsure,Unable to assess (audit done only in daytime), No – overcrowded or high number of people standing on the road,Yes – roof is intact and effective,Yes - from both bus shelter AND trees,Unsure / Not observed,"No – sightline is blocked (by structure, advertisement boards, trees, or parked vehicles)","Yes - the seating is of the right height, width, and depth to sit comfortably while waiting for the bus",No – name is missing,"Yes – but information is unclear, faded, or partially missing",Seating / bench,1,0,0,0,0,0,0,0,"Mostly commercial - Office buildings, malls, large stores, etc",Yes – advertisements dominate; passenger information is secondary,The seating bench seems to be broken and is temporarily supported by a pile of bricks-clear safely hazard,"Ramp for physically challenged persons, dustbins of proper size, information about the bus stop,",1000189252-10_31_52.jpg,https://kf.kobotoolbox.org/api/v2/assets/am66CJhKEj8dCTL49UQSNG/data/787028403/attachments/att2h2neuzxgyDf2zDTmkBo3/,1000189254-10_32_49.jpg,https://kf.kobotoolbox.org/api/v2/assets/am66CJhKEj8dCTL49UQSNG/data/787028403/attachments/att9c8m4TpeyNKyWcD38Fm6Y/,1000189253-10_32_11.jpg,https://kf.kobotoolbox.org/api/v2/assets/am66CJhKEj8dCTL49UQSNG/data/787028403/attachments/attahqTDnj4phT9uqx2yXn54/,1000189254-10_32_28.jpg,https://kf.kobotoolbox.org/api/v2/assets/am66CJhKEj8dCTL49UQSNG/data/787028403/attachments/attF92tessiASTePcBwaiwVa/,787028403,6b071db1-42a7-4eb9-b8e7-a2f7ae2eacfd,2026-06-21T10:37:40+05:30,,,submitted_via_web,,vNRRNU3SyFqnhy2xMWaa4o,,uuid:6b071db1-42a7-4eb9-b8e7-a2f7ae2eacfd,145,Bengaluru,Bengaluru,12.9782004,77.6410041,device_gps,OK
2026-06-20T21:54:01.097000+05:30,2026-06-21T14:01:00.588000+05:30,2026-06-21T00:07:00+05:30,Hesaraghatta Cross,,,,,,https://maps.app.goo.gl/LvxKMjEr1wLpVq4U8?g_st=ac,Other Metal Bus Shelter (Other than Stainless Steel),Satisfactory – minor wear/dusty but usable,On the road edge / footpath edge – directly adjacent to traffic,0,1,0,,No,No,No,,1 - this is a standalone shelter ,Away from the bus stop – buses stop before or beyond the shelter/marked location,0,1,0,0,"Way Out in the Road (More than 1 meter): The bus stops far from the footpath, blocking a lane of traffic, forcing people to walk across active traffic to board the bus",None of the above,0,0,0,0,0,0,1,,"Partially encroached – e.g., vendors, parked two-wheelers, auto-rickshaws, construction material",No – area appears well-drained,"Safe – well-lit, visible, and active surroundings", No – overcrowded or high number of people standing on the road,"Yes – but the roof is inadequate (too tall, too small, gaps, or partial coverage)",Yes – sufficient shade from the bus shelter,"Yes – lit by nearby street lights, shop fronts, or advertisement boards",Yes – clear sightline to see the approaching buses,"Yes - the seating is of the right height, width, and depth to sit comfortably while waiting for the bus",Yes – name is prominently visible and legible,No information displayed at all,Seating / bench,1,0,0,0,0,0,0,0,"Mixed Use - A mix of commercial/residential/office, etc",Yes – advertisements dominate; passenger information is secondary,"No one uses the bus stop to wait for the bus. People mostly wait about 100m away near the hesaraghatta circle, in the way of heavy junction traffic from 6 lanes + service roads. Extremely unsafe to cross or even wait for a bus. There are faded markings of pedestrian crossing but the crossing is blocked by highway barriers so technically unusable. Nearest crossing is at dasarahalli metro about 2kms away.  Some people just cross the main highway and squeeze through broken barriers.",Extend the entire current bus stop upto the signal and make a seperate bus embankment like the ones near the metro stations. This way passengers can wait away from incoming traffic and bus pile ups won't affect other commuters. Three bus stands placed together would be required to accomodate the current crowd of people.,1000164192-13_59_42.jpg,https://kf.kobotoolbox.org/api/v2/assets/am66CJhKEj8dCTL49UQSNG/data/787113795/attachments/atto9LbbdEvMFmb4793mCSyW/,1000164194-14_0_9.jpg,https://kf.kobotoolbox.org/api/v2/assets/am66CJhKEj8dCTL49UQSNG/data/787113795/attachments/attjmBcb7nS45JZSDgufcRYQ/,1000164179-14_0_25.jpg,https://kf.kobotoolbox.org/api/v2/assets/am66CJhKEj8dCTL49UQSNG/data/787113795/attachments/attc5QVBjcUQWwWGhiZfPBhf/,1000164206-14_0_56.jpg,https://kf.kobotoolbox.org/api/v2/assets/am66CJhKEj8dCTL49UQSNG/data/787113795/attachments/attwpbGvJrACEwVqVcKMqmv3/,787113795,33c15664-1c50-4e20-9dbd-ed029dc2f5fe,2026-06-21T14:01:06+05:30,,,submitted_via_web,,vNRRNU3SyFqnhy2xMWaa4o,,uuid:33c15664-1c50-4e20-9dbd-ed029dc2f5fe,146,Bengaluru,Bengaluru,13.045264,77.508235,gmaps_link,OK
2026-06-21T14:01:00.836000+05:30,2026-06-21T14:04:24.164000+05:30,2026-06-21T14:01:00+05:30,Hesaraghatta Cross (towards tumkur),,,,,,https://maps.app.goo.gl/FGyNSAAqCJVYmyfS7?g_st=ac,No Shelter and No Signboard,,On the road edge / footpath edge – directly adjacent to traffic,0,1,0,,No,No,No,,,Bus stop not clearly marked,0,0,1,0,No footpath available,None of the above,0,0,0,0,0,0,1,,Heavily encroached – the stop is largely unusable because of obstructions,No – area appears well-drained,"Safe – well-lit, visible, and active surroundings",,,No – exposed to full sun,"Yes – lit by nearby street lights, shop fronts, or advertisement boards",,,,,None of the Above,0,0,0,0,0,0,0,1,"Mostly commercial - Retail shops. restaurants, cafes, markets, etc",,There is no bus stop. It's mostly people standing on the road in the middle of the highway.,,1000164627-14_3_52.jpg,https://kf.kobotoolbox.org/api/v2/assets/am66CJhKEj8dCTL49UQSNG/data/787115523/attachments/attbnZkt8UfuaeXvAkvJYAyK/,1000164626-14_4_4.jpg,https://kf.kobotoolbox.org/api/v2/assets/am66CJhKEj8dCTL49UQSNG/data/787115523/attachments/attLrGxvHxBeMgBBQodbxneW/,,,,,787115523,46e73588-74e6-450a-95f1-c71e78fe955e,2026-06-21T14:04:28+05:30,,,submitted_via_web,,vNRRNU3SyFqnhy2xMWaa4o,,uuid:46e73588-74e6-450a-95f1-c71e78fe955e,147,Bengaluru,Bengaluru,13.044947,77.50798,gmaps_link,OK
2026-06-21T15:17:41.409000+05:30,2026-06-21T15:42:58.739000+05:30,2026-06-21T15:17:00+05:30,Koramangala 1st Block / Koramangala 80 Feet Road towards Koramangala 1st Block / Koramangala first block,12.9287735 77.6333598 0 0,12.9287735,77.6333598,0,0,,Stainless Steel Bus Shelter,Satisfactory – minor wear/dusty but usable,The road/footpath is too narrow ,0,0,1,,Yes,Yes,No,Yes - It's free of obstructions and feels safe to use,2,Away from the bus stop – buses stop before or beyond the shelter/marked location,0,1,0,0,Unsure / not observed,Footpath available to reach the bus stop from both directions,1,0,0,0,0,0,0,," Yes – fully accessible, no obstructions",Unsure,Unable to assess (audit done only in daytime),Yes – adequate space for passengers,Yes – roof is intact and effective,Yes - from both bus shelter AND trees,Unsure / Not observed,Yes – clear sightline to see the approaching buses,"Yes - the seating is of the right height, width, and depth to sit comfortably while waiting for the bus",Yes – name is prominently visible and legible,Yes – but information seems outdated or unreliable,Seating / bench Sufficient seating for the number of people typically waiting Public toilet nearby (within eyesight),1,1,0,0,1,0,0,0,"Mostly commercial - Retail shops. restaurants, cafes, markets, etc",Yes – advertisements dominate; passenger information is secondary,"Need to be clean, the bathroom nearby also is stinky and unclean",Cleanliness,20260621_095728-15_41_58.jpg,https://kf.kobotoolbox.org/api/v2/assets/am66CJhKEj8dCTL49UQSNG/data/787176117/attachments/attmcDLvpsbvPuWs7HLCGUtG/,1000189288-15_42_14.jpg,https://kf.kobotoolbox.org/api/v2/assets/am66CJhKEj8dCTL49UQSNG/data/787176117/attachments/attpyZp7Kyf4CPhgDmxxsJz3/,,,,,787176117,ef770945-a04a-4fe6-862b-d6fa03a5d37a,2026-06-21T15:43:14+05:30,,,submitted_via_web,,vNRRNU3SyFqnhy2xMWaa4o,,uuid:ef770945-a04a-4fe6-862b-d6fa03a5d37a,148,Bengaluru,Bengaluru,12.9287735,77.6333598,device_gps,OK
2026-06-21T15:42:58.806000+05:30,2026-06-21T15:51:55.618000+05:30,2026-06-21T15:43:00+05:30,Sony World Koramangala towards indira nagar,12.9381916 77.6281661 0 0,12.9381916,77.6281661,0,0,,Stainless Steel Bus Shelter,Unclean/Poorly Maintained,"Set back from the road – against a wall, compound, or building edge On the road edge / footpath edge – directly adjacent to traffic The road/footpath is too narrow ",1,1,1,,No,No,No,,4+,At the bus stop – buses pull up to the shelter/marked stop,1,0,0,0,Perfect / Flush (Less than 30 cm): Passengers can step directly from the footpath onto the bus.,"Footpath available to reach the bus stop from both directions Footpath is walkable and free of encroachment like parking, vendors, utility boxes, garbage, etc",1,1,0,0,0,0,0,," Yes – fully accessible, no obstructions",Unsure,Unable to assess (audit done only in daytime),Yes – adequate space for passengers,Yes – roof is intact and effective,Yes – sufficient shade from the bus shelter,Unsure / Not observed,Yes – clear sightline to see the approaching buses,No - poor back support / posture,"Yes – but faded, small, or difficult to read",No information displayed at all,Seating / bench Sufficient seating for the number of people typically waiting,1,1,0,0,0,0,0,0,"Mostly commercial - Office buildings, malls, large stores, etc",Yes – advertisements dominate; passenger information is secondary,"Pavements seems to be of different heights and broken - majorly inaccessible to physically challenged persons, not clean",Clean and make the pavements properly so that people can be walk freely without much hassle,1000189406-15_51_13.jpg,https://kf.kobotoolbox.org/api/v2/assets/am66CJhKEj8dCTL49UQSNG/data/787183275/attachments/attWGQmWxTeJM6rJ6JqVkKLW/,1000189402-15_51_24.jpg,https://kf.kobotoolbox.org/api/v2/assets/am66CJhKEj8dCTL49UQSNG/data/787183275/attachments/att3KimEXVpoQksHWpUviDtd/,1000189404-15_51_30.jpg,https://kf.kobotoolbox.org/api/v2/assets/am66CJhKEj8dCTL49UQSNG/data/787183275/attachments/attda67GuxMhSNJqd3TammBr/,1000189403-15_51_38.jpg,https://kf.kobotoolbox.org/api/v2/assets/am66CJhKEj8dCTL49UQSNG/data/787183275/attachments/attymbFwteedtPZrAwi2xHU9/,787183275,80d2cc28-14c8-48a7-8c0b-fe2ca11ba810,2026-06-21T15:52:25+05:30,,,submitted_via_web,,vNRRNU3SyFqnhy2xMWaa4o,,uuid:80d2cc28-14c8-48a7-8c0b-fe2ca11ba810,149,Bengaluru,Bengaluru,12.9381916,77.6281661,device_gps,OK
2026-06-21T16:08:45.304000+05:30,2026-06-21T16:16:25.557000+05:30,2026-06-21T16:08:00+05:30,Indiranagara Police Station / KFC Towards halasuru,12.978348 77.639868 833.5 11.961000442504883,12.978348,77.639868,833.5,11.961000442504883,,Stainless Steel Bus Shelter,Unclean/Poorly Maintained,On the road edge / footpath edge – directly adjacent to traffic The road/footpath is too narrow ,0,1,1,,Yes,No,No,Yes - It's free of obstructions and feels safe to use,1 - this is a standalone shelter ,At the bus stop – buses pull up to the shelter/marked stop,1,0,0,0,One Step Out (30 cm to 1 meter): Passengers have to step down onto the road surface first to board.,"Footpath available to reach the bus stop from both directions Footpath is walkable and free of encroachment like parking, vendors, utility boxes, garbage, etc",1,1,0,0,0,0,0,,"Partially encroached – e.g., vendors, parked two-wheelers, auto-rickshaws, construction material",Unsure,Unable to assess (audit done only in daytime), No – overcrowded or high number of people standing on the road,Yes – roof is intact and effective,Partial – some shade but insufficient,Unsure / Not observed,"No – sightline is blocked (by structure, advertisement boards, trees, or parked vehicles)","Yes - the seating is of the right height, width, and depth to sit comfortably while waiting for the bus",No – name is missing,Yes – route list is prominently displayed and appears current,Seating / bench,1,0,0,0,0,0,0,0,"Mostly commercial - Retail shops. restaurants, cafes, markets, etc",Yes – advertisements dominate; passenger information is secondary,Bike parking in front of it seems to make it difficult for the bus to come towards the bus stop and ends up creating blockage to vehicles coming behind,"Cleanliness, waste bin, make enough space kind of like a bus bay",1000189424-16_16_2.jpg,https://kf.kobotoolbox.org/api/v2/assets/am66CJhKEj8dCTL49UQSNG/data/787197815/attachments/attDWUgxGmv2BWoKBVUw7VjG/,,,,,,,787197815,631cae77-f95f-4596-9174-cc35a06beecf,2026-06-21T16:16:30+05:30,,,submitted_via_web,,vNRRNU3SyFqnhy2xMWaa4o,,uuid:631cae77-f95f-4596-9174-cc35a06beecf,150,Bengaluru,Bengaluru,12.978348,77.639868,device_gps,OK
2026-06-20T13:41:55.095000+05:30,2026-06-21T22:21:50.635000+05:30,2026-06-21T22:19:00+05:30,Indiranagar 12th main (towards Indiranagar metro),12.970431 77.641125 830.0999755859375 17.31999969482422,12.970431,77.641125,830.0999755859375,17.31999969482422,,No Shelter and No Signboard,,On the road edge / footpath edge – directly adjacent to traffic,0,1,0,,No,No,No,,,Bus stop not clearly marked,0,0,1,0,One Step Out (30 cm to 1 meter): Passengers have to step down onto the road surface first to board.,Footpath available to reach the bus stop from both directions,1,0,0,0,0,0,0,,"Partially encroached – e.g., vendors, parked two-wheelers, auto-rickshaws, construction material",No – area appears well-drained,"Safe – well-lit, visible, and active surroundings",,,Yes - sufficient shade from surrounding trees,"Yes – lit by nearby street lights, shop fronts, or advertisement boards",,,,,None of the Above,0,0,0,0,0,0,0,1,"Mostly commercial - Retail shops. restaurants, cafes, markets, etc",,,,1000498219-22_21_29.jpg,https://kf.kobotoolbox.org/api/v2/assets/am66CJhKEj8dCTL49UQSNG/data/787399740/attachments/attenFBPattDfRUFYS3ER6et/,1000498221-22_21_35.jpg,https://kf.kobotoolbox.org/api/v2/assets/am66CJhKEj8dCTL49UQSNG/data/787399740/attachments/att4gnSqjkq29Prc63cQMLqv/,1000498220-22_21_45.jpg,https://kf.kobotoolbox.org/api/v2/assets/am66CJhKEj8dCTL49UQSNG/data/787399740/attachments/attppxXDCTgb2z8r2x6mXiFZ/,,,787399740,5a757cf4-f338-4a4c-a6ef-707a78de1199,2026-06-21T22:21:53+05:30,,,submitted_via_web,,vNRRNU3SyFqnhy2xMWaa4o,,uuid:5a757cf4-f338-4a4c-a6ef-707a78de1199,151,Bengaluru,Bengaluru,12.970431,77.641125,device_gps,OK
2026-06-21T22:21:50.755000+05:30,2026-06-21T22:30:39.705000+05:30,2026-06-21T22:27:00+05:30,Indiranagar 6th main,12.97364 77.641043 833.7999877929688 9.260000228881836,12.97364,77.641043,833.7999877929688,9.260000228881836,,Stainless Steel Bus Shelter,Satisfactory – minor wear/dusty but usable,On the road edge / footpath edge – directly adjacent to traffic,0,1,0,,Yes,Yes,Yes,Yes - It's free of obstructions and feels safe to use,1 - this is a standalone shelter ,At the bus stop – buses pull up to the shelter/marked stop,1,0,0,0,One Step Out (30 cm to 1 meter): Passengers have to step down onto the road surface first to board.,Footpath available to reach the bus stop from both directions,1,0,0,0,0,0,0,," Yes – fully accessible, no obstructions","Yes – signs of standing water, algae, or drainage issues visible","Safe – well-lit, visible, and active surroundings",Yes – adequate space for passengers,Yes – roof is intact and effective,Yes - from both bus shelter AND trees,"Yes – lit by nearby street lights, shop fronts, or advertisement boards",Yes – clear sightline to see the approaching buses,"Yes - the seating is of the right height, width, and depth to sit comfortably while waiting for the bus",No – name is missing,Yes – but information seems outdated or unreliable,Seating / bench,1,0,0,0,0,0,0,0,"Mostly commercial - Retail shops. restaurants, cafes, markets, etc",Yes – advertisements dominate; passenger information is secondary,,,1000498233-22_30_30.jpg,https://kf.kobotoolbox.org/api/v2/assets/am66CJhKEj8dCTL49UQSNG/data/787405520/attachments/attvHjSgjeJV2WomGDN4p9Uh/,1000498235-22_30_34.jpg,https://kf.kobotoolbox.org/api/v2/assets/am66CJhKEj8dCTL49UQSNG/data/787405520/attachments/attmbTUSKjjv6edwQZXJM9dB/,1000498234-22_30_37.jpg,https://kf.kobotoolbox.org/api/v2/assets/am66CJhKEj8dCTL49UQSNG/data/787405520/attachments/attVzqRzCasH4e7K6bFG8tLs/,,,787405520,83dc631b-88eb-408d-a2a2-a5b55d6e22c0,2026-06-21T22:30:44+05:30,,,submitted_via_web,,vNRRNU3SyFqnhy2xMWaa4o,,uuid:83dc631b-88eb-408d-a2a2-a5b55d6e22c0,152,Bengaluru,Bengaluru,12.97364,77.641043,device_gps,OK
2026-06-21T22:30:39.829000+05:30,2026-06-21T22:36:13.248000+05:30,2026-06-21T22:34:00+05:30,Indiranagr 6th main (towards Domlur),12.974102 77.641183 836 16.952999114990234,12.974102,77.641183,836,16.952999114990234,,Stainless Steel Bus Shelter, Clean and Well Maintained,On the road edge / footpath edge – directly adjacent to traffic,0,1,0,,Yes,Yes,No,No - It's obstructed due to encroachment ,1 - this is a standalone shelter ,Unsure / not observed,0,0,0,1,One Step Out (30 cm to 1 meter): Passengers have to step down onto the road surface first to board.,Footpath available to reach the bus stop from both directions,1,0,0,0,0,0,0,,"Partially encroached – e.g., vendors, parked two-wheelers, auto-rickshaws, construction material","Yes – signs of standing water, algae, or drainage issues visible","Safe – well-lit, visible, and active surroundings",Unsure,Yes – roof is intact and effective,Yes - sufficient shade from surrounding trees,"Yes – lit by nearby street lights, shop fronts, or advertisement boards",Yes – clear sightline to see the approaching buses,"Yes - the seating is of the right height, width, and depth to sit comfortably while waiting for the bus",No – name is missing,Yes – but information seems outdated or unreliable,Seating / bench,1,0,0,0,0,0,0,0,"Mostly commercial - Retail shops. restaurants, cafes, markets, etc",Yes – advertisements dominate; passenger information is secondary,,,1000498237-22_36_4.jpg,https://kf.kobotoolbox.org/api/v2/assets/am66CJhKEj8dCTL49UQSNG/data/787408922/attachments/att4hCjq9kZBtEgsq9jrejyH/,1000498239-22_36_7.jpg,https://kf.kobotoolbox.org/api/v2/assets/am66CJhKEj8dCTL49UQSNG/data/787408922/attachments/attYj3Ctrg4LrjE2VjSkpDtY/,1000498238-22_36_11.jpg,https://kf.kobotoolbox.org/api/v2/assets/am66CJhKEj8dCTL49UQSNG/data/787408922/attachments/attdxptWataR7iniQpkk9d7X/,,,787408922,c6b2696a-2c4a-43cd-9885-83c919edffba,2026-06-21T22:36:16+05:30,,,submitted_via_web,,vNRRNU3SyFqnhy2xMWaa4o,,uuid:c6b2696a-2c4a-43cd-9885-83c919edffba,153,Bengaluru,Bengaluru,12.974102,77.641183,device_gps,OK
2026-06-21T22:36:13.351000+05:30,2026-06-21T22:43:46.726000+05:30,2026-06-21T22:42:00+05:30,Indiranagar 12th main (towards Domlur),12.970089 77.641368 830 13.996000289916992,12.970089,77.641368,830,13.996000289916992,,No Shelter and No Signboard,,On the road edge / footpath edge – directly adjacent to traffic,0,1,0,,No,No,No,,,Bus stop not clearly marked,0,0,1,0,One Step Out (30 cm to 1 meter): Passengers have to step down onto the road surface first to board.,Footpath available to reach the bus stop from both directions Pedestrian crossing at/close to the bus stop to cross the road?,1,0,0,0,0,1,0,,"Partially encroached – e.g., vendors, parked two-wheelers, auto-rickshaws, construction material",No – area appears well-drained,"Safe – well-lit, visible, and active surroundings",,,Yes - sufficient shade from surrounding trees,"Yes – lit by nearby street lights, shop fronts, or advertisement boards",,,,,None of the Above,0,0,0,0,0,0,0,1,"Mostly commercial - Retail shops. restaurants, cafes, markets, etc",,,,1000498223-22_43_38.jpg,https://kf.kobotoolbox.org/api/v2/assets/am66CJhKEj8dCTL49UQSNG/data/787413837/attachments/attJrSgPetHWxYaKycHkWCvC/,1000498240-22_43_43.jpg,https://kf.kobotoolbox.org/api/v2/assets/am66CJhKEj8dCTL49UQSNG/data/787413837/attachments/attBovCBB385AU5ZgTnKo2Zg/,,,,,787413837,2e65c951-c4e7-433a-b8cc-86962dcecb15,2026-06-21T22:43:49+05:30,,,submitted_via_web,,vNRRNU3SyFqnhy2xMWaa4o,,uuid:2e65c951-c4e7-433a-b8cc-86962dcecb15,154,Bengaluru,Bengaluru,12.970089,77.641368,device_gps,OK
2026-06-21T22:43:46.823000+05:30,2026-06-21T22:54:09.554000+05:30,2026-06-21T22:52:00+05:30,Indiranagar New Horizon School,12.966525 77.641537 819.8999633789062 24.68199920654297,12.966525,77.641537,819.8999633789062,24.68199920654297,,No Shelter and No Signboard,,On the road edge / footpath edge – directly adjacent to traffic,0,1,0,,No,No,No,,,Bus stop not clearly marked,0,0,1,0,One Step Out (30 cm to 1 meter): Passengers have to step down onto the road surface first to board.,Footpath available to reach the bus stop from both directions,1,0,0,0,0,0,0,,"Partially encroached – e.g., vendors, parked two-wheelers, auto-rickshaws, construction material","Yes – signs of standing water, algae, or drainage issues visible","Safe – well-lit, visible, and active surroundings",,,Yes – sufficient shade from the bus shelter,"Yes – lit by nearby street lights, shop fronts, or advertisement boards",,,,,None of the Above,0,0,0,0,0,0,0,1,"Mostly commercial - Retail shops. restaurants, cafes, markets, etc",,,,1000498244-22_54_1.jpg,https://kf.kobotoolbox.org/api/v2/assets/am66CJhKEj8dCTL49UQSNG/data/787433439/attachments/attrxv6LbvWVjNBxJiQvNP7y/,1000498243-22_54_5.jpg,https://kf.kobotoolbox.org/api/v2/assets/am66CJhKEj8dCTL49UQSNG/data/787433439/attachments/attDeHtGWABybWUXJDQdaRZv/,,,,,787433439,08d764d2-5f20-4fec-84ac-f9e3eb889d72,2026-06-21T23:16:43+05:30,,,submitted_via_web,,vNRRNU3SyFqnhy2xMWaa4o,,uuid:08d764d2-5f20-4fec-84ac-f9e3eb889d72,155,Bengaluru,Bengaluru,12.966525,77.641537,device_gps,OK
2026-06-21T22:54:09.651000+05:30,2026-06-21T23:03:14.097000+05:30,2026-06-21T23:01:00+05:30,Dhoopanhalli (towards Domlur bridge),12.963319 77.641679 815.0999755859375 28.584999084472656,12.963319,77.641679,815.0999755859375,28.584999084472656,,No Shelter and No Signboard,,On the road edge / footpath edge – directly adjacent to traffic,0,1,0,,No,No,No,,,Bus stop not clearly marked,0,0,1,0,One Step Out (30 cm to 1 meter): Passengers have to step down onto the road surface first to board.,Footpath available to reach the bus stop from both directions,1,0,0,0,0,0,0,,"Partially encroached – e.g., vendors, parked two-wheelers, auto-rickshaws, construction material",No – area appears well-drained,"Safe – well-lit, visible, and active surroundings",,,Yes - sufficient shade from surrounding trees,"Yes – lit by nearby street lights, shop fronts, or advertisement boards",,,,,None of the Above,0,0,0,0,0,0,0,1,"Mostly commercial - Retail shops. restaurants, cafes, markets, etc",,,,1000498249-23_2_57.jpg,https://kf.kobotoolbox.org/api/v2/assets/am66CJhKEj8dCTL49UQSNG/data/787433453/attachments/attD84kLdKZ4qcvGom5jr65e/,1000498247-23_3_1.jpg,https://kf.kobotoolbox.org/api/v2/assets/am66CJhKEj8dCTL49UQSNG/data/787433453/attachments/attb8gyoPxoeTKgqU66u5RG9/,1000498248-23_3_6.jpg,https://kf.kobotoolbox.org/api/v2/assets/am66CJhKEj8dCTL49UQSNG/data/787433453/attachments/att96sWMRHximCiFmUC4Akpy/,,,787433453,938b3d86-0287-4a5f-b9a3-f4d4ce9dea36,2026-06-21T23:16:45+05:30,,,submitted_via_web,,vNRRNU3SyFqnhy2xMWaa4o,,uuid:938b3d86-0287-4a5f-b9a3-f4d4ce9dea36,156,Bengaluru,Bengaluru,12.963319,77.641679,device_gps,OK
2026-06-21T23:03:14.228000+05:30,2026-06-21T23:07:58.476000+05:30,2026-06-21T23:04:00+05:30,Dhoopanhalli (towards Indiranagar metro),12.963762 77.64158 815.5 11.461999893188477,12.963762,77.64158,815.5,11.461999893188477,,Stainless Steel Bus Shelter, Clean and Well Maintained,On the road edge / footpath edge – directly adjacent to traffic,0,1,0,,Yes,Yes,Yes,Yes - It's free of obstructions and feels safe to use,1 - this is a standalone shelter ,At the bus stop – buses pull up to the shelter/marked stop,1,0,0,0,Perfect / Flush (Less than 30 cm): Passengers can step directly from the footpath onto the bus.,Footpath available to reach the bus stop from both directions,1,0,0,0,0,0,0,,"Partially encroached – e.g., vendors, parked two-wheelers, auto-rickshaws, construction material",No – area appears well-drained,"Safe – well-lit, visible, and active surroundings",Yes – adequate space for passengers,Yes – roof is intact and effective,Yes – sufficient shade from the bus shelter,"Yes – lit by nearby street lights, shop fronts, or advertisement boards",Yes – clear sightline to see the approaching buses,"Yes - the seating is of the right height, width, and depth to sit comfortably while waiting for the bus",Yes – name is prominently visible and legible,No information displayed at all,Seating / bench Dustbin / waste bin,1,0,1,0,0,0,0,0,"Mostly commercial - Retail shops. restaurants, cafes, markets, etc",Yes – advertisements dominate; passenger information is secondary,,,1000498246-23_7_48.jpg,https://kf.kobotoolbox.org/api/v2/assets/am66CJhKEj8dCTL49UQSNG/data/787433473/attachments/attkCcU3iP9sZQ3VEYUySefP/,1000498250-23_7_52.jpg,https://kf.kobotoolbox.org/api/v2/assets/am66CJhKEj8dCTL49UQSNG/data/787433473/attachments/attT8YBNzkPJQBp2ie2JitHK/,1000498251-23_7_56.jpg,https://kf.kobotoolbox.org/api/v2/assets/am66CJhKEj8dCTL49UQSNG/data/787433473/attachments/att9PBTVTQTGa95ytJRueZUw/,,,787433473,a6842ac1-e7c2-46d1-a8a6-46ad5f84485e,2026-06-21T23:16:47+05:30,,,submitted_via_web,,vNRRNU3SyFqnhy2xMWaa4o,,uuid:a6842ac1-e7c2-46d1-a8a6-46ad5f84485e,157,Bengaluru,Bengaluru,12.963762,77.64158,device_gps,OK
2026-06-21T23:07:58.562000+05:30,2026-06-21T23:15:34.303000+05:30,2026-06-21T23:12:00+05:30,Indiranagar New Horizon School (towards Indiranagar metro),12.966395 77.641355 820.5999755859375 46.21200180053711,12.966395,77.641355,820.5999755859375,46.21200180053711,,Stainless Steel Bus Shelter, Clean and Well Maintained,On the road edge / footpath edge – directly adjacent to traffic,0,1,0,,Yes,Yes,Yes,Yes - It's free of obstructions and feels safe to use,1 - this is a standalone shelter ,At the bus stop – buses pull up to the shelter/marked stop,1,0,0,0,One Step Out (30 cm to 1 meter): Passengers have to step down onto the road surface first to board.,Footpath available to reach the bus stop from both directions,1,0,0,0,0,0,0,,"Partially encroached – e.g., vendors, parked two-wheelers, auto-rickshaws, construction material",No – area appears well-drained,"Safe – well-lit, visible, and active surroundings",Yes – adequate space for passengers,Yes – roof is intact and effective,Yes - from both bus shelter AND trees,"Yes – lit by nearby street lights, shop fronts, or advertisement boards",Yes – clear sightline to see the approaching buses,"Yes - the seating is of the right height, width, and depth to sit comfortably while waiting for the bus",Yes – name is prominently visible and legible,Yes – but information seems outdated or unreliable,Seating / bench,1,0,0,0,0,0,0,0,"Mostly commercial - Retail shops. restaurants, cafes, markets, etc",Yes – advertisements dominate; passenger information is secondary,,,1000498245-23_15_26.jpg,https://kf.kobotoolbox.org/api/v2/assets/am66CJhKEj8dCTL49UQSNG/data/787433517/attachments/attFhnpJXArQPcG2ZYCuEUWQ/,1000498252-23_15_32.jpg,https://kf.kobotoolbox.org/api/v2/assets/am66CJhKEj8dCTL49UQSNG/data/787433517/attachments/attkZE9RHxRsTPpqmwwwodB3/,,,,,787433517,0337b4cb-962a-47b0-a9c2-bf67a2eeda95,2026-06-21T23:16:50+05:30,,,submitted_via_web,,vNRRNU3SyFqnhy2xMWaa4o,,uuid:0337b4cb-962a-47b0-a9c2-bf67a2eeda95,158,Bengaluru,Bengaluru,12.966395,77.641355,device_gps,OK
2026-06-21T14:04:24.274000+05:30,2026-06-22T14:12:29.612000+05:30,2026-06-22T13:58:00+05:30,Jalahalli Cross,,,,,,https://maps.app.goo.gl/4QegztYULQAbKgk89?g_st=ac,Concrete/Masonry Bus Shelter,Unclean/Poorly Maintained,On the road edge / footpath edge – directly adjacent to traffic,0,1,0,,No,No,No,,1 - this is a standalone shelter ,Away from the bus stop – buses stop before or beyond the shelter/marked location Bus stop not clearly marked,0,1,1,0,No footpath available,None of the above,0,0,0,0,0,0,1,,"Partially encroached – e.g., vendors, parked two-wheelers, auto-rickshaws, construction material",No – area appears well-drained,"Safe – well-lit, visible, and active surroundings", No – overcrowded or high number of people standing on the road,"Yes – but the roof is inadequate (too tall, too small, gaps, or partial coverage)",Partial – some shade but insufficient,"Yes – lit by nearby street lights, shop fronts, or advertisement boards",Yes – clear sightline to see the approaching buses,No - poor back support / posture,No – name is missing,No information displayed at all,Seating / bench,1,0,0,0,0,0,0,0,"Mostly commercial - Retail shops. restaurants, cafes, markets, etc",Yes – advertisements dominate; passenger information is secondary,"Space and seating in the stop is inadequate for the number of people using it. Most people stand at the junction, mostly in the middle of moving highway traffic",Addition of more bus stops preferably from the junction edge till existing one. Seperate bus embankment so people can stand away from incoming traffic,1000164258-14_10_29.jpg,https://kf.kobotoolbox.org/api/v2/assets/am66CJhKEj8dCTL49UQSNG/data/787856767/attachments/attZdWmn9yczBWAYMNmDhFW5/,1000164266-14_11_42.jpg,https://kf.kobotoolbox.org/api/v2/assets/am66CJhKEj8dCTL49UQSNG/data/787856767/attachments/attFbbmEHeWSEB6hTAqnB4Ne/,1000164254-14_11_56.jpg,https://kf.kobotoolbox.org/api/v2/assets/am66CJhKEj8dCTL49UQSNG/data/787856767/attachments/attJhu2ENHw8iYDh8wGM74um/,1000164252-14_12_9.jpg,https://kf.kobotoolbox.org/api/v2/assets/am66CJhKEj8dCTL49UQSNG/data/787856767/attachments/attS86CQHzsss6oRX8EUVb8h/,787856767,c7b38049-60ea-4db9-8605-95633c065379,2026-06-22T14:12:32+05:30,,,submitted_via_web,,vNRRNU3SyFqnhy2xMWaa4o,,uuid:c7b38049-60ea-4db9-8605-95633c065379,159,Bengaluru,Bengaluru,13.039853,77.519075,gmaps_link,OK
2026-06-22T14:12:29.852000+05:30,2026-06-22T14:22:53.546000+05:30,2026-06-22T14:12:00+05:30,Jalahalli cross (towards tumkur),,,,,,https://maps.app.goo.gl/918BdEYqTMUYdjFs8?g_st=ac,Concrete/Masonry Bus Shelter,Severely Damaged / Unusable,"Set back from the road – against a wall, compound, or building edge",1,0,0,,No,No,No,,2,Bus stop not clearly marked,0,0,1,0,No footpath available,None of the above,0,0,0,0,0,0,1,,Heavily encroached – the stop is largely unusable because of obstructions,"Yes – signs of standing water, algae, or drainage issues visible","Somewhat safe – some concerns (e.g., poor visibility, isolated location)", No – overcrowded or high number of people standing on the road,No – The roof is too damaged or broken to provide shelter,No – exposed to full sun,"Yes – lit by nearby street lights, shop fronts, or advertisement boards","No – sightline is blocked (by structure, advertisement boards, trees, or parked vehicles)",No seating available,No – name is missing,No information displayed at all,Public toilet nearby (within eyesight),0,0,0,0,1,0,0,0,"Mostly commercial - Retail shops. restaurants, cafes, markets, etc",Yes – advertisements dominate; passenger information is secondary,This is less a bus stop more a bus parking area. The bus-stands have been so severely damaged that no people even go towards that side and hence all the buses drivers ah e started using that area as a rest top causing a massive pile of parked buses. People just stand on the road junction to actually get on a moving bus.,Not sure where to even start. Firstly cleaning out the garbage pile would help.,1000164586-14_19_19.jpg,https://kf.kobotoolbox.org/api/v2/assets/am66CJhKEj8dCTL49UQSNG/data/787871134/attachments/attr825WwGfsk3yFxacs9trw/,1000164577-14_19_35.jpg,https://kf.kobotoolbox.org/api/v2/assets/am66CJhKEj8dCTL49UQSNG/data/787871134/attachments/attqVZLpq4GAjZ9AYxE8V8PS/,1000164592-14_19_53.jpg,https://kf.kobotoolbox.org/api/v2/assets/am66CJhKEj8dCTL49UQSNG/data/787871134/attachments/attbQtYJ2obc7uPxVhNDqyJu/,1000164580-14_21_3.jpg,https://kf.kobotoolbox.org/api/v2/assets/am66CJhKEj8dCTL49UQSNG/data/787871134/attachments/attB9RdhH6vE53AMSGLCbJ24/,787871134,4264662a-b3c0-41c5-92b6-4d7a02caf51c,2026-06-22T14:22:56+05:30,,,submitted_via_web,,vNRRNU3SyFqnhy2xMWaa4o,,uuid:4264662a-b3c0-41c5-92b6-4d7a02caf51c,160,Bengaluru,Bengaluru,13.0391774,77.5194624,gmaps_link,OK
2026-06-22T14:22:53.772000+05:30,2026-06-22T14:32:58.004000+05:30,2026-06-22T14:25:00+05:30,Dasarahalli,,,,,,https://maps.app.goo.gl/Bp9SAVBsnzxL8VPZA?g_st=ac,No Shelter and No Signboard,,On the road edge / footpath edge – directly adjacent to traffic,0,1,0,,No,No,No,,,Bus stop not clearly marked,0,0,1,0,No footpath available,None of the above,0,0,0,0,0,0,1,,Heavily encroached – the stop is largely unusable because of obstructions,No – area appears well-drained,"Safe – well-lit, visible, and active surroundings",,,Yes – sufficient shade from the bus shelter,"Yes – lit by nearby street lights, shop fronts, or advertisement boards",,,,,Public toilet nearby (within eyesight),0,0,0,0,1,0,0,0,"Mostly commercial - Retail shops. restaurants, cafes, markets, etc",,"No bus stop. People stand under the Dasarahalli metro near the parking, that's how we know which stop we are at. Parking curbside is pretty unsafe to walk around for pedestrians due to highway traffic. There is a functioning indira cateen though that could be a called an accessible public toilet.",,1000164227-14_31_22.jpg,https://kf.kobotoolbox.org/api/v2/assets/am66CJhKEj8dCTL49UQSNG/data/787885081/attachments/att3CYPjkBmGR4eZjhMyKqyK/,1000164237-14_31_40.jpg,https://kf.kobotoolbox.org/api/v2/assets/am66CJhKEj8dCTL49UQSNG/data/787885081/attachments/att5ATVqmsBVmLiPJDFJWmW4/,1000164230-14_32_1.jpg,https://kf.kobotoolbox.org/api/v2/assets/am66CJhKEj8dCTL49UQSNG/data/787885081/attachments/attjpFfmLMDn3iZVZCbYfUcZ/,1000164238-14_32_18.jpg,https://kf.kobotoolbox.org/api/v2/assets/am66CJhKEj8dCTL49UQSNG/data/787885081/attachments/attnCZii9grxNkdZum5AHY6k/,787885081,c6505f33-3c24-4871-a16f-231fe20e3529,2026-06-22T14:33:01+05:30,,,submitted_via_web,,vNRRNU3SyFqnhy2xMWaa4o,,uuid:c6505f33-3c24-4871-a16f-231fe20e3529,161,Bengaluru,Bengaluru,13.043036,77.513129,gmaps_link,OK
2026-06-19T23:30:37.954000+05:30,2026-06-22T14:33:01.274000+05:30,2026-06-12T15:24:00+05:30,RT Nagar Post Office ( post office footpath),13.022212 77.592698 0 0,13.022212,77.592698,0,0,,Other Metal Bus Shelter (Other than Stainless Steel),Satisfactory – minor wear/dusty but usable,On the road edge / footpath edge – directly adjacent to traffic,0,1,0,,Yes,No,No,No - It's obstructed due to encroachment ,2,At the bus stop – buses pull up to the shelter/marked stop,1,0,0,0,"Way Out in the Road (More than 1 meter): The bus stops far from the footpath, blocking a lane of traffic, forcing people to walk across active traffic to board the bus",Footpath available to reach the bus stop from both directions,1,0,0,0,0,0,0,,Heavily encroached – the stop is largely unusable because of obstructions,"Yes – signs of standing water, algae, or drainage issues visible","Safe – well-lit, visible, and active surroundings",Yes – adequate space for passengers,"Yes – but the roof is inadequate (too tall, too small, gaps, or partial coverage)",Yes - from both bus shelter AND trees,"Yes – lit by nearby street lights, shop fronts, or advertisement boards",Yes – clear sightline to see the approaching buses,"Yes - the seating is of the right height, width, and depth to sit comfortably while waiting for the bus",No – name is missing,No information displayed at all,Seating / bench Sufficient seating for the number of people typically waiting,1,1,0,0,0,0,0,0,"Mostly commercial - Retail shops. restaurants, cafes, markets, etc",Yes – advertisements dominate; passenger information is secondary,New bus stop. No names or passenger info. 2 bus stops - one new other old  - look mismatched,Bus stop name and bus information basic requirement of bus stop is missing. No work in progress to assure anything being done to put that in place,1000500320-14_27_0.jpg,https://kf.kobotoolbox.org/api/v2/assets/am66CJhKEj8dCTL49UQSNG/data/787885151/attachments/attpbnWBpDvDYebGB8gwPDSQ/,1000500322-14_27_30.jpg,https://kf.kobotoolbox.org/api/v2/assets/am66CJhKEj8dCTL49UQSNG/data/787885151/attachments/attStpVDYUYFtjqLBWN8D6cF/,,,,,787885151,01f9977f-37a1-46f5-9a1e-135b08121c40,2026-06-22T14:33:05+05:30,,,submitted_via_web,,vNRRNU3SyFqnhy2xMWaa4o,,uuid:01f9977f-37a1-46f5-9a1e-135b08121c40,162,Bengaluru,Bengaluru,13.022212,77.592698,device_gps,OK
2026-06-22T14:33:01.469000+05:30,2026-06-22T14:47:20.828000+05:30,2026-06-12T15:51:00+05:30,RT nagar Post Office ( opp  Albek/ opp footpath of post office),13.022447 77.592515 0 0,13.022447,77.592515,0,0,,Other Metal Bus Shelter (Other than Stainless Steel),Satisfactory – minor wear/dusty but usable,On the road edge / footpath edge – directly adjacent to traffic,0,1,0,,No,Yes,No,,1 - this is a standalone shelter ,At the bus stop – buses pull up to the shelter/marked stop,1,0,0,0,"Way Out in the Road (More than 1 meter): The bus stops far from the footpath, blocking a lane of traffic, forcing people to walk across active traffic to board the bus",Footpath available to reach the bus stop from both directions,1,0,0,0,0,0,0,,"Partially encroached – e.g., vendors, parked two-wheelers, auto-rickshaws, construction material","Yes – signs of standing water, algae, or drainage issues visible","Somewhat safe – some concerns (e.g., poor visibility, isolated location)", No – overcrowded or high number of people standing on the road,"Yes – but the roof is inadequate (too tall, too small, gaps, or partial coverage)",Yes – sufficient shade from the bus shelter,"Yes – lit by nearby street lights, shop fronts, or advertisement boards",Yes – clear sightline to see the approaching buses,"Yes - the seating is of the right height, width, and depth to sit comfortably while waiting for the bus",Yes – name is prominently visible and legible,Yes – route list is prominently displayed and appears current,Seating / bench Digital information boards with real time arrival information and service alerts,1,0,0,0,0,0,1,0,"Mostly commercial - Retail shops. restaurants, cafes, markets, etc",No advertisements,It is old but still good . Imp - all passenger info available,It can be maintained well. Some ad space can be used without compromising passenger info currently available. Also buses stop away from footpath due to illegal parking of vehicles at bus stop,1000500329-14_34_3.jpg,https://kf.kobotoolbox.org/api/v2/assets/am66CJhKEj8dCTL49UQSNG/data/787903360/attachments/attvQLkET4py25qrk3ccYytT/,1000500328-14_34_22.jpg,https://kf.kobotoolbox.org/api/v2/assets/am66CJhKEj8dCTL49UQSNG/data/787903360/attachments/attfYvgPwXZC8Uq83ReqRnBz/,1000500325-14_34_42.jpg,https://kf.kobotoolbox.org/api/v2/assets/am66CJhKEj8dCTL49UQSNG/data/787903360/attachments/attuyXQ9cgmDStgGYr4k63ZP/,1000500330-14_34_56.jpg,https://kf.kobotoolbox.org/api/v2/assets/am66CJhKEj8dCTL49UQSNG/data/787903360/attachments/attZJvptF9xoBxyfzujaffj6/,787903360,15b27553-639e-4350-b2c1-9a2c884488c0,2026-06-22T14:47:23+05:30,,,submitted_via_web,,vNRRNU3SyFqnhy2xMWaa4o,,uuid:15b27553-639e-4350-b2c1-9a2c884488c0,163,Bengaluru,Bengaluru,13.022447,77.592515,device_gps,OK
2026-06-22T14:47:21.092000+05:30,2026-06-22T14:57:19.223000+05:30,2026-06-12T16:08:00+05:30,"RT Nagar Main Rd stop( Police station stop, near Mahalakshmi sweets)",13.024263 77.592948 0 0,13.024263,77.592948,0,0,,Stainless Steel Bus Shelter, Clean and Well Maintained,On the road edge / footpath edge – directly adjacent to traffic,0,1,0,,No,No,No,,1 - this is a standalone shelter ,Away from the bus stop – buses stop before or beyond the shelter/marked location,0,1,0,0,One Step Out (30 cm to 1 meter): Passengers have to step down onto the road surface first to board.,None of the above,0,0,0,0,0,0,1,,"Partially encroached – e.g., vendors, parked two-wheelers, auto-rickshaws, construction material","Yes – signs of standing water, algae, or drainage issues visible","Safe – well-lit, visible, and active surroundings",Yes – adequate space for passengers,Yes – roof is intact and effective,Yes – sufficient shade from the bus shelter,Yes – the bus shelter itself has a working light,"No – sightline is blocked (by structure, advertisement boards, trees, or parked vehicles)","Yes - the seating is of the right height, width, and depth to sit comfortably while waiting for the bus",Yes – name is prominently visible and legible,No information displayed at all,Seating / bench,1,0,0,0,0,0,0,0,"Mostly commercial - Retail shops. restaurants, cafes, markets, etc",Yes – advertisements dominate; passenger information is secondary,It's at a turning from which buses come. Bus stop cud have been built ahead by 50 m . It's too late and waste of money to relocate this new bus stop.,Auto etc park at bus stop making bus stop ahead of before. Some enforcement discipline needed,1000500336-14_57_11.jpg,https://kf.kobotoolbox.org/api/v2/assets/am66CJhKEj8dCTL49UQSNG/data/787917396/attachments/attfXaVFEo4e8S2zJBywqmq9/,1000500337-14_51_11.jpg,https://kf.kobotoolbox.org/api/v2/assets/am66CJhKEj8dCTL49UQSNG/data/787917396/attachments/attGrDYHW85FFkRujZVE3ymH/,1000500334-14_51_35.jpg,https://kf.kobotoolbox.org/api/v2/assets/am66CJhKEj8dCTL49UQSNG/data/787917396/attachments/attzPDzGH2nK49csWspi8nUQ/,1000500331-14_52_3.jpg,https://kf.kobotoolbox.org/api/v2/assets/am66CJhKEj8dCTL49UQSNG/data/787917396/attachments/attttVz2Yqvcm22byYsfqzmj/,787917396,f537b318-32ae-4bf8-9cc1-62d517178519,2026-06-22T14:57:22+05:30,,,submitted_via_web,,vNRRNU3SyFqnhy2xMWaa4o,,uuid:f537b318-32ae-4bf8-9cc1-62d517178519,164,Bengaluru,Bengaluru,13.024263,77.592948,device_gps,OK
2026-06-22T14:32:58.236000+05:30,2026-06-22T21:57:03.771000+05:30,2026-06-22T21:02:00+05:30,Peenya,,,,,,https://maps.app.goo.gl/UFXfWCgHoAiNrQjp6,Other Metal Bus Shelter (Other than Stainless Steel),Unclean/Poorly Maintained,"Set back from the road – against a wall, compound, or building edge",1,0,0,,No,No,No,,1 - this is a standalone shelter ,Away from the bus stop – buses stop before or beyond the shelter/marked location,0,1,0,0,"Way Out in the Road (More than 1 meter): The bus stops far from the footpath, blocking a lane of traffic, forcing people to walk across active traffic to board the bus",None of the above,0,0,0,0,0,0,1,," Yes – fully accessible, no obstructions",No – area appears well-drained,"Somewhat safe – some concerns (e.g., poor visibility, isolated location)",Yes – adequate space for passengers,"Yes – but the roof is inadequate (too tall, too small, gaps, or partial coverage)",Yes – sufficient shade from the bus shelter,Partially – some light but insufficient,Yes – clear sightline to see the approaching buses,No - poor back support / posture,No – name is missing,No information displayed at all,Seating / bench,1,0,0,0,0,0,0,0,Other,Yes – advertisements dominate; passenger information is secondary,"Stop is near peenya industryetro station which, in my personal experience, remains pretty isolated compared to other stations due to most of its entrances closed off and only one at a far corner being kept open. There are autos and highway traffic but less pedestrian than you would find at other metro stations. Makes this and the surrounding area for this stop pretty isolated.",,1000164286-21_55_58.jpg,https://kf.kobotoolbox.org/api/v2/assets/am66CJhKEj8dCTL49UQSNG/data/788494952/attachments/attguugW5ruqQR4bdCbwjdgS/,1000164293-21_56_14.jpg,https://kf.kobotoolbox.org/api/v2/assets/am66CJhKEj8dCTL49UQSNG/data/788494952/attachments/atthbXZZgYExXcdDMXchj7aK/,1000164282-21_56_40.jpg,https://kf.kobotoolbox.org/api/v2/assets/am66CJhKEj8dCTL49UQSNG/data/788494952/attachments/att8vBbCrJwJYeai7vFrtvqq/,1000164290-21_56_55.jpg,https://kf.kobotoolbox.org/api/v2/assets/am66CJhKEj8dCTL49UQSNG/data/788494952/attachments/attxpK3fZFLakotRHxxXvf8U/,788494952,f1403cde-67b2-476e-b29a-fdf6caaf75b2,2026-06-22T21:57:07+05:30,,,submitted_via_web,,vNRRNU3SyFqnhy2xMWaa4o,,uuid:f1403cde-67b2-476e-b29a-fdf6caaf75b2,165,Bengaluru,Bengaluru,13.036211,77.525676,gmaps_link,OK
2026-06-22T21:57:04.010000+05:30,2026-06-22T22:02:01.585000+05:30,2026-06-22T21:57:00+05:30,Peenya ( towards tumkur),,,,,,https://maps.app.goo.gl/rmNBUbCpw2BCyRYq8?g_st=ac,Other Metal Bus Shelter (Other than Stainless Steel),Unclean/Poorly Maintained,On the road edge / footpath edge – directly adjacent to traffic,0,1,0,,No,No,No,,1 - this is a standalone shelter ,Away from the bus stop – buses stop before or beyond the shelter/marked location Bus stop not clearly marked,0,1,1,0,"Way Out in the Road (More than 1 meter): The bus stops far from the footpath, blocking a lane of traffic, forcing people to walk across active traffic to board the bus",None of the above,0,0,0,0,0,0,1,," Yes – fully accessible, no obstructions",No – area appears well-drained,"Somewhat safe – some concerns (e.g., poor visibility, isolated location)",Unsure,No – The roof is too damaged or broken to provide shelter,Partial – some shade but insufficient,Partially – some light but insufficient,Yes – clear sightline to see the approaching buses,No - poor back support / posture,No – name is missing,No information displayed at all,None of the Above,0,0,0,0,0,0,0,1,"Mixed Use - A mix of commercial/residential/office, etc",Yes – advertisements dominate; passenger information is secondary,,,1000164557-22_1_6.jpg,https://kf.kobotoolbox.org/api/v2/assets/am66CJhKEj8dCTL49UQSNG/data/788502835/attachments/att9rgLzpRT9YtW6MPkY8KGH/,1000164564-22_1_20.jpg,https://kf.kobotoolbox.org/api/v2/assets/am66CJhKEj8dCTL49UQSNG/data/788502835/attachments/attwTmtvpeoWrtrZMWqq5rsu/,1000164559-22_1_41.jpg,https://kf.kobotoolbox.org/api/v2/assets/am66CJhKEj8dCTL49UQSNG/data/788502835/attachments/attJzy3x6thSq4kBQMhwVkgs/,1000164555-22_1_58.jpg,https://kf.kobotoolbox.org/api/v2/assets/am66CJhKEj8dCTL49UQSNG/data/788502835/attachments/attCs8ZMCWNhXKLfXFGczBgE/,788502835,0740e4ee-e766-4fec-b124-eaed4fc77b1b,2026-06-22T22:02:04+05:30,,,submitted_via_web,,vNRRNU3SyFqnhy2xMWaa4o,,uuid:0740e4ee-e766-4fec-b124-eaed4fc77b1b,166,Bengaluru,Bengaluru,13.035458,77.526313,gmaps_link,OK
2026-06-22T22:02:01.791000+05:30,2026-06-22T22:15:17.818000+05:30,2026-06-22T22:02:00+05:30,SRS Peenya ( towards tumkur),,,,,,https://maps.app.goo.gl/5NNCVyhGDifw8v789?g_st=ac,Other Metal Bus Shelter (Other than Stainless Steel), Clean and Well Maintained,"Set back from the road – against a wall, compound, or building edge On the road edge / footpath edge – directly adjacent to traffic",1,1,0,,Yes,No,No,Yes - It's free of obstructions and feels safe to use,1 - this is a standalone shelter ,Away from the bus stop – buses stop before or beyond the shelter/marked location,0,1,0,0,"Way Out in the Road (More than 1 meter): The bus stops far from the footpath, blocking a lane of traffic, forcing people to walk across active traffic to board the bus",Ramp for wheelchair users to access the bus stop Tactile paving for visually impaired users,0,0,1,0,1,0,0,,"Partially encroached – e.g., vendors, parked two-wheelers, auto-rickshaws, construction material",No – area appears well-drained,"Somewhat safe – some concerns (e.g., poor visibility, isolated location)",Yes – adequate space for passengers,Yes – roof is intact and effective,Yes - from both bus shelter AND trees,Partially – some light but insufficient,"No – sightline is blocked (by structure, advertisement boards, trees, or parked vehicles)","Yes - the seating is of the right height, width, and depth to sit comfortably while waiting for the bus",No – name is missing,No information displayed at all,Seating / bench Sufficient seating for the number of people typically waiting,1,1,0,0,0,0,0,0,"Mostly commercial - Retail shops. restaurants, cafes, markets, etc",No advertisements,Bus top is large and well maintained but no one's uses it. People use it to sleep or wait for private vehicles picking them up. Actual bus commuters way some ways ahead under the shade of a large tree but the spot is right on top of the highway service road. Private vehicles have started parking in front of the bus stop blocking the view for bus commuters.,This is a fully usable bus stop. Not sure why no one is using it. Might be due to the large number of private vehicles claiming the entire space for parking and their drivers occupying the seats to nap.,1000164544-22_14_11.jpg,https://kf.kobotoolbox.org/api/v2/assets/am66CJhKEj8dCTL49UQSNG/data/788518908/attachments/attD4yg8mVNSDrJQtTPGePSx/,1000164536-22_14_26.jpg,https://kf.kobotoolbox.org/api/v2/assets/am66CJhKEj8dCTL49UQSNG/data/788518908/attachments/att3XUFqWSsKQf754YBDBYkv/,1000164529-22_14_50.jpg,https://kf.kobotoolbox.org/api/v2/assets/am66CJhKEj8dCTL49UQSNG/data/788518908/attachments/atttX8s3MU3hAnz6q94VejZz/,1000164546-22_15_8.jpg,https://kf.kobotoolbox.org/api/v2/assets/am66CJhKEj8dCTL49UQSNG/data/788518908/attachments/att3Tr6dV8SYB5omHB2gUtg8/,788518908,e3765bbf-26f7-49c5-807b-ccd3a53b5881,2026-06-22T22:15:20+05:30,,,submitted_via_web,,vNRRNU3SyFqnhy2xMWaa4o,,uuid:e3765bbf-26f7-49c5-807b-ccd3a53b5881,167,Bengaluru,Bengaluru,13.0337615,77.5310313,gmaps_link,OK
2026-06-22T22:15:18.015000+05:30,2026-06-22T22:19:29.477000+05:30,2026-06-22T22:15:00+05:30,SRS Peenya (towards goraguntepalya),,,,,,https://maps.app.goo.gl/c8WDy1ZysLbCCh518?g_st=ac,No Shelter and No Signboard,,On the road edge / footpath edge – directly adjacent to traffic,0,1,0,,No,No,No,,,Bus stop not clearly marked,0,0,1,0,No footpath available,None of the above,0,0,0,0,0,0,1,,Heavily encroached – the stop is largely unusable because of obstructions,No – area appears well-drained,"Safe – well-lit, visible, and active surroundings",,,No – exposed to full sun,"Yes – lit by nearby street lights, shop fronts, or advertisement boards",,,,,None of the Above,0,0,0,0,0,0,0,1,"Mixed Use - A mix of commercial/residential/office, etc",,,,1000164296-22_18_7.jpg,https://kf.kobotoolbox.org/api/v2/assets/am66CJhKEj8dCTL49UQSNG/data/788523524/attachments/attWjbeY94DFQV5LExwL3LSp/,1000164315-22_18_28.jpg,https://kf.kobotoolbox.org/api/v2/assets/am66CJhKEj8dCTL49UQSNG/data/788523524/attachments/att8EWUEXT86xZpNLdv3USL2/,1000164306-22_18_43.jpg,https://kf.kobotoolbox.org/api/v2/assets/am66CJhKEj8dCTL49UQSNG/data/788523524/attachments/attriRdfACVJJkvFKvmkebX6/,1000164304-22_19_25.jpg,https://kf.kobotoolbox.org/api/v2/assets/am66CJhKEj8dCTL49UQSNG/data/788523524/attachments/attu6ceuNcq4rRsW2WwQa4Wf/,788523524,5ff6f075-da96-4a59-8801-c93b95eda759,2026-06-22T22:19:32+05:30,,,submitted_via_web,,vNRRNU3SyFqnhy2xMWaa4o,,uuid:5ff6f075-da96-4a59-8801-c93b95eda759,168,Bengaluru,Bengaluru,13.034861,77.530101,gmaps_link,OK
2026-06-22T22:19:29.753000+05:30,2026-06-22T23:50:48.694000+05:30,2026-06-22T22:21:00+05:30,CMTI ( Towards Tumkur),,,,,,https://maps.app.goo.gl/TByTuhZG1RsEg95v6?g_st=ac,Other Metal Bus Shelter (Other than Stainless Steel), Clean and Well Maintained,"Set back from the road – against a wall, compound, or building edge",1,0,0,,No,No,No,,1 - this is a standalone shelter ,Away from the bus stop – buses stop before or beyond the shelter/marked location,0,1,0,0,"Way Out in the Road (More than 1 meter): The bus stops far from the footpath, blocking a lane of traffic, forcing people to walk across active traffic to board the bus",None of the above,0,0,0,0,0,0,1,," Yes – fully accessible, no obstructions",No – area appears well-drained,"Safe – well-lit, visible, and active surroundings",Yes – adequate space for passengers,"Yes – but the roof is inadequate (too tall, too small, gaps, or partial coverage)",Yes – sufficient shade from the bus shelter,"Yes – lit by nearby street lights, shop fronts, or advertisement boards","No – sightline is blocked (by structure, advertisement boards, trees, or parked vehicles)","Yes - the seating is of the right height, width, and depth to sit comfortably while waiting for the bus",No – name is missing,No information displayed at all,Seating / bench Sufficient seating for the number of people typically waiting,1,1,0,0,0,0,0,0,"Mostly Institutional - Schools, Hospitals, Govt. Offices, etc",Yes – advertisements dominate; passenger information is secondary,Bus stop is large and has granite seats which are very comfortable and durable. Can even sleep on them. Bus other than the seats everything else is not maintained. The back and panels are dilapidated.  The height from pavement is really good and optimal even for senior citizens but no clear wheelchair access.   The paving is well designed in the sense that to keep the height from road the same. The slope of the road is designed into the stop by way of stepped paving.  The front signage is torn off so no way to know which bustop this is.  Traffic police shelter kiosk is in an inconvenient place and blocks the view of incoming buses from the bus stop.,People stand outside the stop on the side of  service road or even in the middle between service Rd and main highway. This is a civics issue. Not even the ever present traffic police is able to fix this looks like. This is from personal experience because in the early days I did see the traffic police both people and buses alike to stop near dedicated bus-shelter. Now they have given up and the both just do whatever they want.,1000164504-23_46_27.jpg,https://kf.kobotoolbox.org/api/v2/assets/am66CJhKEj8dCTL49UQSNG/data/788599947/attachments/atttniXTFBipiJm8oTUQRzW3/,1000164511-23_47_0.jpg,https://kf.kobotoolbox.org/api/v2/assets/am66CJhKEj8dCTL49UQSNG/data/788599947/attachments/attBmgLKyakq5e3EkMEFzzfU/,1000164494-23_47_18.jpg,https://kf.kobotoolbox.org/api/v2/assets/am66CJhKEj8dCTL49UQSNG/data/788599947/attachments/attwUxXA8cXcEx54upAQxxc8/,1000164523-23_47_44.jpg,https://kf.kobotoolbox.org/api/v2/assets/am66CJhKEj8dCTL49UQSNG/data/788599947/attachments/attYfKAXFAXKXCnoB7WZCx6q/,788599947,4f5dcd7d-95d1-4a8f-81b3-aefe2d2cc1d0,2026-06-22T23:50:52+05:30,,,submitted_via_web,,vNRRNU3SyFqnhy2xMWaa4o,,uuid:4f5dcd7d-95d1-4a8f-81b3-aefe2d2cc1d0,169,Bengaluru,Bengaluru,13.030675,77.536411,gmaps_link,OK
2026-06-22T23:50:48.952000+05:30,2026-06-23T00:00:30.116000+05:30,2026-06-22T23:54:00+05:30,CMTI (towards yeshwantpur),,,,,,https://maps.app.goo.gl/vDqVm27Fae2vv8jj6?g_st=ac,No Shelter and No Signboard,,On the road edge / footpath edge – directly adjacent to traffic,0,1,0,,No,No,No,,,Bus stop not clearly marked,0,0,1,0,No footpath available,None of the above,0,0,0,0,0,0,1,,Heavily encroached – the stop is largely unusable because of obstructions,No – area appears well-drained,"Somewhat safe – some concerns (e.g., poor visibility, isolated location)",,,No – exposed to full sun,Partially – some light but insufficient,,,,,None of the Above,0,0,0,0,0,0,0,1,"Mostly Institutional - Schools, Hospitals, Govt. Offices, etc",,"Buses only stop under the metro pillar, right in the middle of incoming highway traffic, if a passenger is getting off or someone waiting flags them down. The latter is rare too.",,1000164334-23_58_57.jpg,https://kf.kobotoolbox.org/api/v2/assets/am66CJhKEj8dCTL49UQSNG/data/788606737/attachments/attuT4dZeXBVaHvMGzcFX7SJ/,1000164318-23_59_17.jpg,https://kf.kobotoolbox.org/api/v2/assets/am66CJhKEj8dCTL49UQSNG/data/788606737/attachments/attoKqqpFpKGf9rmbGiTSQ2F/,1000164316-23_59_30.jpg,https://kf.kobotoolbox.org/api/v2/assets/am66CJhKEj8dCTL49UQSNG/data/788606737/attachments/attVJoDCHLpao3LYvLCJc33w/,1000164339-0_0_27.jpg,https://kf.kobotoolbox.org/api/v2/assets/am66CJhKEj8dCTL49UQSNG/data/788606737/attachments/attKowuBaSmWLDjTu6kYfN3r/,788606737,8976bd1b-2bbb-4007-aca1-e2f509b67ccb,2026-06-23T00:00:33+05:30,,,submitted_via_web,,vNRRNU3SyFqnhy2xMWaa4o,,uuid:8976bd1b-2bbb-4007-aca1-e2f509b67ccb,170,Bengaluru,Bengaluru,13.031565,77.535841,gmaps_link,OK
2026-06-23T00:00:30.359000+05:30,2026-06-23T00:23:30.214000+05:30,2026-06-23T00:15:00+05:30,Reliance petrol bunk (towards puter ring road),,,,,,https://maps.app.goo.gl/GPE8mEqN69eceWP88?g_st=ac,Other Metal Bus Shelter (Other than Stainless Steel),Satisfactory – minor wear/dusty but usable,On the road edge / footpath edge – directly adjacent to traffic,0,1,0,,No,No,No,,2,At the bus stop – buses pull up to the shelter/marked stop,1,0,0,0,One Step Out (30 cm to 1 meter): Passengers have to step down onto the road surface first to board.,Footpath available to reach the bus stop from both directions,1,0,0,0,0,0,0,,"Partially encroached – e.g., vendors, parked two-wheelers, auto-rickshaws, construction material",No – area appears well-drained,"Somewhat safe – some concerns (e.g., poor visibility, isolated location)",Yes – adequate space for passengers,Yes – roof is intact and effective,Yes - from both bus shelter AND trees,Partially – some light but insufficient,Yes – clear sightline to see the approaching buses,No - the seating is too high ,Yes – name is prominently visible and legible,No information displayed at all,Seating / bench,1,0,0,0,0,0,0,0,"Mixed Use - A mix of commercial/residential/office, etc",Yes – advertisements dominate; passenger information is secondary,One of the two bus shelters has completely damaged seating.,,1000164355-0_21_48.jpg,https://kf.kobotoolbox.org/api/v2/assets/am66CJhKEj8dCTL49UQSNG/data/788623132/attachments/atteLQCuX787HRxsuGWCXEEM/,1000164352-0_22_27.jpg,https://kf.kobotoolbox.org/api/v2/assets/am66CJhKEj8dCTL49UQSNG/data/788623132/attachments/attNe9sWnKWqctepwRs4cDgB/,1000164350-0_23_5.jpg,https://kf.kobotoolbox.org/api/v2/assets/am66CJhKEj8dCTL49UQSNG/data/788623132/attachments/attVVJepXrwhkSbzWmbTehxx/,1000164361-0_23_28.jpg,https://kf.kobotoolbox.org/api/v2/assets/am66CJhKEj8dCTL49UQSNG/data/788623132/attachments/attbdVbWtXsP7zzXD8CTQSG2/,788623132,218c3a76-d1cc-4117-b52e-bafdefc9fe29,2026-06-23T00:23:33+05:30,,,submitted_via_web,,vNRRNU3SyFqnhy2xMWaa4o,,uuid:218c3a76-d1cc-4117-b52e-bafdefc9fe29,171,Bengaluru,Bengaluru,13.028996,77.536579,gmaps_link,OK
2026-06-23T00:23:30.479000+05:30,2026-06-23T00:36:51.555000+05:30,2026-06-23T00:23:00+05:30,Goraguntepalya (towards tumkur),,,,,,https://maps.app.goo.gl/mgbnXVw174PBnr1g6?g_st=ac,Other Metal Bus Shelter (Other than Stainless Steel),Satisfactory – minor wear/dusty but usable,"Set back from the road – against a wall, compound, or building edge",1,0,0,,No,No,No,,1 - this is a standalone shelter ,Away from the bus stop – buses stop before or beyond the shelter/marked location Bus stop not clearly marked,0,1,1,0,"Way Out in the Road (More than 1 meter): The bus stops far from the footpath, blocking a lane of traffic, forcing people to walk across active traffic to board the bus",Footpath available to reach the bus stop from both directions,1,0,0,0,0,0,0,,Heavily encroached – the stop is largely unusable because of obstructions,No – area appears well-drained,"Somewhat safe – some concerns (e.g., poor visibility, isolated location)", No – overcrowded or high number of people standing on the road,Yes – roof is intact and effective,Yes – sufficient shade from the bus shelter,"Yes – lit by nearby street lights, shop fronts, or advertisement boards",Yes – clear sightline to see the approaching buses,"Yes - the seating is of the right height, width, and depth to sit comfortably while waiting for the bus",No – name is missing,No information displayed at all,Seating / bench Public toilet nearby (within eyesight),1,0,0,0,1,0,0,0,"Mostly Institutional - Schools, Hospitals, Govt. Offices, etc",Yes – advertisements dominate; passenger information is secondary,"No one uses this stop as the adjoining service road is too narrow for buses to move. Divider is also placed to seperate the traffic going left towards ORR. Most people stand in front of the nearby hospital gate under the paint tree. Massive pile up of buses, people and highway traffic in general.  Bus stop is also way to high up from the road to comfortably step down. Talking to the lady in the picture I took, she was waiting for someone to pick her up. So atleast seati g seems comfortable.",Move the bus stop to the wider road junction .,1000164372-0_33_41.jpg,https://kf.kobotoolbox.org/api/v2/assets/am66CJhKEj8dCTL49UQSNG/data/788632615/attachments/attye6XXcxJSSpmvi4E6Q22z/,1000164377-0_34_8.jpg,https://kf.kobotoolbox.org/api/v2/assets/am66CJhKEj8dCTL49UQSNG/data/788632615/attachments/attA6sp82aEZNqrAHfqashZL/,1000164410-0_34_48.jpg,https://kf.kobotoolbox.org/api/v2/assets/am66CJhKEj8dCTL49UQSNG/data/788632615/attachments/attKNz2Gz7aZ7WR7ddD8CP6e/,1000164400-0_36_11.jpg,https://kf.kobotoolbox.org/api/v2/assets/am66CJhKEj8dCTL49UQSNG/data/788632615/attachments/attkePsGcfpdfgV4CifNnPYr/,788632615,554f23a6-853d-4f92-8f78-8b2394c4ba42,2026-06-23T00:36:55+05:30,,,submitted_via_web,,vNRRNU3SyFqnhy2xMWaa4o,,uuid:554f23a6-853d-4f92-8f78-8b2394c4ba42,172,Bengaluru,Bengaluru,13.029278,77.538839,gmaps_link,OK
2026-06-23T00:36:51.755000+05:30,2026-06-23T00:44:41.182000+05:30,2026-06-23T00:37:00+05:30,Goraguntepalya (towards yeshwantpur),,,,,,https://maps.app.goo.gl/iijgs96mXwXEVxxM9?g_st=ac,Other Metal Bus Shelter (Other than Stainless Steel),Satisfactory – minor wear/dusty but usable,"Set back from the road – against a wall, compound, or building edge",1,0,0,,No,No,No,,1 - this is a standalone shelter ,Away from the bus stop – buses stop before or beyond the shelter/marked location,0,1,0,0,"Way Out in the Road (More than 1 meter): The bus stops far from the footpath, blocking a lane of traffic, forcing people to walk across active traffic to board the bus",None of the above,0,0,0,0,0,0,1,," Yes – fully accessible, no obstructions",No – area appears well-drained,"Safe – well-lit, visible, and active surroundings", No – overcrowded or high number of people standing on the road,"Yes – but the roof is inadequate (too tall, too small, gaps, or partial coverage)",Yes – sufficient shade from the bus shelter,"Yes – lit by nearby street lights, shop fronts, or advertisement boards",Yes – clear sightline to see the approaching buses,"Yes - the seating is of the right height, width, and depth to sit comfortably while waiting for the bus",No – name is missing,No information displayed at all,Seating / bench,1,0,0,0,0,0,0,0,Other,Yes – advertisements dominate; passenger information is secondary,50% of people use the stop other 50% just stand on the road or sit on the highway service road divider. Buses also stop on the road and not at the bus stop.,,1000164450-0_43_29.jpg,https://kf.kobotoolbox.org/api/v2/assets/am66CJhKEj8dCTL49UQSNG/data/788638669/attachments/attDxq3ybzVWWUa3MzaFEQ48/,1000164456-0_43_56.jpg,https://kf.kobotoolbox.org/api/v2/assets/am66CJhKEj8dCTL49UQSNG/data/788638669/attachments/attbYdmL9Rmzcq9wUfaFLzQ5/,1000164446-0_44_13.jpg,https://kf.kobotoolbox.org/api/v2/assets/am66CJhKEj8dCTL49UQSNG/data/788638669/attachments/attqUvh9zBtcMW453VNNTNjb/,1000164432-0_44_37.jpg,https://kf.kobotoolbox.org/api/v2/assets/am66CJhKEj8dCTL49UQSNG/data/788638669/attachments/attsowaf4MmbbAEPHtHszWPJ/,788638669,0dfb7355-c0aa-4756-97f1-ebbb5f7df044,2026-06-23T00:44:44+05:30,,,submitted_via_web,,vNRRNU3SyFqnhy2xMWaa4o,,uuid:0dfb7355-c0aa-4756-97f1-ebbb5f7df044,173,Bengaluru,Bengaluru,13.028157,77.541646,gmaps_link,OK
2026-06-23T00:44:41.341000+05:30,2026-06-23T00:55:33.746000+05:30,2026-06-23T00:48:00+05:30,Gangamma circle (towards vidyaranapura),,,,,,https://maps.app.goo.gl/bM3G4sudicVm9Lcc8?g_st=ac,Other Metal Bus Shelter (Other than Stainless Steel), Clean and Well Maintained,"Set back from the road – against a wall, compound, or building edge",1,0,0,,No,No,No,,1 - this is a standalone shelter ,At the bus stop – buses pull up to the shelter/marked stop,1,0,0,0,One Step Out (30 cm to 1 meter): Passengers have to step down onto the road surface first to board.,Footpath available to reach the bus stop from both directions,1,0,0,0,0,0,0,," Yes – fully accessible, no obstructions",No – area appears well-drained,"Safe – well-lit, visible, and active surroundings",Yes – adequate space for passengers,Yes – roof is intact and effective,Yes - from both bus shelter AND trees,"Yes – lit by nearby street lights, shop fronts, or advertisement boards",Yes – clear sightline to see the approaching buses,"Yes - the seating is of the right height, width, and depth to sit comfortably while waiting for the bus",No – name is missing,No information displayed at all,Seating / bench Sufficient seating for the number of people typically waiting,1,1,0,0,0,0,0,0,"Mixed Use - A mix of commercial/residential/office, etc",Yes – advertisements dominate; passenger information is secondary,,,1000164877-0_54_57.jpg,https://kf.kobotoolbox.org/api/v2/assets/am66CJhKEj8dCTL49UQSNG/data/788647517/attachments/att9v7ECU6dLp7b7HvCQuRZ9/,1000164882-0_55_14.jpg,https://kf.kobotoolbox.org/api/v2/assets/am66CJhKEj8dCTL49UQSNG/data/788647517/attachments/attwYYkCMF7zmDVxVBbZ7s3X/,1000164879-0_55_31.jpg,https://kf.kobotoolbox.org/api/v2/assets/am66CJhKEj8dCTL49UQSNG/data/788647517/attachments/attbNd2NtivN8eWiks6jrzBH/,,,788647517,8928ea7c-d92e-4eec-b4ba-9b6c1f05dafe,2026-06-23T00:55:37+05:30,,,submitted_via_web,,vNRRNU3SyFqnhy2xMWaa4o,,uuid:8928ea7c-d92e-4eec-b4ba-9b6c1f05dafe,174,Bengaluru,Bengaluru,13.05836,77.546041,gmaps_link,OK
2026-06-23T00:55:33.930000+05:30,2026-06-23T01:00:44.135000+05:30,2026-06-23T00:56:00+05:30,Gangamma circle (towards BEL road),,,,,,https://maps.app.goo.gl/MU12MHNmDitunKy28,Other Metal Bus Shelter (Other than Stainless Steel),Satisfactory – minor wear/dusty but usable,On the road edge / footpath edge – directly adjacent to traffic,0,1,0,,No,No,No,,1 - this is a standalone shelter ,At the bus stop – buses pull up to the shelter/marked stop,1,0,0,0,One Step Out (30 cm to 1 meter): Passengers have to step down onto the road surface first to board.,Footpath available to reach the bus stop from both directions,1,0,0,0,0,0,0,,"Partially encroached – e.g., vendors, parked two-wheelers, auto-rickshaws, construction material",No – area appears well-drained,"Safe – well-lit, visible, and active surroundings", No – overcrowded or high number of people standing on the road,No – The roof is too damaged or broken to provide shelter,No – exposed to full sun,"Yes – lit by nearby street lights, shop fronts, or advertisement boards",Yes – clear sightline to see the approaching buses,No - the seating is too small to sit comfortably ,No – name is missing,No information displayed at all,Seating / bench,1,0,0,0,0,0,0,0,"Mostly commercial - Retail shops. restaurants, cafes, markets, etc",Yes – advertisements dominate; passenger information is secondary,,,1000164893-0_59_59.jpg,https://kf.kobotoolbox.org/api/v2/assets/am66CJhKEj8dCTL49UQSNG/data/788652210/attachments/attZGCZ74LwacnN9F9MQonX5/,1000164887-1_0_11.jpg,https://kf.kobotoolbox.org/api/v2/assets/am66CJhKEj8dCTL49UQSNG/data/788652210/attachments/attrmEhwe78XzMPBQZ4hjRdA/,1000164883-1_0_22.jpg,https://kf.kobotoolbox.org/api/v2/assets/am66CJhKEj8dCTL49UQSNG/data/788652210/attachments/attwQDtDMAUEhiPDZTfWDJWC/,,,788652210,316f71e9-a25f-493f-a53a-583720dea68d,2026-06-23T01:00:46+05:30,,,submitted_via_web,,vNRRNU3SyFqnhy2xMWaa4o,,uuid:316f71e9-a25f-493f-a53a-583720dea68d,175,Bengaluru,Bengaluru,13.057852,77.546404,gmaps_link,OK
2026-06-23T01:00:44.245000+05:30,2026-06-23T01:07:19.493000+05:30,2026-06-23T01:01:00+05:30,HMT Guest House,,,,,,https://maps.app.goo.gl/Jj9CtQTdLRdkPfEF8?g_st=ac,Other Metal Bus Shelter (Other than Stainless Steel),Satisfactory – minor wear/dusty but usable,"Set back from the road – against a wall, compound, or building edge",1,0,0,,No,No,No,,2,At the bus stop – buses pull up to the shelter/marked stop,1,0,0,0,No footpath available,None of the above,0,0,0,0,0,0,1,," Yes – fully accessible, no obstructions",No – area appears well-drained,"Somewhat safe – some concerns (e.g., poor visibility, isolated location)",Yes – adequate space for passengers,"Yes – but the roof is inadequate (too tall, too small, gaps, or partial coverage)",Yes - from both bus shelter AND trees,No – inadequate or no lighting at all,Yes – clear sightline to see the approaching buses,"Yes - the seating is of the right height, width, and depth to sit comfortably while waiting for the bus","Yes – but faded, small, or difficult to read",No information displayed at all,Seating / bench Sufficient seating for the number of people typically waiting,1,1,0,0,0,0,0,0,Compound Wall / Dead Edge - No activity near the stop,No advertisements,Very isolated area. So seems unsafe. However is right opposite to the entryways to hmt executive club where there always a guard present. Lighting is very inadequate.,,1000164909-1_6_35.jpg,https://kf.kobotoolbox.org/api/v2/assets/am66CJhKEj8dCTL49UQSNG/data/788656675/attachments/attpbK5e5ABmzA7PDVngb2QT/,1000164899-1_6_48.jpg,https://kf.kobotoolbox.org/api/v2/assets/am66CJhKEj8dCTL49UQSNG/data/788656675/attachments/attWPq7o7QosxmHavqTodMH8/,1000164904-1_6_59.jpg,https://kf.kobotoolbox.org/api/v2/assets/am66CJhKEj8dCTL49UQSNG/data/788656675/attachments/attSSZxcJrSikkBcan4wuQcA/,1000164900-1_7_17.jpg,https://kf.kobotoolbox.org/api/v2/assets/am66CJhKEj8dCTL49UQSNG/data/788656675/attachments/attC8KtyLyG9oCHN2K5UTFxz/,788656675,99d3db10-8cab-4dd1-a44d-d71c7e6e946c,2026-06-23T01:07:22+05:30,,,submitted_via_web,,vNRRNU3SyFqnhy2xMWaa4o,,uuid:99d3db10-8cab-4dd1-a44d-d71c7e6e946c,176,Bengaluru,Bengaluru,13.054715,77.549178,gmaps_link,OK
2026-06-23T01:07:19.711000+05:30,2026-06-23T01:16:19.032000+05:30,2026-06-23T01:07:00+05:30,HMT auditorium (towards Jalahalli),,,,,,https://maps.app.goo.gl/GQA9zs6eTvTosvUw8,Other Metal Bus Shelter (Other than Stainless Steel),Satisfactory – minor wear/dusty but usable,On the road edge / footpath edge – directly adjacent to traffic,0,1,0,,No,No,No,,3,At the bus stop – buses pull up to the shelter/marked stop,1,0,0,0,One Step Out (30 cm to 1 meter): Passengers have to step down onto the road surface first to board.,"Footpath available to reach the bus stop from both directions Footpath is walkable and free of encroachment like parking, vendors, utility boxes, garbage, etc",1,1,0,0,0,0,0,," Yes – fully accessible, no obstructions",No – area appears well-drained,"Somewhat safe – some concerns (e.g., poor visibility, isolated location)",Yes – adequate space for passengers,"Yes – but the roof is inadequate (too tall, too small, gaps, or partial coverage)",Yes - from both bus shelter AND trees,Partially – some light but insufficient,Yes – clear sightline to see the approaching buses,"Yes - the seating is of the right height, width, and depth to sit comfortably while waiting for the bus","Yes – but faded, small, or difficult to read",Yes – but information seems outdated or unreliable,Seating / bench Sufficient seating for the number of people typically waiting,1,1,0,0,0,0,0,0,Other,Yes – advertisements dominate; passenger information is secondary,,,1000164934-1_15_16.jpg,https://kf.kobotoolbox.org/api/v2/assets/am66CJhKEj8dCTL49UQSNG/data/788663165/attachments/attdF5Jdwkyv7hkgHaPbuqXJ/,1000164927-1_15_29.jpg,https://kf.kobotoolbox.org/api/v2/assets/am66CJhKEj8dCTL49UQSNG/data/788663165/attachments/attXNLWobHYWEvAxEMnCyi5t/,1000164926-1_15_47.jpg,https://kf.kobotoolbox.org/api/v2/assets/am66CJhKEj8dCTL49UQSNG/data/788663165/attachments/attTzXkKMfp7dgsbLyUkjEnq/,1000164925-1_16_3.jpg,https://kf.kobotoolbox.org/api/v2/assets/am66CJhKEj8dCTL49UQSNG/data/788663165/attachments/attrCWt3rZxUGszUQjQYUFe2/,788663165,1a2e5541-8a86-4005-b91e-ab6877e6d415,2026-06-23T01:16:22+05:30,,,submitted_via_web,,vNRRNU3SyFqnhy2xMWaa4o,,uuid:1a2e5541-8a86-4005-b91e-ab6877e6d415,177,Bengaluru,Bengaluru,13.049101,77.545096,gmaps_link,OK
2026-06-23T01:16:19.245000+05:30,2026-06-23T01:21:26.057000+05:30,2026-06-23T01:16:00+05:30,HMT Auditorium (towards kodigehalli),,,,,,https://maps.app.goo.gl/Pq4rXbz9WfDwwxWW7,Other Metal Bus Shelter (Other than Stainless Steel),Severely Damaged / Unusable,On the road edge / footpath edge – directly adjacent to traffic,0,1,0,,No,No,No,,2,Unsure / not observed,0,0,0,1,Unsure / not observed,None of the above,0,0,0,0,0,0,1,,Heavily encroached – the stop is largely unusable because of obstructions,"Yes – signs of standing water, algae, or drainage issues visible","Unsafe – poorly lit, isolated, or has a history of feeling threatening",Yes – adequate space for passengers,No – The roof is too damaged or broken to provide shelter,Yes - sufficient shade from surrounding trees,No – inadequate or no lighting at all,Yes – clear sightline to see the approaching buses,No - the seating is too small to sit comfortably ,"Yes – but faded, small, or difficult to read","Yes – but information is unclear, faded, or partially missing",Seating / bench,1,0,0,0,0,0,0,0,Compound Wall / Dead Edge - No activity near the stop,No advertisements,,,1000164938-1_20_40.jpg,https://kf.kobotoolbox.org/api/v2/assets/am66CJhKEj8dCTL49UQSNG/data/788666924/attachments/att8cLbH7uJryXHqTqL9kjKS/,1000164940-1_20_50.jpg,https://kf.kobotoolbox.org/api/v2/assets/am66CJhKEj8dCTL49UQSNG/data/788666924/attachments/attUS9AMXfK4Ze3rMkjwNrzw/,1000164932-1_21_0.jpg,https://kf.kobotoolbox.org/api/v2/assets/am66CJhKEj8dCTL49UQSNG/data/788666924/attachments/atttZji2wPRqJe4vC3yE7uD4/,1000164942-1_21_12.jpg,https://kf.kobotoolbox.org/api/v2/assets/am66CJhKEj8dCTL49UQSNG/data/788666924/attachments/attKdhijyhg93vtd7yjKVATL/,788666924,b46963a8-2074-49b0-a725-bd833265fc32,2026-06-23T01:21:28+05:30,,,submitted_via_web,,vNRRNU3SyFqnhy2xMWaa4o,,uuid:b46963a8-2074-49b0-a725-bd833265fc32,178,Bengaluru,Bengaluru,13.049384,77.544839,gmaps_link,OK
2026-06-20T18:59:16.824000+05:30,2026-06-23T08:17:47.611000+05:30,2026-06-23T08:14:00+05:30,Manyata Tech Park(Towards Tin Factory),13.041354 77.622533 815.0999755859375 21.409000396728516,13.041354,77.622533,815.0999755859375,21.409000396728516,,No Shelter and No Signboard,,On the road edge / footpath edge – directly adjacent to traffic,0,1,0,,No,No,No,,,At the bus stop – buses pull up to the shelter/marked stop Away from the bus stop – buses stop before or beyond the shelter/marked location,1,1,0,0,One Step Out (30 cm to 1 meter): Passengers have to step down onto the road surface first to board.,None of the above,0,0,0,0,0,0,1,,"Partially encroached – e.g., vendors, parked two-wheelers, auto-rickshaws, construction material",No – area appears well-drained,"Somewhat safe – some concerns (e.g., poor visibility, isolated location)",,,No – exposed to full sun,No – inadequate or no lighting at all,,,,,None of the Above,0,0,0,0,0,0,0,1,"Mostly commercial - Office buildings, malls, large stores, etc",,"Previous bus stop used to be in front of manyata Tech Park, due to metro construction this was moved to start of the Nagawara junction flyover.","Bus shelter, bus stop not on a flyover",1000168999-8_17_34.jpg,https://kf.kobotoolbox.org/api/v2/assets/am66CJhKEj8dCTL49UQSNG/data/788824092/attachments/attcaj8E58SPBnxXYLv6VcVJ/,1000169000-8_17_39.jpg,https://kf.kobotoolbox.org/api/v2/assets/am66CJhKEj8dCTL49UQSNG/data/788824092/attachments/attEP7m9tMfoAqvZoUX6ZhY3/,,,,,788824092,e029dbc3-06bb-4927-b7eb-cef91cd9d89d,2026-06-23T08:17:51+05:30,,,submitted_via_web,,vNRRNU3SyFqnhy2xMWaa4o,,uuid:e029dbc3-06bb-4927-b7eb-cef91cd9d89d,179,Bengaluru,Bengaluru,13.041354,77.622533,device_gps,OK
2026-06-23T16:49:32.107000+05:30,2026-06-23T17:03:11.857000+05:30,2026-06-23T16:52:00+05:30,Mahadeshwara Nagara,12.9077945 77.6109403 900 50,12.9077945,77.6109403,900,50,,Stainless Steel Bus Shelter,Satisfactory – minor wear/dusty but usable,On the road edge / footpath edge – directly adjacent to traffic,0,1,0,,Yes,No,No,No - It's obstructed due to encroachment ,1 - this is a standalone shelter ,Bus stop not clearly marked,0,0,1,0,No footpath available,None of the above,0,0,0,0,0,0,1,,"Partially encroached – e.g., vendors, parked two-wheelers, auto-rickshaws, construction material",No – area appears well-drained,"Unsafe – poorly lit, isolated, or has a history of feeling threatening", No – overcrowded or high number of people standing on the road,"Yes – but the roof is inadequate (too tall, too small, gaps, or partial coverage)",Yes – sufficient shade from the bus shelter,Yes – the bus shelter itself has a working light,"No – sightline is blocked (by structure, advertisement boards, trees, or parked vehicles)",No - the seating is too slippery,No – name is missing,No information displayed at all,Seating / bench Dustbin / waste bin Drinking water (tap or dispenser) Public toilet nearby (within eyesight),1,0,1,1,1,0,0,0,"Mostly commercial - Retail shops. restaurants, cafes, markets, etc",Yes – advertisements dominate; passenger information is secondary,"Vehicles use it as a wider road when buses are not there, leading to hit miss situation","Improving the entry and exit, havungbetter turn radius for buses, increasing size of shelter",1000270968-17_3_2.png,https://kf.kobotoolbox.org/api/v2/assets/am66CJhKEj8dCTL49UQSNG/data/789340014/attachments/attcxwXNtfLSCJ4pqKSahf6v/,,,,,,,789340014,55314a4c-73b1-467d-962a-f11cbea2ee50,2026-06-23T17:03:22+05:30,,,submitted_via_web,,vNRRNU3SyFqnhy2xMWaa4o,,uuid:55314a4c-73b1-467d-962a-f11cbea2ee50,180,Bengaluru,Bengaluru,12.9077945,77.6109403,device_gps,OK
2026-06-20T15:23:53.899000+05:30,2026-06-23T17:47:28.600000+05:30,2026-06-23T17:37:00+05:30,Muneshwara Temple (Christ University side),,,,,,https://maps.app.goo.gl/udv893HeMUhd643r7,Other Metal Bus Shelter (Other than Stainless Steel),Satisfactory – minor wear/dusty but usable,"Set back from the road – against a wall, compound, or building edge",1,0,0,,No,Yes,Yes,,2,At the bus stop – buses pull up to the shelter/marked stop Away from the bus stop – buses stop before or beyond the shelter/marked location,1,1,0,0,One Step Out (30 cm to 1 meter): Passengers have to step down onto the road surface first to board.,Footpath available to reach the bus stop from both directions Ramp for wheelchair users to access the bus stop,1,0,1,0,0,0,0,,"Partially encroached – e.g., vendors, parked two-wheelers, auto-rickshaws, construction material",Unsure,"Safe – well-lit, visible, and active surroundings",Yes – adequate space for passengers,Yes – roof is intact and effective,Yes - from both bus shelter AND trees,Unsure / Not observed,Yes – clear sightline to see the approaching buses,"Yes - the seating is of the right height, width, and depth to sit comfortably while waiting for the bus",Yes – name is prominently visible and legible,Yes – route list is prominently displayed and appears current,Seating / bench Sufficient seating for the number of people typically waiting,1,1,0,0,0,0,0,0,"Mixed Use - A mix of commercial/residential/office, etc",Yes – advertisements present but passenger information is still clearly visible,"Light is there, not sure if enough as didn't observe.",i. Preventing vehicles from parking at/close to the stop. ii. digital tracking board,17822169716204351701568091061293-17_46_32.jpg,https://kf.kobotoolbox.org/api/v2/assets/am66CJhKEj8dCTL49UQSNG/data/789408655/attachments/attV8EwEXu9Bh6ftzXw8r8Ms/,17822170184535571576126214102707-17_47_23.jpg,https://kf.kobotoolbox.org/api/v2/assets/am66CJhKEj8dCTL49UQSNG/data/789408655/attachments/att4q8JXb6oEDzWoKGRBXkhp/,17822169973187543154832635572714-17_46_50.jpg,https://kf.kobotoolbox.org/api/v2/assets/am66CJhKEj8dCTL49UQSNG/data/789408655/attachments/attbTk4ZZjcLAJrN4tFRwA6N/,,,789408655,8250687b-f6bf-4e65-b7e6-3ffefca73206,2026-06-23T17:47:39+05:30,,,submitted_via_web,,vNRRNU3SyFqnhy2xMWaa4o,,uuid:8250687b-f6bf-4e65-b7e6-3ffefca73206,181,Bengaluru,Bengaluru,12.9361098,77.6070708,gmaps_link,OK
2026-06-23T18:55:28.018000+05:30,2026-06-23T19:00:18.540000+05:30,2026-06-23T10:20:00+05:30,Kodati Gate (Towards Kempegowda Bus Station),,,,,,https://maps.app.goo.gl/XGBC5HtqmHGEiX1i8,Other Metal Bus Shelter (Other than Stainless Steel),Satisfactory – minor wear/dusty but usable,On the road edge / footpath edge – directly adjacent to traffic,0,1,0,,No,No,No,,1 - this is a standalone shelter ,At the bus stop – buses pull up to the shelter/marked stop,1,0,0,0,One Step Out (30 cm to 1 meter): Passengers have to step down onto the road surface first to board.,None of the above,0,0,0,0,0,0,1,,"Partially encroached – e.g., vendors, parked two-wheelers, auto-rickshaws, construction material","Yes – signs of standing water, algae, or drainage issues visible",Unable to assess (audit done only in daytime), No – overcrowded or high number of people standing on the road,"Yes – but the roof is inadequate (too tall, too small, gaps, or partial coverage)",Partial – some shade but insufficient,Partially – some light but insufficient,Yes – clear sightline to see the approaching buses,No - the seating is too small to sit comfortably ,"Yes – but faded, small, or difficult to read",No information displayed at all,Seating / bench,1,0,0,0,0,0,0,0,"Mostly commercial - Retail shops. restaurants, cafes, markets, etc",Yes – advertisements dominate; passenger information is secondary,Too small for crowd that waits,,1000254662-18_58_48.jpg,https://kf.kobotoolbox.org/api/v2/assets/am66CJhKEj8dCTL49UQSNG/data/789522348/attachments/attEwN5xJGcqfFEenmxr7xZe/,1000254661-18_58_58.jpg,https://kf.kobotoolbox.org/api/v2/assets/am66CJhKEj8dCTL49UQSNG/data/789522348/attachments/attjdv56SR4SGYmV3hhVMFjB/,,,,,789522348,ed1c9b91-cf7b-48f1-a76e-6a375c21953b,2026-06-23T19:00:24+05:30,,,submitted_via_web,,vNRRNU3SyFqnhy2xMWaa4o,,uuid:ed1c9b91-cf7b-48f1-a76e-6a375c21953b,182,Bengaluru,Bengaluru,12.896606,77.720101,gmaps_link,OK
2026-06-23T18:55:52.344000+05:30,2026-06-23T19:28:42.973000+05:30,2026-06-23T19:17:00+05:30,Meenakshi Temple (Towards Bannerghatta),,,,,,https://maps.app.goo.gl/KHFLsMxT3r27gw2n7,Stainless Steel Bus Shelter,Satisfactory – minor wear/dusty but usable,On the road edge / footpath edge – directly adjacent to traffic,0,1,0,,Yes,No,No,Yes - It's free of obstructions and feels safe to use,3,At the bus stop – buses pull up to the shelter/marked stop,1,0,0,0,One Step Out (30 cm to 1 meter): Passengers have to step down onto the road surface first to board.,"Footpath available to reach the bus stop from both directions Footpath is walkable and free of encroachment like parking, vendors, utility boxes, garbage, etc Pedestrian crossing at/close to the bus stop to cross the road?",1,1,0,0,0,1,0,," Yes – fully accessible, no obstructions",Unsure,"Unsafe – poorly lit, isolated, or has a history of feeling threatening", No – overcrowded or high number of people standing on the road,Yes – roof is intact and effective,Partial – some shade but insufficient,No – inadequate or no lighting at all,Yes – clear sightline to see the approaching buses,"Yes - the seating is of the right height, width, and depth to sit comfortably while waiting for the bus",No – name is missing,No information displayed at all,Seating / bench,1,0,0,0,0,0,0,0,"Mostly Residential - Housing, Apartments, etc",No advertisements,,,1782223061524384774227737577759-19_27_57.jpg,https://kf.kobotoolbox.org/api/v2/assets/am66CJhKEj8dCTL49UQSNG/data/789563072/attachments/att8f6Sx2fEUMVBnQ4z5bruG/,17822230792402064184975346816717-19_28_14.jpg,https://kf.kobotoolbox.org/api/v2/assets/am66CJhKEj8dCTL49UQSNG/data/789563072/attachments/attqVkxGaoMLzuG7G6QfrfPM/,17822230974324804545553527042034-19_28_39.jpg,https://kf.kobotoolbox.org/api/v2/assets/am66CJhKEj8dCTL49UQSNG/data/789563072/attachments/attmb4HatekQuhdDCaqLb98p/,,,789563072,8784c7db-9fe8-4fbc-9baa-dece54e1d24f,2026-06-23T19:28:48+05:30,,,submitted_via_web,,vNRRNU3SyFqnhy2xMWaa4o,,uuid:8784c7db-9fe8-4fbc-9baa-dece54e1d24f,183,Bengaluru,Bengaluru,12.873616,77.59457,gmaps_link,OK
2026-06-23T19:26:20.939000+05:30,2026-06-23T19:29:58.232000+05:30,2026-06-23T10:26:00+05:30,Kodati Gate (Towards Kempegowda Bus Station),,,,,,https://maps.app.goo.gl/iT1TyEzpzVJXAreE6,Other Metal Bus Shelter (Other than Stainless Steel),Satisfactory – minor wear/dusty but usable,On the road edge / footpath edge – directly adjacent to traffic,0,1,0,,No,No,No,,1 - this is a standalone shelter ,At the bus stop – buses pull up to the shelter/marked stop,1,0,0,0,One Step Out (30 cm to 1 meter): Passengers have to step down onto the road surface first to board.,Pedestrian crossing at/close to the bus stop to cross the road?,0,0,0,0,0,1,0,,"Partially encroached – e.g., vendors, parked two-wheelers, auto-rickshaws, construction material",No – area appears well-drained,"Somewhat safe – some concerns (e.g., poor visibility, isolated location)", No – overcrowded or high number of people standing on the road,Yes – roof is intact and effective,Yes – sufficient shade from the bus shelter,Partially – some light but insufficient,Yes – clear sightline to see the approaching buses,"Yes - the seating is of the right height, width, and depth to sit comfortably while waiting for the bus","Yes – but faded, small, or difficult to read",No information displayed at all,Seating / bench,1,0,0,0,0,0,0,0,"Mostly commercial - Retail shops. restaurants, cafes, markets, etc",Yes – advertisements dominate; passenger information is secondary,Police outpost right beside,Digital sign board,1000254661-19_29_35.jpg,https://kf.kobotoolbox.org/api/v2/assets/am66CJhKEj8dCTL49UQSNG/data/789564579/attachments/attpwyJXkboiVvu3RdqaHE2G/,,,1000254662-19_29_56.jpg,https://kf.kobotoolbox.org/api/v2/assets/am66CJhKEj8dCTL49UQSNG/data/789564579/attachments/attbeJVrCwMguPrMTH5J7ag6/,,,789564579,71c465ab-d86d-4cff-b949-a86046eb835d,2026-06-23T19:30:02+05:30,,,submitted_via_web,,vNRRNU3SyFqnhy2xMWaa4o,,uuid:71c465ab-d86d-4cff-b949-a86046eb835d,184,Bengaluru,Bengaluru,12.896606,77.720101,gmaps_link,OK
2026-06-23T19:29:58.374000+05:30,2026-06-23T19:37:10.890000+05:30,2026-06-23T19:30:00+05:30,Sarjapura Ring Road Junction (Towards Marathahalli),,,,,,https://maps.app.goo.gl/YGY4o3VVGrvrZfrz5?g_st=ac,Other Metal Bus Shelter (Other than Stainless Steel),Satisfactory – minor wear/dusty but usable,On the road edge / footpath edge – directly adjacent to traffic,0,1,0,,No,Yes,Yes,,3,At the bus stop – buses pull up to the shelter/marked stop Away from the bus stop – buses stop before or beyond the shelter/marked location,1,1,0,0,"Way Out in the Road (More than 1 meter): The bus stops far from the footpath, blocking a lane of traffic, forcing people to walk across active traffic to board the bus","Footpath available to reach the bus stop from both directions Footpath is walkable and free of encroachment like parking, vendors, utility boxes, garbage, etc",1,1,0,0,0,0,0,,"Partially encroached – e.g., vendors, parked two-wheelers, auto-rickshaws, construction material",Unsure,"Safe – well-lit, visible, and active surroundings",Yes – adequate space for passengers,"Yes – but the roof is inadequate (too tall, too small, gaps, or partial coverage)",Yes – sufficient shade from the bus shelter,"Yes – lit by nearby street lights, shop fronts, or advertisement boards","No – sightline is blocked (by structure, advertisement boards, trees, or parked vehicles)","Yes - the seating is of the right height, width, and depth to sit comfortably while waiting for the bus",No – name is missing,No information displayed at all,Seating / bench Public toilet nearby (within eyesight),1,0,0,0,1,0,0,0,"Mixed Use - A mix of commercial/residential/office, etc",Yes – advertisements dominate; passenger information is secondary,"Major stop, but always blocked by parked cars or buses or vehicles. Also, buses regularly stop before and after the bus shelters, and often in other lanes of travel.",,1000254878-19_37_7.jpg,https://kf.kobotoolbox.org/api/v2/assets/am66CJhKEj8dCTL49UQSNG/data/789576776/attachments/att8RawoBX5Jwxf3pVzZo78F/,,,,,,,789576776,13c03e8e-1002-42d2-855d-92ee148ff625,2026-06-23T19:37:21+05:30,,,submitted_via_web,,vNRRNU3SyFqnhy2xMWaa4o,,uuid:13c03e8e-1002-42d2-855d-92ee148ff625,185,Bengaluru,Bengaluru,12.9213079,77.665995,gmaps_link,OK
2026-06-23T22:26:49.524000+05:30,2026-06-23T22:36:17.188000+05:30,2026-06-23T22:26:00+05:30,Halasuru towards mg road,12.977644 77.627861 819.2000122070312 6.5,12.977644,77.627861,819.2000122070312,6.5,,Stainless Steel Bus Shelter,Unclean/Poorly Maintained,"Set back from the road – against a wall, compound, or building edge",1,0,0,,No,Yes,No,,2,Away from the bus stop – buses stop before or beyond the shelter/marked location,0,1,0,0,One Step Out (30 cm to 1 meter): Passengers have to step down onto the road surface first to board.,Footpath available to reach the bus stop from both directions,1,0,0,0,0,0,0,,"Partially encroached – e.g., vendors, parked two-wheelers, auto-rickshaws, construction material",Unsure,"Unsafe – poorly lit, isolated, or has a history of feeling threatening", No – overcrowded or high number of people standing on the road,Yes – roof is intact and effective,Partial – some shade but insufficient,Partially – some light but insufficient,Yes – clear sightline to see the approaching buses,"Yes - the seating is of the right height, width, and depth to sit comfortably while waiting for the bus",No – name is missing,No information displayed at all,Seating / bench Dustbin / waste bin Digital information boards with real time arrival information and service alerts,1,0,1,0,0,0,1,0,"Mostly commercial - Retail shops. restaurants, cafes, markets, etc",Yes – advertisements dominate; passenger information is secondary,The buses seems to stop far away near a supposedly old bus stopping place(under a tree) rather than the bus stop.,"Need to be clean, drivers need to be told to stop at the bus stop rather than undesignated areas.",1000190081-22_35_58.jpg,https://kf.kobotoolbox.org/api/v2/assets/am66CJhKEj8dCTL49UQSNG/data/789842643/attachments/attm2C8iJQ4Aw8HYngMvcd7k/,,,1000190085-22_36_11.jpg,https://kf.kobotoolbox.org/api/v2/assets/am66CJhKEj8dCTL49UQSNG/data/789842643/attachments/attVqK7qsBvkszgKex4Eu3wA/,,,789842643,3c3dcdd1-201f-47a0-8304-279c3e782bb1,2026-06-23T22:36:22+05:30,,,submitted_via_web,,vNRRNU3SyFqnhy2xMWaa4o,,uuid:3c3dcdd1-201f-47a0-8304-279c3e782bb1,186,Bengaluru,Bengaluru,12.977644,77.627861,device_gps,OK
2026-06-24T09:24:11.652000+05:30,2026-06-24T09:35:20.195000+05:30,2026-06-24T09:24:00+05:30,Stadium (Towards Shantinagar),12.977591 77.599074 847.7000122070312 7.5,12.977591,77.599074,847.7000122070312,7.5,,Stainless Steel Bus Shelter,Satisfactory – minor wear/dusty but usable,The road/footpath is too narrow ,0,0,1,,Yes,Yes,No,No - It's very unhygienic or feels unsafe to use,2,Away from the bus stop – buses stop before or beyond the shelter/marked location,0,1,0,0,One Step Out (30 cm to 1 meter): Passengers have to step down onto the road surface first to board.,"Footpath available to reach the bus stop from both directions Footpath is walkable and free of encroachment like parking, vendors, utility boxes, garbage, etc Pedestrian crossing at/close to the bus stop to cross the road?",1,1,0,0,0,1,0,," Yes – fully accessible, no obstructions","Yes – signs of standing water, algae, or drainage issues visible","Safe – well-lit, visible, and active surroundings",Yes – adequate space for passengers,Yes – roof is intact and effective,Yes - from both bus shelter AND trees,"Yes – lit by nearby street lights, shop fronts, or advertisement boards",Yes – clear sightline to see the approaching buses,"Yes - the seating is of the right height, width, and depth to sit comfortably while waiting for the bus",No – name is missing,No information displayed at all,Seating / bench Sufficient seating for the number of people typically waiting,1,1,0,0,0,0,0,0,"Mixed Use - A mix of commercial/residential/office, etc",Yes – advertisements dominate; passenger information is secondary,"There is a tree in between the two bus stops, footpath is broken, the space behind the bus stop is blocked by a tree, no information, no dustbin, wheel chairs wont have access to the bus stop","A good info graphic about connection, a bus stop sign, removal of the second bus stop which has no use",1000143463-9_34_22.jpg,https://kf.kobotoolbox.org/api/v2/assets/am66CJhKEj8dCTL49UQSNG/data/790196509/attachments/attpQrDdQG3trnCWn33tM4UY/,1000143461-9_34_32.jpg,https://kf.kobotoolbox.org/api/v2/assets/am66CJhKEj8dCTL49UQSNG/data/790196509/attachments/attFBmTohRmD7dxU3WQD7aoy/,1000143462-9_34_46.jpg,https://kf.kobotoolbox.org/api/v2/assets/am66CJhKEj8dCTL49UQSNG/data/790196509/attachments/attYqca3JjTCx3Ez2Z5WoTDT/,1000143464-9_35_17.jpg,https://kf.kobotoolbox.org/api/v2/assets/am66CJhKEj8dCTL49UQSNG/data/790196509/attachments/attvRvxJnFCbadBE5wAhFpFP/,790196509,9ec6ea49-49ee-49de-ae82-a4fb2e0d8ba1,2026-06-24T09:35:25+05:30,,,submitted_via_web,,vNRRNU3SyFqnhy2xMWaa4o,,uuid:9ec6ea49-49ee-49de-ae82-a4fb2e0d8ba1,187,Bengaluru,Bengaluru,12.977591,77.599074,device_gps,OK
2026-06-24T10:08:16.294000+05:30,2026-06-24T10:12:09.597000+05:30,2026-06-24T10:08:00+05:30,"Malleshwaram 16th Cross, 8th main road",13.007048 77.564282 860.3999633789062 16.29400062561035,13.007048,77.564282,860.3999633789062,16.29400062561035,,Other Metal Bus Shelter (Other than Stainless Steel),Satisfactory – minor wear/dusty but usable,On the road edge / footpath edge – directly adjacent to traffic,0,1,0,,Yes,No,No,Yes - It's free of obstructions and feels safe to use,1 - this is a standalone shelter ,At the bus stop – buses pull up to the shelter/marked stop,1,0,0,0,One Step Out (30 cm to 1 meter): Passengers have to step down onto the road surface first to board.,"Footpath available to reach the bus stop from both directions Footpath is walkable and free of encroachment like parking, vendors, utility boxes, garbage, etc",1,1,0,0,0,0,0,," Yes – fully accessible, no obstructions",No – area appears well-drained,"Somewhat safe – some concerns (e.g., poor visibility, isolated location)", No – overcrowded or high number of people standing on the road,"Yes – but the roof is inadequate (too tall, too small, gaps, or partial coverage)",Yes - sufficient shade from surrounding trees,Unsure / Not observed,Yes – clear sightline to see the approaching buses,No - the seating is too small to sit comfortably ,Yes – name is prominently visible and legible,No information displayed at all,Seating / bench,1,0,0,0,0,0,0,0,"Mixed Use - A mix of commercial/residential/office, etc",Yes – advertisements dominate; passenger information is secondary,,,1000285829-10_12_5.jpg,https://kf.kobotoolbox.org/api/v2/assets/am66CJhKEj8dCTL49UQSNG/data/790214823/attachments/attG5PVCKmdXLBoVfEQMkynb/,,,,,,,790214823,2eec3104-6174-4cfd-bd4b-ba3b25505a45,2026-06-24T10:12:11+05:30,,,submitted_via_web,,vNRRNU3SyFqnhy2xMWaa4o,,uuid:2eec3104-6174-4cfd-bd4b-ba3b25505a45,188,Bengaluru,Bengaluru,13.007048,77.564282,device_gps,OK
2026-06-24T11:52:37.990000+05:30,2026-06-24T12:05:05.810000+05:30,2026-06-24T12:01:00+05:30,Arekere Gate (Towards KBS),,,,,,https://maps.app.goo.gl/8Cfrr3NdQgU1UC6j9,No Shelter and No Signboard,,On the road edge / footpath edge – directly adjacent to traffic The road/footpath is too narrow ,0,1,1,,No,No,Yes,,,Bus stop not clearly marked,0,0,1,0,One Step Out (30 cm to 1 meter): Passengers have to step down onto the road surface first to board.,Footpath available to reach the bus stop from both directions,1,0,0,0,0,0,0,,"Partially encroached – e.g., vendors, parked two-wheelers, auto-rickshaws, construction material","Yes – signs of standing water, algae, or drainage issues visible",Unable to assess (audit done only in daytime),,,No – exposed to full sun,Unsure / Not observed,,,,,None of the Above,0,0,0,0,0,0,0,1,"Mostly commercial - Retail shops. restaurants, cafes, markets, etc",,"No bus stop, atleast in and around the area as shown on Google Maps and where I got down from connecting bus. I could see people in a broad 20-30 meter standing area waiting for bus, as no specific spot marked and signal nearby (Arekere Gate Junction) primarily serves as reference point for stop.",A shelter and markings.,20260624_115852-12_4_43.jpg,https://kf.kobotoolbox.org/api/v2/assets/am66CJhKEj8dCTL49UQSNG/data/790285625/attachments/attPLjoDDvs9iSaDBGnnahWc/,20260624_115941-12_4_50.jpg,https://kf.kobotoolbox.org/api/v2/assets/am66CJhKEj8dCTL49UQSNG/data/790285625/attachments/att6YGyZzQve7LbeMqBfs6sQ/,,,20260624_115752-12_5_0.jpg,https://kf.kobotoolbox.org/api/v2/assets/am66CJhKEj8dCTL49UQSNG/data/790285625/attachments/atta4q47h8frN9XRNSf4UJSZ/,790285625,102fced8-c597-4b87-b3f7-6f8ad1c133aa,2026-06-24T12:05:12+05:30,,,submitted_via_web,,vNRRNU3SyFqnhy2xMWaa4o,,uuid:102fced8-c597-4b87-b3f7-6f8ad1c133aa,189,Bengaluru,Bengaluru,12.890246,77.597744,gmaps_link,OK
2026-06-24T18:41:21.442000+05:30,2026-06-24T18:47:58.332000+05:30,2026-06-24T13:07:00+05:30,Ramakrishna Ashrama (Towards Chamarajapete),12.948856 77.567593 0 0,12.948856,77.567593,0,0,,Stainless Steel Bus Shelter,Satisfactory – minor wear/dusty but usable,On the road edge / footpath edge – directly adjacent to traffic,0,1,0,,No,Yes,Yes,,3,At the bus stop – buses pull up to the shelter/marked stop,1,0,0,0,One Step Out (30 cm to 1 meter): Passengers have to step down onto the road surface first to board.,Footpath available to reach the bus stop from both directions,1,0,0,0,0,0,0,," Yes – fully accessible, no obstructions",No – area appears well-drained,"Safe – well-lit, visible, and active surroundings", No – overcrowded or high number of people standing on the road,Yes – roof is intact and effective,Yes – sufficient shade from the bus shelter,Yes – the bus shelter itself has a working light,"No – sightline is blocked (by structure, advertisement boards, trees, or parked vehicles)","Yes - the seating is of the right height, width, and depth to sit comfortably while waiting for the bus",No – name is missing,No information displayed at all,Seating / bench,1,0,0,0,0,0,0,0,"Mixed Use - A mix of commercial/residential/office, etc",Yes – advertisements dominate; passenger information is secondary,0 information about buses. Not even bus stop name.,"Add bus stop name, routes passing through it, facilities like dustbin",IMG_20260624_130754-18_47_56.jpg,https://kf.kobotoolbox.org/api/v2/assets/am66CJhKEj8dCTL49UQSNG/data/790840723/attachments/attSt5XGFPUGcpxjkGd2yiT7/,,,,,,,790840723,fc830410-0a12-4cd0-a50c-bcc39ec23762,2026-06-24T18:48:00+05:30,,,submitted_via_web,,vNRRNU3SyFqnhy2xMWaa4o,,uuid:fc830410-0a12-4cd0-a50c-bcc39ec23762,190,Bengaluru,Bengaluru,12.948856,77.567593,device_gps,OK
2026-06-25T09:49:27.390000+05:30,2026-06-25T10:04:41.348000+05:30,2026-06-25T09:50:00+05:30,Balekundri Circle (Indian Express) - A,12.983395 77.596976 868.7000122070312 20.17099952697754,12.983395,77.596976,868.7000122070312,20.17099952697754,,Other Metal Bus Shelter (Other than Stainless Steel),Satisfactory – minor wear/dusty but usable,"Set back from the road – against a wall, compound, or building edge",1,0,0,,No,Yes,Yes,,2,Away from the bus stop – buses stop before or beyond the shelter/marked location,0,1,0,0,One Step Out (30 cm to 1 meter): Passengers have to step down onto the road surface first to board.,"Footpath available to reach the bus stop from both directions Footpath is walkable and free of encroachment like parking, vendors, utility boxes, garbage, etc Pedestrian crossing at/close to the bus stop to cross the road?",1,1,0,0,0,1,0,," Yes – fully accessible, no obstructions",No – area appears well-drained,"Safe – well-lit, visible, and active surroundings",Yes – adequate space for passengers,Yes – roof is intact and effective,Yes – sufficient shade from the bus shelter,"Yes – lit by nearby street lights, shop fronts, or advertisement boards",Yes – clear sightline to see the approaching buses,"Yes - the seating is of the right height, width, and depth to sit comfortably while waiting for the bus","Yes – but faded, small, or difficult to read",No information displayed at all,Seating / bench Sufficient seating for the number of people typically waiting CCTV camera,1,1,0,0,0,1,0,0,"Mostly commercial - Office buildings, malls, large stores, etc",Yes – advertisements dominate; passenger information is secondary,"Busses generally don't stop here, they stop a little behind which Indian Express - B","Ramp and other accessibility needs to be met, and an information board",1000088286-10_4_20.jpg,https://kf.kobotoolbox.org/api/v2/assets/am66CJhKEj8dCTL49UQSNG/data/791550691/attachments/attueSh7KTRvhsBrrzB68oYq/,1000088287-10_4_30.jpg,https://kf.kobotoolbox.org/api/v2/assets/am66CJhKEj8dCTL49UQSNG/data/791550691/attachments/attncXHC3duQVzW9bFi4BaSR/,1000088288-10_4_35.jpg,https://kf.kobotoolbox.org/api/v2/assets/am66CJhKEj8dCTL49UQSNG/data/791550691/attachments/attGjG8kpKWi7xjXtoK7WfRZ/,1000088289-10_4_39.jpg,https://kf.kobotoolbox.org/api/v2/assets/am66CJhKEj8dCTL49UQSNG/data/791550691/attachments/attyvxRBKNUPV9qpPfzBZhkU/,791550691,81db0b38-f914-4e98-ab8e-c47d39043e0f,2026-06-25T10:04:45+05:30,,,submitted_via_web,,vNRRNU3SyFqnhy2xMWaa4o,,uuid:81db0b38-f914-4e98-ab8e-c47d39043e0f,191,Bengaluru,Bengaluru,12.983395,77.596976,device_gps,OK
2026-06-25T09:26:06.272000+05:30,2026-06-25T10:11:54.801000+05:30,2026-06-25T09:26:00+05:30,Attur layout bus stop towards chickabettahalli,13.097995 77.567549 853.5 48.43600082397461,13.097995,77.567549,853.5,48.43600082397461,,Stainless Steel Bus Shelter, Clean and Well Maintained,"Set back from the road – against a wall, compound, or building edge",1,0,0,,Yes,Yes,No,Yes - It's free of obstructions and feels safe to use,4+,At the bus stop – buses pull up to the shelter/marked stop,1,0,0,0,"Way Out in the Road (More than 1 meter): The bus stops far from the footpath, blocking a lane of traffic, forcing people to walk across active traffic to board the bus",Footpath available to reach the bus stop from both directions Pedestrian crossing at/close to the bus stop to cross the road?,1,0,0,0,0,1,0,,"Partially encroached – e.g., vendors, parked two-wheelers, auto-rickshaws, construction material",No – area appears well-drained,"Safe – well-lit, visible, and active surroundings",Yes – adequate space for passengers,Yes – roof is intact and effective,Yes – sufficient shade from the bus shelter,Yes – the bus shelter itself has a working light,Yes – clear sightline to see the approaching buses,"Yes - the seating is of the right height, width, and depth to sit comfortably while waiting for the bus",Yes – name is prominently visible and legible,No information displayed at all,Seating / bench Sufficient seating for the number of people typically waiting Public toilet nearby (within eyesight),1,1,0,0,1,0,0,0,"Mostly Residential - Housing, Apartments, etc",No advertisements,Vehicles park most of the time,Shift 2 shelter to opposite side of the road. No shelter there,1000437685-10_11_44.jpg,https://kf.kobotoolbox.org/api/v2/assets/am66CJhKEj8dCTL49UQSNG/data/791554548/attachments/attx9D9PmqELCyJMaTZeRztH/,1000437684-10_11_50.jpg,https://kf.kobotoolbox.org/api/v2/assets/am66CJhKEj8dCTL49UQSNG/data/791554548/attachments/att4jhebKfjRiQw63WUg4vaC/,,,,,791554548,d2d89a0c-c57c-4faf-8496-7652368b6d89,2026-06-25T10:11:59+05:30,,,submitted_via_web,,vNRRNU3SyFqnhy2xMWaa4o,,uuid:d2d89a0c-c57c-4faf-8496-7652368b6d89,192,Bengaluru,Bengaluru,13.097995,77.567549,device_gps,OK
2026-06-25T09:58:21.814000+05:30,2026-06-25T10:14:01.551000+05:30,2026-06-25T09:58:00+05:30,Apollo Hospital,12.896405 77.599778 830.2999877929688 29.1299991607666,12.896405,77.599778,830.2999877929688,29.1299991607666,,No Shelter and No Signboard,,On the road edge / footpath edge – directly adjacent to traffic,0,1,0,,No,No,No,,,At the bus stop – buses pull up to the shelter/marked stop,1,0,0,0,One Step Out (30 cm to 1 meter): Passengers have to step down onto the road surface first to board.,"Footpath available to reach the bus stop from both directions Footpath is walkable and free of encroachment like parking, vendors, utility boxes, garbage, etc Ramp is in usable condition (not too steep, not broken, nor blocked)",1,1,0,1,0,0,0,," Yes – fully accessible, no obstructions","Yes – signs of standing water, algae, or drainage issues visible","Somewhat safe – some concerns (e.g., poor visibility, isolated location)",,,No – exposed to full sun,No – inadequate or no lighting at all,,,,,None of the Above,0,0,0,0,0,0,0,1,"Mixed Use - A mix of commercial/residential/office, etc",,Seen right in front of Apollo hospital,"Shelter, seating and lighting and a display showing upcoming buses.",1000044879-10_13_36.jpg,https://kf.kobotoolbox.org/api/v2/assets/am66CJhKEj8dCTL49UQSNG/data/791555953/attachments/attuZRHTsMnDSJDSUHph2p7W/,1000044878-10_13_47.jpg,https://kf.kobotoolbox.org/api/v2/assets/am66CJhKEj8dCTL49UQSNG/data/791555953/attachments/attTxwfPEVZrPyeVd6MhfRPH/,1000044881-10_13_52.jpg,https://kf.kobotoolbox.org/api/v2/assets/am66CJhKEj8dCTL49UQSNG/data/791555953/attachments/attpEsugQSTkgHMQwrRvqR5E/,1000044880-10_13_56.jpg,https://kf.kobotoolbox.org/api/v2/assets/am66CJhKEj8dCTL49UQSNG/data/791555953/attachments/attnjHtxaUvedm4FhFyj74vu/,791555953,6e79d6f0-ab6d-4e91-a437-9e9ca9bfa434,2026-06-25T10:14:40+05:30,,,submitted_via_web,,vNRRNU3SyFqnhy2xMWaa4o,,uuid:6e79d6f0-ab6d-4e91-a437-9e9ca9bfa434,193,Bengaluru,Bengaluru,12.896405,77.599778,device_gps,OK
2026-06-25T10:04:41.595000+05:30,2026-06-25T10:16:21.834000+05:30,2026-06-25T10:05:00+05:30,Indian Express - B (towards Shanthinagar)),12.983758 77.597217 868.7000122070312 16.354999542236328,12.983758,77.597217,868.7000122070312,16.354999542236328,,No Shelter and No Signboard,,On the road edge / footpath edge – directly adjacent to traffic,0,1,0,,Yes,Yes,Yes,Yes - It's free of obstructions and feels safe to use,,Bus stop not clearly marked,0,0,1,0,One Step Out (30 cm to 1 meter): Passengers have to step down onto the road surface first to board.,"Footpath available to reach the bus stop from both directions Footpath is walkable and free of encroachment like parking, vendors, utility boxes, garbage, etc Pedestrian crossing at/close to the bus stop to cross the road?",1,1,0,0,0,1,0,," Yes – fully accessible, no obstructions",No – area appears well-drained,"Safe – well-lit, visible, and active surroundings",,,No – exposed to full sun,"Yes – lit by nearby street lights, shop fronts, or advertisement boards",,,,,None of the Above,0,0,0,0,0,0,0,1,"Mostly commercial - Office buildings, malls, large stores, etc",,Unofficial busstop but most busses tend to stop here as opposed a little further down with the proper amenities,I would start with making it an official busstop with shelter and seating. Information board would be nice too,1000088290-10_16_6.jpg,https://kf.kobotoolbox.org/api/v2/assets/am66CJhKEj8dCTL49UQSNG/data/791557073/attachments/att4UDzeAUSrBcNBJJpAwftq/,1000088291-10_14_53.jpg,https://kf.kobotoolbox.org/api/v2/assets/am66CJhKEj8dCTL49UQSNG/data/791557073/attachments/att3KUgCCzPV8Ac3VLPkDqzv/,1000088293-10_15_20.jpg,https://kf.kobotoolbox.org/api/v2/assets/am66CJhKEj8dCTL49UQSNG/data/791557073/attachments/attfDufPxGeimjkx2tMD6WAp/,1000088292-10_16_15.jpg,https://kf.kobotoolbox.org/api/v2/assets/am66CJhKEj8dCTL49UQSNG/data/791557073/attachments/attDSQwHH4MVLqfDurqU8j3R/,791557073,f7b3cc67-37bd-4632-90c3-d6ca0929f614,2026-06-25T10:16:26+05:30,,,submitted_via_web,,vNRRNU3SyFqnhy2xMWaa4o,,uuid:f7b3cc67-37bd-4632-90c3-d6ca0929f614,194,Bengaluru,Bengaluru,12.983758,77.597217,device_gps,OK
2026-06-23T01:21:26.271000+05:30,2026-06-25T10:37:47.668000+05:30,2026-06-25T10:32:00+05:30,Jayanagar 3rd block bus stop,,,,,,https://maps.app.goo.gl/7qxMHXHroqNFwBgN7?g_st=ac,Other Metal Bus Shelter (Other than Stainless Steel),Satisfactory – minor wear/dusty but usable,On the road edge / footpath edge – directly adjacent to traffic,0,1,0,,No,No,No,,1 - this is a standalone shelter ,At the bus stop – buses pull up to the shelter/marked stop,1,0,0,0,One Step Out (30 cm to 1 meter): Passengers have to step down onto the road surface first to board.,Footpath available to reach the bus stop from both directions,1,0,0,0,0,0,0,,"Partially encroached – e.g., vendors, parked two-wheelers, auto-rickshaws, construction material",Unsure,"Safe – well-lit, visible, and active surroundings",Yes – adequate space for passengers,"Yes – but the roof is inadequate (too tall, too small, gaps, or partial coverage)",Yes - sufficient shade from surrounding trees,"Yes – lit by nearby street lights, shop fronts, or advertisement boards",Yes – clear sightline to see the approaching buses,"Yes - the seating is of the right height, width, and depth to sit comfortably while waiting for the bus",No – name is missing,No information displayed at all,Seating / bench,1,0,0,0,0,0,0,0,"Mixed Use - A mix of commercial/residential/office, etc",Yes – advertisements dominate; passenger information is secondary,,,1000166292-10_37_11.jpg,https://kf.kobotoolbox.org/api/v2/assets/am66CJhKEj8dCTL49UQSNG/data/791571110/attachments/attiumx323hPjwKKAiWiBZqJ/,1000166288-10_37_27.jpg,https://kf.kobotoolbox.org/api/v2/assets/am66CJhKEj8dCTL49UQSNG/data/791571110/attachments/attFo7bMiUd22BbFepcV9YmF/,1000166295-10_37_35.jpg,https://kf.kobotoolbox.org/api/v2/assets/am66CJhKEj8dCTL49UQSNG/data/791571110/attachments/attCCeY8Mzu8Qa7tavsaaHC6/,1000166294-10_37_44.jpg,https://kf.kobotoolbox.org/api/v2/assets/am66CJhKEj8dCTL49UQSNG/data/791571110/attachments/attiJwrinGVtPUmf2W5UEaGG/,791571110,1ae304e6-23e8-4003-a48d-e63e682f5dd6,2026-06-25T10:37:53+05:30,,,submitted_via_web,,vNRRNU3SyFqnhy2xMWaa4o,,uuid:1ae304e6-23e8-4003-a48d-e63e682f5dd6,195,Bengaluru,Bengaluru,12.93674,77.58333,gmaps_link,OK
2026-06-22T14:57:19.480000+05:30,2026-06-25T11:09:24.261000+05:30,2026-06-24T05:20:00+05:30,Mekhri circle ( on Jaymahal extn rd) towards cantonment station.,13.014602 77.585136 0 0,13.014602,77.585136,0,0,,Other Metal Bus Shelter (Other than Stainless Steel),Satisfactory – minor wear/dusty but usable,"Set back from the road – against a wall, compound, or building edge",1,0,0,,No,Yes,No,,2,At the bus stop – buses pull up to the shelter/marked stop,1,0,0,0,One Step Out (30 cm to 1 meter): Passengers have to step down onto the road surface first to board.,"Footpath available to reach the bus stop from both directions Footpath is walkable and free of encroachment like parking, vendors, utility boxes, garbage, etc",1,1,0,0,0,0,0,," Yes – fully accessible, no obstructions",No – area appears well-drained,"Unsafe – poorly lit, isolated, or has a history of feeling threatening",Yes – adequate space for passengers,Yes – roof is intact and effective,Yes - from both bus shelter AND trees,No – inadequate or no lighting at all,Yes – clear sightline to see the approaching buses,No - the seating is too high ,No – name is missing,No information displayed at all,Seating / bench Sufficient seating for the number of people typically waiting,1,1,0,0,0,0,0,0,Compound Wall / Dead Edge - No activity near the stop,No advertisements,"This is a good location for bus stop. But late evening / night a bit scary due to poor lighting, isolation.",Rennovate. One more  bus stops few meters away not sure if that's needed or can be closer to  other 2. Proper lighting. Also there can be the police distress/ sos call button.,1000512714-11_3_46.jpg,https://kf.kobotoolbox.org/api/v2/assets/am66CJhKEj8dCTL49UQSNG/data/791591929/attachments/attFhQaSK8hfY4WvrqygpduL/,1000512713-11_3_58.jpg,https://kf.kobotoolbox.org/api/v2/assets/am66CJhKEj8dCTL49UQSNG/data/791591929/attachments/att4zVmju8GKvp7JdcaCouwW/,,,,,791591929,931298bf-8247-4ba2-b26f-52304f5dc20d,2026-06-25T11:09:28+05:30,,,submitted_via_web,,vNRRNU3SyFqnhy2xMWaa4o,,uuid:931298bf-8247-4ba2-b26f-52304f5dc20d,196,Bengaluru,Bengaluru,13.014602,77.585136,device_gps,OK
2026-06-25T10:37:47.866000+05:30,2026-06-25T12:36:15.167000+05:30,2026-06-25T12:19:00+05:30,Jayanagar 4th block (towards 5th block),,,,,,https://maps.app.goo.gl/4AX3h2k6x1Fct4uZ6?g_st=ac,Other Metal Bus Shelter (Other than Stainless Steel),Unclean/Poorly Maintained,"Set back from the road – against a wall, compound, or building edge",1,0,0,,No,No,No,,4+,At the bus stop – buses pull up to the shelter/marked stop,1,0,0,0,One Step Out (30 cm to 1 meter): Passengers have to step down onto the road surface first to board.,Footpath available to reach the bus stop from both directions,1,0,0,0,0,0,0,,"Partially encroached – e.g., vendors, parked two-wheelers, auto-rickshaws, construction material",No – area appears well-drained,"Somewhat safe – some concerns (e.g., poor visibility, isolated location)",Yes – adequate space for passengers,Yes – roof is intact and effective,Yes - from both bus shelter AND trees,Partially – some light but insufficient,Yes – clear sightline to see the approaching buses,No - the seating is too small to sit comfortably ,"Yes – but faded, small, or difficult to read","Yes – but information is unclear, faded, or partially missing",Seating / bench,1,0,0,0,0,0,0,0,"Mostly commercial - Retail shops. restaurants, cafes, markets, etc",Yes – advertisements dominate; passenger information is secondary,"Near the 4th block depot. Bus stands occupy about 500m stretch on either side. Both sides are backed against compound walls.  Any shop, home or office front is beyond that. Between compound walls and bus stops is riddled with trash. No space for people to walk.","Widen footpaths on either side especially the areas where bus stops are present, they cover the entire foot path.",1000166439-12_35_29.jpg,https://kf.kobotoolbox.org/api/v2/assets/am66CJhKEj8dCTL49UQSNG/data/791667257/attachments/att9HMkD8pJt9XUKmi7bHVmt/,1000166426-12_35_38.jpg,https://kf.kobotoolbox.org/api/v2/assets/am66CJhKEj8dCTL49UQSNG/data/791667257/attachments/attF3ZStp7Rwc979LhEtsU6A/,1000166412-12_35_48.jpg,https://kf.kobotoolbox.org/api/v2/assets/am66CJhKEj8dCTL49UQSNG/data/791667257/attachments/attXMd85U2KsnPKVdCSh8QkD/,1000166422-12_36_11.jpg,https://kf.kobotoolbox.org/api/v2/assets/am66CJhKEj8dCTL49UQSNG/data/791667257/attachments/att6dGXtXigfjFXJFLFzYjKa/,791667257,91f269da-3316-4468-b621-278b7c7e40e9,2026-06-25T12:36:22+05:30,,,submitted_via_web,,vNRRNU3SyFqnhy2xMWaa4o,,uuid:91f269da-3316-4468-b621-278b7c7e40e9,197,Bengaluru,Bengaluru,12.927598,77.583618,gmaps_link,OK
2026-06-25T12:36:15.442000+05:30,2026-06-25T12:40:20.298000+05:30,2026-06-25T12:36:00+05:30,Jayanagar 4th block ( towards lalbagh),,,,,,https://maps.app.goo.gl/p7iX9Fqb5SMDoRpy6?g_st=ac,Other Metal Bus Shelter (Other than Stainless Steel),Satisfactory – minor wear/dusty but usable,On the road edge / footpath edge – directly adjacent to traffic,0,1,0,,No,No,No,,2,At the bus stop – buses pull up to the shelter/marked stop,1,0,0,0,One Step Out (30 cm to 1 meter): Passengers have to step down onto the road surface first to board.,Footpath available to reach the bus stop from both directions,1,0,0,0,0,0,0,,"Partially encroached – e.g., vendors, parked two-wheelers, auto-rickshaws, construction material",No – area appears well-drained,"Somewhat safe – some concerns (e.g., poor visibility, isolated location)",Yes – adequate space for passengers,Yes – roof is intact and effective,Yes - from both bus shelter AND trees,Partially – some light but insufficient,Yes – clear sightline to see the approaching buses,No - the seating is too small to sit comfortably ,"Yes – but faded, small, or difficult to read","Yes – but information is unclear, faded, or partially missing",Seating / bench,1,0,0,0,0,0,0,0,"Mixed Use - A mix of commercial/residential/office, etc",Yes – advertisements dominate; passenger information is secondary,,,1000166409-12_39_44.jpg,https://kf.kobotoolbox.org/api/v2/assets/am66CJhKEj8dCTL49UQSNG/data/791671234/attachments/attLfpN3ATwAo9tNssjz3Jdn/,1000166435-12_40_1.jpg,https://kf.kobotoolbox.org/api/v2/assets/am66CJhKEj8dCTL49UQSNG/data/791671234/attachments/attGMFsnJWr4FZ7rMgRA3QXe/,1000166437-12_40_8.jpg,https://kf.kobotoolbox.org/api/v2/assets/am66CJhKEj8dCTL49UQSNG/data/791671234/attachments/attdqvZHcCHcbCG7iBn6FFE9/,1000166433-12_40_14.jpg,https://kf.kobotoolbox.org/api/v2/assets/am66CJhKEj8dCTL49UQSNG/data/791671234/attachments/attHqKzra9sB7wwUEFNSCUjd/,791671234,24f9c502-2d2b-4fec-b484-04ad9962fc36,2026-06-25T12:40:35+05:30,,,submitted_via_web,,vNRRNU3SyFqnhy2xMWaa4o,,uuid:24f9c502-2d2b-4fec-b484-04ad9962fc36,198,Bengaluru,Bengaluru,12.92795,77.583456,gmaps_link,OK
2026-06-24T09:35:20.447000+05:30,2026-06-25T16:54:07.445000+05:30,2026-06-25T16:47:00+05:30,New Baldwins School ( Towards KR Puram),13.014441 77.657565 849.5 14.965999603271484,13.014441,77.657565,849.5,14.965999603271484,,"Only ""Bus Stop"" Signboard - No Bus Shelter",,On the road edge / footpath edge – directly adjacent to traffic,0,1,0,,No,No,No,,,At the bus stop – buses pull up to the shelter/marked stop Bus stop not clearly marked,1,0,1,0,"Way Out in the Road (More than 1 meter): The bus stops far from the footpath, blocking a lane of traffic, forcing people to walk across active traffic to board the bus",Footpath available to reach the bus stop from both directions,1,0,0,0,0,0,0,,Heavily encroached – the stop is largely unusable because of obstructions,Unsure,"Somewhat safe – some concerns (e.g., poor visibility, isolated location)",,,Yes - sufficient shade from surrounding trees,"Yes – lit by nearby street lights, shop fronts, or advertisement boards",,,No – name is missing,No information displayed at all,None of the Above,0,0,0,0,0,0,0,1,"Mixed Use - A mix of commercial/residential/office, etc",,"No Bus Stop, Only a Sign that says a bus stop is there is available. Since there is no shelter busses usually skip the bus stop entirely unless there is a crowd.  Tree does not give enough shade or protection from rain.",Small benched seating area with shelter and a dustbin,1000143885-16_53_22.jpg,https://kf.kobotoolbox.org/api/v2/assets/am66CJhKEj8dCTL49UQSNG/data/792009366/attachments/attys9QtmQsRJ9XURj85Bzmh/,1000143876-16_53_31.jpg,https://kf.kobotoolbox.org/api/v2/assets/am66CJhKEj8dCTL49UQSNG/data/792009366/attachments/attDpDdi3dheLP6hUSQ2D7ek/,1000143883-16_53_45.jpg,https://kf.kobotoolbox.org/api/v2/assets/am66CJhKEj8dCTL49UQSNG/data/792009366/attachments/attQaAGBnuKDY62rEFkriku9/,1000143884-16_54_0.jpg,https://kf.kobotoolbox.org/api/v2/assets/am66CJhKEj8dCTL49UQSNG/data/792009366/attachments/attYEyeefBJbgUdKYhqfL6ti/,792009366,704db8a8-4b75-4fa1-8976-bb6a4d3a19ae,2026-06-25T16:54:15+05:30,,,submitted_via_web,,vNRRNU3SyFqnhy2xMWaa4o,,uuid:704db8a8-4b75-4fa1-8976-bb6a4d3a19ae,199,Bengaluru,Bengaluru,13.014441,77.657565,device_gps,OK
2026-06-20T15:27:10.056000+05:30,2026-06-20T15:35:20.715000+05:30,2026-06-20T15:27:00+05:30,"Navodaya nagar, JP nagar 8th ph",12.89292 77.582505 880.2999877929688 8.899999618530273,12.89292,77.582505,880.2999877929688,8.899999618530273,,Stainless Steel Bus Shelter,Unclean/Poorly Maintained,"Set back from the road – against a wall, compound, or building edge",1,0,0,,No,Yes,No,,1 - this is a standalone shelter ,Unsure / not observed,0,0,0,1,Unsure / not observed,Footpath available to reach the bus stop from both directions,1,0,0,0,0,0,0,,"Partially encroached – e.g., vendors, parked two-wheelers, auto-rickshaws, construction material",No – area appears well-drained,Unable to assess (audit done only in daytime),Unsure,Yes – roof is intact and effective,Yes - from both bus shelter AND trees,Unsure / Not observed,Yes – clear sightline to see the approaching buses,No - the seating is too small to sit comfortably ,No – name is missing,No information displayed at all,Seating / bench,1,0,0,0,0,0,0,0,"Mostly commercial - Retail shops. restaurants, cafes, markets, etc",Yes – advertisements dominate; passenger information is secondary,Lot of posters and not cleaned floor,"Needs cleaning, removal of posters and wall to be painted",20260619_184113-15_34_40.jpg,https://kf.kobotoolbox.org/api/v2/assets/am66CJhKEj8dCTL49UQSNG/data/792439740/attachments/attLALSdT7B6ZUf8P7bjXLXW/,20260619_184128-15_35_10.jpg,https://kf.kobotoolbox.org/api/v2/assets/am66CJhKEj8dCTL49UQSNG/data/792439740/attachments/attq6J6cTt2FZ7kbbGECXjYp/,,,,,792439740,805f7a64-3d61-4b33-bd90-87c403c11f11,2026-06-25T22:13:19+05:30,,,submitted_via_web,,vNRRNU3SyFqnhy2xMWaa4o,,uuid:805f7a64-3d61-4b33-bd90-87c403c11f11,200,Bengaluru,Bengaluru,12.89292,77.582505,device_gps,OK
2026-06-25T22:13:23.670000+05:30,2026-06-25T22:19:57.326000+05:30,2026-06-25T22:13:00+05:30,RBI water tank,12.892927 77.582457 880.2999877929688 12.069999694824219,12.892927,77.582457,880.2999877929688,12.069999694824219,,No Shelter and No Signboard,,On the road edge / footpath edge – directly adjacent to traffic,0,1,0,,No,No,No,,,Bus stop not clearly marked,0,0,1,0,One Step Out (30 cm to 1 meter): Passengers have to step down onto the road surface first to board.,"Footpath available to reach the bus stop from both directions Footpath is walkable and free of encroachment like parking, vendors, utility boxes, garbage, etc Pedestrian crossing at/close to the bus stop to cross the road?",1,1,0,0,0,1,0,," Yes – fully accessible, no obstructions",No – area appears well-drained,"Safe – well-lit, visible, and active surroundings",,,No – exposed to full sun,"Yes – lit by nearby street lights, shop fronts, or advertisement boards",,,,,None of the Above,0,0,0,0,0,0,0,1,"Mostly commercial - Retail shops. restaurants, cafes, markets, etc",,The buses stop very close to the traffic signal,At least bus number and route sign is required.,20260621_181047-22_19_15.jpg,https://kf.kobotoolbox.org/api/v2/assets/am66CJhKEj8dCTL49UQSNG/data/792446768/attachments/attwUjtSpfA6fo2AVAWyk6BS/,20260620_154942-22_19_42.jpg,https://kf.kobotoolbox.org/api/v2/assets/am66CJhKEj8dCTL49UQSNG/data/792446768/attachments/att2C7MtdkRJ8XaUpubi63jN/,,,,,792446768,2ab11ff8-1ab7-4414-8e71-047822ddc792,2026-06-25T22:20:01+05:30,,,submitted_via_web,,vNRRNU3SyFqnhy2xMWaa4o,,uuid:2ab11ff8-1ab7-4414-8e71-047822ddc792,201,Bengaluru,Bengaluru,12.892927,77.582457,device_gps,OK
2026-06-25T16:54:10.275000+05:30,2026-06-26T10:05:07.842000+05:30,2026-06-26T09:57:00+05:30,Dodda Banaswadi (Towards KR puram),13.014658 77.650932 839.2999877929688 9,13.014658,77.650932,839.2999877929688,9,,No Shelter and No Signboard,,On the road edge / footpath edge – directly adjacent to traffic The road/footpath is too narrow ,0,1,1,,No,No,No,,,At the bus stop – buses pull up to the shelter/marked stop Bus stop not clearly marked,1,0,1,0,One Step Out (30 cm to 1 meter): Passengers have to step down onto the road surface first to board.,Footpath available to reach the bus stop from both directions,1,0,0,0,0,0,0,,"Partially encroached – e.g., vendors, parked two-wheelers, auto-rickshaws, construction material",No – area appears well-drained,"Safe – well-lit, visible, and active surroundings",,,No – exposed to full sun,"Yes – lit by nearby street lights, shop fronts, or advertisement boards",,,,,None of the Above,0,0,0,0,0,0,0,1,"Mixed Use - A mix of commercial/residential/office, etc",,"No shelter or sign, no name and very narrow footpath with an abandoned terminal opposite to it",Make an official sign with name or change bus stop location to look official with anemeties,1000144061-10_3_55.jpg,https://kf.kobotoolbox.org/api/v2/assets/am66CJhKEj8dCTL49UQSNG/data/792801684/attachments/attqLwhp2TqkZuB5KErWJRhc/,1000144058-10_4_6.jpg,https://kf.kobotoolbox.org/api/v2/assets/am66CJhKEj8dCTL49UQSNG/data/792801684/attachments/attG5QTPrTJftqW7oBW7URYe/,1000144059-10_4_15.jpg,https://kf.kobotoolbox.org/api/v2/assets/am66CJhKEj8dCTL49UQSNG/data/792801684/attachments/attLeTc2XRjgHiLWVQzn3i6U/,1000144060-10_4_21.jpg,https://kf.kobotoolbox.org/api/v2/assets/am66CJhKEj8dCTL49UQSNG/data/792801684/attachments/attsXTHX3FUGKV8brrFc3kjh/,792801684,9f8c3a5a-9ba9-4f19-8d8e-3d1ad59e84b3,2026-06-26T10:05:11+05:30,,,submitted_via_web,,vNRRNU3SyFqnhy2xMWaa4o,,uuid:9f8c3a5a-9ba9-4f19-8d8e-3d1ad59e84b3,202,Bengaluru,Bengaluru,13.014658,77.650932,device_gps,OK
2026-06-26T10:05:08.042000+05:30,2026-06-26T21:11:02.824000+05:30,2026-06-26T10:07:00+05:30,Steel Factory (Towards Shivajinagar),13.013026 77.649336 834.7000122070312 6,13.013026,77.649336,834.7000122070312,6,,Other Metal Bus Shelter (Other than Stainless Steel),Unclean/Poorly Maintained,"Set back from the road – against a wall, compound, or building edge",1,0,0,,No,No,No,,1 - this is a standalone shelter ,At the bus stop – buses pull up to the shelter/marked stop,1,0,0,0,One Step Out (30 cm to 1 meter): Passengers have to step down onto the road surface first to board.,None of the above,0,0,0,0,0,0,1,,"Partially encroached – e.g., vendors, parked two-wheelers, auto-rickshaws, construction material",No – area appears well-drained,"Safe – well-lit, visible, and active surroundings",Yes – adequate space for passengers,"Yes – but the roof is inadequate (too tall, too small, gaps, or partial coverage)",Yes – sufficient shade from the bus shelter,Partially – some light but insufficient,Yes – clear sightline to see the approaching buses,"Yes - the seating is of the right height, width, and depth to sit comfortably while waiting for the bus",Yes – name is prominently visible and legible,"Yes – but information is unclear, faded, or partially missing",Seating / bench Sufficient seating for the number of people typically waiting,1,1,0,0,0,0,0,0,"Mixed Use - A mix of commercial/residential/office, etc",Yes – advertisements dominate; passenger information is secondary,"No information about the route and timings, sides of bus stop are blocked by material, Electric sign installed but not working",Clear info and better walkability,1000144067-10_11_42.jpg,https://kf.kobotoolbox.org/api/v2/assets/am66CJhKEj8dCTL49UQSNG/data/792804932/attachments/attBstDUoQhnwsMG89gAVQBV/,1000144066-10_11_47.jpg,https://kf.kobotoolbox.org/api/v2/assets/am66CJhKEj8dCTL49UQSNG/data/792804932/attachments/attR22Xe4UDGiJVYCZ9hMdiY/,1000144068-10_11_53.jpg,https://kf.kobotoolbox.org/api/v2/assets/am66CJhKEj8dCTL49UQSNG/data/792804932/attachments/attjJbKWKbYE8sBL8CoJpQFB/,1000144069-10_11_57.jpg,https://kf.kobotoolbox.org/api/v2/assets/am66CJhKEj8dCTL49UQSNG/data/792804932/attachments/attkSaDErPQJjNERQVnfmV4h/,792804932,63e600b7-5ed5-4f2a-9c40-bd7f43e2f1ba,2026-06-26T10:12:03+05:30,,,submitted_via_web,,vNRRNU3SyFqnhy2xMWaa4o,,uuid:e08c8c39-5c05-4ca5-b0c7-50b98f783f90,203,Bengaluru,Bengaluru,13.013026,77.649336,device_gps,OK
2026-06-26T10:12:00.920000+05:30,2026-06-26T10:17:37.712000+05:30,2026-06-26T10:13:00+05:30,Dodda Banaswadi (Towards KR puram),13.014423 77.651745 834.5999755859375 7,13.014423,77.651745,834.5999755859375,7,,No Shelter and No Signboard,,"Set back from the road – against a wall, compound, or building edge",1,0,0,,No,No,No,,,At the bus stop – buses pull up to the shelter/marked stop,1,0,0,0,One Step Out (30 cm to 1 meter): Passengers have to step down onto the road surface first to board.,None of the above,0,0,0,0,0,0,1,,"Partially encroached – e.g., vendors, parked two-wheelers, auto-rickshaws, construction material",No – area appears well-drained,"Safe – well-lit, visible, and active surroundings",,,No – exposed to full sun,"Yes – lit by nearby street lights, shop fronts, or advertisement boards",,,,,None of the Above,0,0,0,0,0,0,0,1,"Mixed Use - A mix of commercial/residential/office, etc",,No shelter or signage available,A sign and some seating and shelter,1000144070-10_16_53.jpg,https://kf.kobotoolbox.org/api/v2/assets/am66CJhKEj8dCTL49UQSNG/data/792807170/attachments/attnuHLphv8rVwpY4Xq7fqEi/,1000144071-10_17_0.jpg,https://kf.kobotoolbox.org/api/v2/assets/am66CJhKEj8dCTL49UQSNG/data/792807170/attachments/attGepXqTBncG69Ka7xqw3Qp/,1000144073-10_17_7.jpg,https://kf.kobotoolbox.org/api/v2/assets/am66CJhKEj8dCTL49UQSNG/data/792807170/attachments/att3xTxwS5vRzyNrEiuyTeKe/,1000144072-10_17_18.jpg,https://kf.kobotoolbox.org/api/v2/assets/am66CJhKEj8dCTL49UQSNG/data/792807170/attachments/attWJ9nT2gNxyy69QuBXEzrE/,792807170,913b84f7-5da6-40f6-90eb-b1c6c030c649,2026-06-26T10:17:40+05:30,,,submitted_via_web,,vNRRNU3SyFqnhy2xMWaa4o,,uuid:913b84f7-5da6-40f6-90eb-b1c6c030c649,204,Bengaluru,Bengaluru,13.014423,77.651745,device_gps,OK
2026-06-26T10:28:55.466000+05:30,2026-06-26T10:34:23.750000+05:30,2026-06-26T10:29:00+05:30,Vijay Bank Colony (Towards Hebbal),13.017057 77.660242 849.3999633789062 12.581999778747559,13.017057,77.660242,849.3999633789062,12.581999778747559,,Other Metal Bus Shelter (Other than Stainless Steel),Unclean/Poorly Maintained,On the road edge / footpath edge – directly adjacent to traffic,0,1,0,,No,No,No,,2,At the bus stop – buses pull up to the shelter/marked stop,1,0,0,0,One Step Out (30 cm to 1 meter): Passengers have to step down onto the road surface first to board.,None of the above,0,0,0,0,0,0,1,,Heavily encroached – the stop is largely unusable because of obstructions,Unsure,"Somewhat safe – some concerns (e.g., poor visibility, isolated location)",Yes – adequate space for passengers,Yes – roof is intact and effective,Yes – sufficient shade from the bus shelter,Partially – some light but insufficient,Yes – clear sightline to see the approaching buses,"Yes - the seating is of the right height, width, and depth to sit comfortably while waiting for the bus","Yes – but faded, small, or difficult to read","Yes – but information is unclear, faded, or partially missing",Seating / bench,1,0,0,0,0,0,0,0,"Mixed Use - A mix of commercial/residential/office, etc",No advertisements,"IMPORTANT: There is a secondary service road bus stop that also has busses, it becomes very unsafe to cross to the main road bus stop as there are moving vehicles constantly, passengers tend to miss one bus or put themselves in danger while jumping from one bus stop to the other, The main road bus stop has garbage everywhere","Cleaner bus stop with garbage bins, Implementation of a football from the service road to the opposite side of the main road so passengers can cross easily and safely",1000144082-10_33_51.jpg,https://kf.kobotoolbox.org/api/v2/assets/am66CJhKEj8dCTL49UQSNG/data/792814849/attachments/attnQQurK6zYRPPek5hsBLX5/,1000144081-10_34_0.jpg,https://kf.kobotoolbox.org/api/v2/assets/am66CJhKEj8dCTL49UQSNG/data/792814849/attachments/attvVxdtWaYDoZvJx2TzhRj7/,1000144089-10_34_7.jpg,https://kf.kobotoolbox.org/api/v2/assets/am66CJhKEj8dCTL49UQSNG/data/792814849/attachments/attTt4vREADbjPX7ai9t6xdB/,1000144088-10_34_18.jpg,https://kf.kobotoolbox.org/api/v2/assets/am66CJhKEj8dCTL49UQSNG/data/792814849/attachments/atte2UW6x3MHfwt5SX7KdkXP/,792814849,49261c43-ce66-41c1-a869-6e9c1650b78a,2026-06-26T10:34:27+05:30,,,submitted_via_web,,vNRRNU3SyFqnhy2xMWaa4o,,uuid:49261c43-ce66-41c1-a869-6e9c1650b78a,205,Bengaluru,Bengaluru,13.017057,77.660242,device_gps,OK
2026-06-26T10:34:23.967000+05:30,2026-06-26T10:42:10.964000+05:30,2026-06-26T10:35:00+05:30,Banaswadi (Towards hebbal),13.019145 77.654606 838.8999633789062 56.073001861572266,13.019145,77.654606,838.8999633789062,56.073001861572266,,Other Metal Bus Shelter (Other than Stainless Steel),Unclean/Poorly Maintained,On the road edge / footpath edge – directly adjacent to traffic,0,1,0,,No,No,No,,1 - this is a standalone shelter ,Away from the bus stop – buses stop before or beyond the shelter/marked location,0,1,0,0,One Step Out (30 cm to 1 meter): Passengers have to step down onto the road surface first to board.,Footpath available to reach the bus stop from both directions,1,0,0,0,0,0,0,," Yes – fully accessible, no obstructions",No – area appears well-drained,Unable to assess (audit done only in daytime),Yes – adequate space for passengers,Yes – roof is intact and effective,Partial – some shade but insufficient,Unsure / Not observed,Yes – clear sightline to see the approaching buses,"Yes - the seating is of the right height, width, and depth to sit comfortably while waiting for the bus",No – name is missing,Yes – route list is prominently displayed and appears current,Seating / bench,1,0,0,0,0,0,0,0,"Mixed Use - A mix of commercial/residential/office, etc",No advertisements,"Buses stop away from the bus stops, very dirty footpath is blocked by garbage","Installation of the bus top up the road with a sign, rebuilding pavement",1000144093-10_41_13.jpg,https://kf.kobotoolbox.org/api/v2/assets/am66CJhKEj8dCTL49UQSNG/data/792818171/attachments/attB6gR6byerVuGaF5aHrbGj/,1000144092-10_41_20.jpg,https://kf.kobotoolbox.org/api/v2/assets/am66CJhKEj8dCTL49UQSNG/data/792818171/attachments/attXaKrvbVsZtdZQ4BxGRjxL/,1000144091-10_41_34.jpg,https://kf.kobotoolbox.org/api/v2/assets/am66CJhKEj8dCTL49UQSNG/data/792818171/attachments/attNLSxMb8Pb5dRDaaAtvnRD/,1000144094-10_41_57.jpg,https://kf.kobotoolbox.org/api/v2/assets/am66CJhKEj8dCTL49UQSNG/data/792818171/attachments/attcLMS3qqVs9HQHWA8pjWHc/,792818171,a030b849-885f-4129-bb46-538196a0f20e,2026-06-26T10:42:14+05:30,,,submitted_via_web,,vNRRNU3SyFqnhy2xMWaa4o,,uuid:a030b849-885f-4129-bb46-538196a0f20e,206,Bengaluru,Bengaluru,13.019145,77.654606,device_gps,OK
2026-06-26T10:42:11.201000+05:30,2026-06-26T10:53:49.435000+05:30,2026-06-26T10:43:00+05:30,Babusab Palya (Towards Hebbal),13.022702 77.646789 821.2999877929688 6,13.022702,77.646789,821.2999877929688,6,,Other Metal Bus Shelter (Other than Stainless Steel),Severely Damaged / Unusable,"Set back from the road – against a wall, compound, or building edge",1,0,0,,No,No,No,,2,Away from the bus stop – buses stop before or beyond the shelter/marked location,0,1,0,0,"Way Out in the Road (More than 1 meter): The bus stops far from the footpath, blocking a lane of traffic, forcing people to walk across active traffic to board the bus",None of the above,0,0,0,0,0,0,1,,"Partially encroached – e.g., vendors, parked two-wheelers, auto-rickshaws, construction material",Unsure,"Somewhat safe – some concerns (e.g., poor visibility, isolated location)",Yes – adequate space for passengers,Yes – roof is intact and effective,Partial – some shade but insufficient,"Yes – lit by nearby street lights, shop fronts, or advertisement boards",Yes – clear sightline to see the approaching buses,"Yes - the seating is of the right height, width, and depth to sit comfortably while waiting for the bus",No – name is missing,No information displayed at all,Seating / bench,1,0,0,0,0,0,0,0,"Mixed Use - A mix of commercial/residential/office, etc",Yes – advertisements dominate; passenger information is secondary,"Very poorly maintained with broken amenities everywhere, Busses stop away from the bus stop space alloted, Vehicles constantly driving between the space putting passengers in danger","Bus stop lane, Fixing amenities like footpath, broken seats and also installation of information and dust bins",1000144103-10_52_55.jpg,https://kf.kobotoolbox.org/api/v2/assets/am66CJhKEj8dCTL49UQSNG/data/792824121/attachments/attiLsCMfejo6zYLJQcQHKkD/,1000144104-10_53_4.jpg,https://kf.kobotoolbox.org/api/v2/assets/am66CJhKEj8dCTL49UQSNG/data/792824121/attachments/attHB5nahi8tFYYUqeKCDkKE/,1000144106-10_53_10.jpg,https://kf.kobotoolbox.org/api/v2/assets/am66CJhKEj8dCTL49UQSNG/data/792824121/attachments/att8aNGZFMoASYVoNSeF2suA/,1000144108-10_53_44.jpg,https://kf.kobotoolbox.org/api/v2/assets/am66CJhKEj8dCTL49UQSNG/data/792824121/attachments/attuJxk98sV8LJpNJHggbZ8B/,792824121,bbc2b959-1d07-4289-89e5-9ef3c813e514,2026-06-26T10:53:52+05:30,,,submitted_via_web,,vNRRNU3SyFqnhy2xMWaa4o,,uuid:bbc2b959-1d07-4289-89e5-9ef3c813e514,207,Bengaluru,Bengaluru,13.022702,77.646789,device_gps,OK
2026-06-26T10:53:49.672000+05:30,2026-06-26T11:05:44.919000+05:30,2026-06-26T11:01:00+05:30,Kalyan Nagar (Towards Hebbal),13.026249 77.636005 833.7000122070312 47.4379997253418,13.026249,77.636005,833.7000122070312,47.4379997253418,,Other Metal Bus Shelter (Other than Stainless Steel),Unclean/Poorly Maintained,"Set back from the road – against a wall, compound, or building edge",1,0,0,,No,No,No,,2,At the bus stop – buses pull up to the shelter/marked stop,1,0,0,0,"Way Out in the Road (More than 1 meter): The bus stops far from the footpath, blocking a lane of traffic, forcing people to walk across active traffic to board the bus",Footpath available to reach the bus stop from both directions,1,0,0,0,0,0,0,,"Partially encroached – e.g., vendors, parked two-wheelers, auto-rickshaws, construction material",No – area appears well-drained,"Safe – well-lit, visible, and active surroundings",Yes – adequate space for passengers,Yes – roof is intact and effective,Yes - from both bus shelter AND trees,Unsure / Not observed,Yes – clear sightline to see the approaching buses,"Yes - the seating is of the right height, width, and depth to sit comfortably while waiting for the bus",No – name is missing,Yes – but information seems outdated or unreliable,Seating / bench,1,0,0,0,0,0,0,0,"Mostly commercial - Retail shops. restaurants, cafes, markets, etc",Yes – advertisements dominate; passenger information is secondary,Poorly maintained with no dustbin and there is stepped footpath with no ramp,Ramp access with no encroachment by autos/cars so buses can stop at the curb space alloted,1000144110-11_5_26.jpg,https://kf.kobotoolbox.org/api/v2/assets/am66CJhKEj8dCTL49UQSNG/data/792830650/attachments/attpXQ2kYpHRdRukQCLy7hhT/,1000144111-11_5_32.jpg,https://kf.kobotoolbox.org/api/v2/assets/am66CJhKEj8dCTL49UQSNG/data/792830650/attachments/atte6U5nqGjWR3HjjAeRDK9W/,1000144114-11_5_37.jpg,https://kf.kobotoolbox.org/api/v2/assets/am66CJhKEj8dCTL49UQSNG/data/792830650/attachments/attA5NiFcKJjMCe2z3dAf76z/,1000144115-11_5_41.jpg,https://kf.kobotoolbox.org/api/v2/assets/am66CJhKEj8dCTL49UQSNG/data/792830650/attachments/attPMieHWNjEPUeTKMPfwWdS/,792830650,898a9494-6952-426c-90b8-f4912e45cc50,2026-06-26T11:05:48+05:30,,,submitted_via_web,,vNRRNU3SyFqnhy2xMWaa4o,,uuid:898a9494-6952-426c-90b8-f4912e45cc50,208,Bengaluru,Bengaluru,13.026249,77.636005,device_gps,OK
2026-06-26T11:05:45.083000+05:30,2026-06-26T11:33:55.326000+05:30,2026-06-26T11:29:00+05:30,Hebbal (Towards BEL),13.042573 77.589928 821.7999877929688 6.5,13.042573,77.589928,821.7999877929688,6.5,,Other Metal Bus Shelter (Other than Stainless Steel),Satisfactory – minor wear/dusty but usable,"Set back from the road – against a wall, compound, or building edge",1,0,0,,No,No,No,,3,Away from the bus stop – buses stop before or beyond the shelter/marked location,0,1,0,0,"Way Out in the Road (More than 1 meter): The bus stops far from the footpath, blocking a lane of traffic, forcing people to walk across active traffic to board the bus",Footpath available to reach the bus stop from both directions,1,0,0,0,0,0,0,,"Partially encroached – e.g., vendors, parked two-wheelers, auto-rickshaws, construction material",No – area appears well-drained,Unable to assess (audit done only in daytime),Yes – adequate space for passengers,Yes – roof is intact and effective,Yes – sufficient shade from the bus shelter,Unsure / Not observed,"No – sightline is blocked (by structure, advertisement boards, trees, or parked vehicles)","Yes - the seating is of the right height, width, and depth to sit comfortably while waiting for the bus",No – name is missing,No information displayed at all,Seating / bench,1,0,0,0,0,0,0,0,"Mostly commercial - Retail shops. restaurants, cafes, markets, etc",Yes – advertisements dominate; passenger information is secondary,"Buses stop on the main road, no busses come to the bus stop","Implementation of rules for busses to use the bus lane, more elaborate route signage and facility",1000144128-11_33_26.jpg,https://kf.kobotoolbox.org/api/v2/assets/am66CJhKEj8dCTL49UQSNG/data/792848455/attachments/attWqcxXNjL8rtENrYNhNsys/,1000144130-11_33_32.jpg,https://kf.kobotoolbox.org/api/v2/assets/am66CJhKEj8dCTL49UQSNG/data/792848455/attachments/attRi3ZopBzuBjowDuCY7d9U/,1000144129-11_33_38.jpg,https://kf.kobotoolbox.org/api/v2/assets/am66CJhKEj8dCTL49UQSNG/data/792848455/attachments/attguZxGgXy999N6ekyaNYD5/,1000144131-11_33_52.jpg,https://kf.kobotoolbox.org/api/v2/assets/am66CJhKEj8dCTL49UQSNG/data/792848455/attachments/atttJbpUHvwi93Rc9jSsNdhE/,792848455,9763c19f-318e-4835-b655-1ec2a1e092e8,2026-06-26T11:35:37+05:30,,,submitted_via_web,,vNRRNU3SyFqnhy2xMWaa4o,,uuid:9763c19f-318e-4835-b655-1ec2a1e092e8,209,Bengaluru,Bengaluru,13.042573,77.589928,device_gps,OK
2026-06-26T11:33:55.536000+05:30,2026-06-26T12:07:22.634000+05:30,2026-06-26T11:35:00+05:30,BEL bus stop (Towards Nagawara),13.045157 77.556827 840.3999633789062 10,13.045157,77.556827,840.3999633789062,10,,Stainless Steel Bus Shelter, Clean and Well Maintained,"Set back from the road – against a wall, compound, or building edge",1,0,0,,No,No,No,,3,At the bus stop – buses pull up to the shelter/marked stop,1,0,0,0,"Way Out in the Road (More than 1 meter): The bus stops far from the footpath, blocking a lane of traffic, forcing people to walk across active traffic to board the bus","Footpath available to reach the bus stop from both directions Footpath is walkable and free of encroachment like parking, vendors, utility boxes, garbage, etc Pedestrian crossing at/close to the bus stop to cross the road?",1,1,0,0,0,1,0,,"Partially encroached – e.g., vendors, parked two-wheelers, auto-rickshaws, construction material",No – area appears well-drained,"Somewhat safe – some concerns (e.g., poor visibility, isolated location)",Yes – adequate space for passengers,Yes – roof is intact and effective,Yes – sufficient shade from the bus shelter,Partially – some light but insufficient,Yes – clear sightline to see the approaching buses,"Yes - the seating is of the right height, width, and depth to sit comfortably while waiting for the bus",Yes – name is prominently visible and legible,No information displayed at all,Seating / bench Sufficient seating for the number of people typically waiting Dustbin / waste bin Public toilet nearby (within eyesight),1,1,1,0,1,0,0,0,"Mostly Institutional - Schools, Hospitals, Govt. Offices, etc",No advertisements,"Well maintained, no proper name and route signage- only bus numbers are available, Availability of a kiosk for monthly pass","A good route signboard as many BEL stops are there, dustbin provisions needed",1000144139-12_1_37.jpg,https://kf.kobotoolbox.org/api/v2/assets/am66CJhKEj8dCTL49UQSNG/data/792873158/attachments/attbwny2XNjPFbgravS8xJAo/,1000144138-12_1_43.jpg,https://kf.kobotoolbox.org/api/v2/assets/am66CJhKEj8dCTL49UQSNG/data/792873158/attachments/att3FaTeb5JWH47tG9jgGre9/,1000144147-12_7_13.jpg,https://kf.kobotoolbox.org/api/v2/assets/am66CJhKEj8dCTL49UQSNG/data/792873158/attachments/attRiJZHQFCBCakbvehHsdeH/,1000144146-12_7_19.jpg,https://kf.kobotoolbox.org/api/v2/assets/am66CJhKEj8dCTL49UQSNG/data/792873158/attachments/attAnyhoDj5sJzCsxJ5vbctz/,792873158,de73ea3b-00f8-4cb7-ad46-d0e18f4e93d8,2026-06-26T12:07:25+05:30,,,submitted_via_web,,vNRRNU3SyFqnhy2xMWaa4o,,uuid:de73ea3b-00f8-4cb7-ad46-d0e18f4e93d8,210,Bengaluru,Bengaluru,13.045157,77.556827,device_gps,OK
2026-06-26T12:15:05.977000+05:30,2026-06-26T12:22:44.774000+05:30,2026-06-26T12:15:00+05:30,BEL (towards vidyaranyapura),13.047013 77.557201 846.7000122070312 77.5999984741211,13.047013,77.557201,846.7000122070312,77.5999984741211,,Stainless Steel Bus Shelter,Satisfactory – minor wear/dusty but usable,"Set back from the road – against a wall, compound, or building edge",1,0,0,,No,Yes,No,,1 - this is a standalone shelter ,At the bus stop – buses pull up to the shelter/marked stop,1,0,0,0,"Way Out in the Road (More than 1 meter): The bus stops far from the footpath, blocking a lane of traffic, forcing people to walk across active traffic to board the bus","Footpath available to reach the bus stop from both directions Footpath is walkable and free of encroachment like parking, vendors, utility boxes, garbage, etc",1,1,0,0,0,0,0,,"Partially encroached – e.g., vendors, parked two-wheelers, auto-rickshaws, construction material",No – area appears well-drained,Unable to assess (audit done only in daytime),Yes – adequate space for passengers,Yes – roof is intact and effective,Yes - from both bus shelter AND trees,Unsure / Not observed,Yes – clear sightline to see the approaching buses,"Yes - the seating is of the right height, width, and depth to sit comfortably while waiting for the bus",No – name is missing,No information displayed at all,Seating / bench Sufficient seating for the number of people typically waiting,1,1,0,0,0,0,0,0,"Mostly Institutional - Schools, Hospitals, Govt. Offices, etc",No advertisements,"Well maintained but no access to amenities like ramps, information etc","Route information board, Dustbin provision",20260626_121344-12_22_24.heic,https://kf.kobotoolbox.org/api/v2/assets/am66CJhKEj8dCTL49UQSNG/data/792887108/attachments/attbKZx7n72edsJ8K2aZk7Tq/,20260626_121302-12_22_30.heic,https://kf.kobotoolbox.org/api/v2/assets/am66CJhKEj8dCTL49UQSNG/data/792887108/attachments/attUdqqQ4zJkHqt9DvHPnWZx/,20260626_121253-12_22_35.heic,https://kf.kobotoolbox.org/api/v2/assets/am66CJhKEj8dCTL49UQSNG/data/792887108/attachments/attGVXV3LFnfjbEqYtJhnQgb/,20260626_121302-12_22_42.heic,https://kf.kobotoolbox.org/api/v2/assets/am66CJhKEj8dCTL49UQSNG/data/792887108/attachments/attH3PzucFhookHE2axvRNzw/,792887108,8ed90f62-d3f0-41c5-adf3-cf2947ce4d20,2026-06-26T12:22:47+05:30,,,submitted_via_web,,vNRRNU3SyFqnhy2xMWaa4o,,uuid:8ed90f62-d3f0-41c5-adf3-cf2947ce4d20,211,Bengaluru,Bengaluru,13.047013,77.557201,device_gps,OK
2026-06-26T12:22:44.939000+05:30,2026-06-26T12:54:22.436000+05:30,2026-06-26T12:50:00+05:30,BEL (towards MS Palya),13.045315 77.555869 842.3999633789062 87.5999984741211,13.045315,77.555869,842.3999633789062,87.5999984741211,,No Shelter and No Signboard,,"Set back from the road – against a wall, compound, or building edge On the road edge / footpath edge – directly adjacent to traffic",1,1,0,,No,No,No,,,Bus stop not clearly marked,0,0,1,0,"Way Out in the Road (More than 1 meter): The bus stops far from the footpath, blocking a lane of traffic, forcing people to walk across active traffic to board the bus",None of the above,0,0,0,0,0,0,1,," Yes – fully accessible, no obstructions",Unsure,Unable to assess (audit done only in daytime),,,No – exposed to full sun,Unsure / Not observed,,,,,None of the Above,0,0,0,0,0,0,0,1,"Mostly Institutional - Schools, Hospitals, Govt. Offices, etc",,"Doesn’t look official and has no shelter, Passengers have to stand on the road","Bus stand and sign, shelter from sun with ingographics",20260626_124943-12_54_6.heic,https://kf.kobotoolbox.org/api/v2/assets/am66CJhKEj8dCTL49UQSNG/data/792968039/attachments/attM96YokwEroamo6aCPSYns/,20260626_124935-12_54_11.heic,https://kf.kobotoolbox.org/api/v2/assets/am66CJhKEj8dCTL49UQSNG/data/792968039/attachments/attcS6Pk8QHkLeVTg8ZgaeyK/,20260626_124932-12_54_16.heic,https://kf.kobotoolbox.org/api/v2/assets/am66CJhKEj8dCTL49UQSNG/data/792968039/attachments/attCsEAj69XDnqJmMNc9QVwj/,20260626_124927-12_54_20.heic,https://kf.kobotoolbox.org/api/v2/assets/am66CJhKEj8dCTL49UQSNG/data/792968039/attachments/attujRSsHMMTuFLMvs9xLcUy/,792968039,22cc64d7-15b6-4973-ab1f-0ffb27734863,2026-06-26T14:02:57+05:30,,,submitted_via_web,,vNRRNU3SyFqnhy2xMWaa4o,,uuid:22cc64d7-15b6-4973-ab1f-0ffb27734863,212,Bengaluru,Bengaluru,13.045315,77.555869,device_gps,OK
2026-06-26T12:54:22.857000+05:30,2026-06-26T14:15:12.387000+05:30,2026-06-26T14:04:00+05:30,Kuvempu Circle (towards Majestic),13.043209 77.561424 834.5 9.5,13.043209,77.561424,834.5,9.5,,Other Metal Bus Shelter (Other than Stainless Steel),Severely Damaged / Unusable,"Set back from the road – against a wall, compound, or building edge",1,0,0,,No,No,No,,1 - this is a standalone shelter ,Away from the bus stop – buses stop before or beyond the shelter/marked location,0,1,0,0,One Step Out (30 cm to 1 meter): Passengers have to step down onto the road surface first to board.,Pedestrian crossing at/close to the bus stop to cross the road?,0,0,0,0,0,1,0,," Yes – fully accessible, no obstructions","Yes – signs of standing water, algae, or drainage issues visible","Safe – well-lit, visible, and active surroundings",Yes – adequate space for passengers,Yes – roof is intact and effective,Yes - sufficient shade from surrounding trees,"Yes – lit by nearby street lights, shop fronts, or advertisement boards",Yes – clear sightline to see the approaching buses,No - the seating is too small to sit comfortably ,No – name is missing,No information displayed at all,Seating / bench,1,0,0,0,0,0,0,0,"Mostly Institutional - Schools, Hospitals, Govt. Offices, etc",Yes – advertisements dominate; passenger information is secondary,"Pavement is dug up, not adequate or sufficient for number of passengers who rely on the route",More seating and infogtaphic,20260626_140200-14_13_36.heic,https://kf.kobotoolbox.org/api/v2/assets/am66CJhKEj8dCTL49UQSNG/data/792982415/attachments/atteM7SauzC2SHcQU542XGeu/,20260626_140137-14_13_41.heic,https://kf.kobotoolbox.org/api/v2/assets/am66CJhKEj8dCTL49UQSNG/data/792982415/attachments/attkXQtxBdUmA5viXmVsgY5b/,20260626_140215-14_13_47.heic,https://kf.kobotoolbox.org/api/v2/assets/am66CJhKEj8dCTL49UQSNG/data/792982415/attachments/attYSbvSs2mtP4CBdv77pSzM/,20260626_140220-14_13_56.heic,https://kf.kobotoolbox.org/api/v2/assets/am66CJhKEj8dCTL49UQSNG/data/792982415/attachments/attrdY87vfmAdk8PZfgQ5Gks/,792982415,3f518702-268a-4d1c-9f67-2e0ccdc468b2,2026-06-26T14:15:48+05:30,,,submitted_via_web,,vNRRNU3SyFqnhy2xMWaa4o,,uuid:3f518702-268a-4d1c-9f67-2e0ccdc468b2,213,Bengaluru,Bengaluru,13.043209,77.561424,device_gps,OK
2026-06-26T14:31:31.483000+05:30,2026-06-26T14:45:22.111000+05:30,2026-06-26T14:31:00+05:30,R K Gardens (towards Majestic),13.039256 77.564449 825.7000122070312 30.15399932861328,13.039256,77.564449,825.7000122070312,30.15399932861328,,Other Metal Bus Shelter (Other than Stainless Steel),Satisfactory – minor wear/dusty but usable,On the road edge / footpath edge – directly adjacent to traffic,0,1,0,,No,No,No,,1 - this is a standalone shelter ,At the bus stop – buses pull up to the shelter/marked stop,1,0,0,0,One Step Out (30 cm to 1 meter): Passengers have to step down onto the road surface first to board.,Footpath available to reach the bus stop from both directions,1,0,0,0,0,0,0,,Heavily encroached – the stop is largely unusable because of obstructions,No – area appears well-drained,"Safe – well-lit, visible, and active surroundings",Yes – adequate space for passengers,Yes – roof is intact and effective,Yes - sufficient shade from surrounding trees,"Yes – lit by nearby street lights, shop fronts, or advertisement boards","No – sightline is blocked (by structure, advertisement boards, trees, or parked vehicles)","Yes - the seating is of the right height, width, and depth to sit comfortably while waiting for the bus",No – name is missing,No information displayed at all,Seating / bench Sufficient seating for the number of people typically waiting,1,1,0,0,0,0,0,0,"Mixed Use - A mix of commercial/residential/office, etc",Yes – advertisements present but passenger information is still clearly visible,"Pavement is broken, there is obstruction by vendors due to which incoming buses cannot be seen. Infographics must be displayed.","More maintenance, better pavement",1000135114-14_44_9.jpg,https://kf.kobotoolbox.org/api/v2/assets/am66CJhKEj8dCTL49UQSNG/data/793014999/attachments/attYRgxiKjKjBQPWrLQRW2SE/,1000135116-14_44_37.jpg,https://kf.kobotoolbox.org/api/v2/assets/am66CJhKEj8dCTL49UQSNG/data/793014999/attachments/attbLNpJiNyEfmjTxJQqLLRi/,1000135117-14_45_8.jpg,https://kf.kobotoolbox.org/api/v2/assets/am66CJhKEj8dCTL49UQSNG/data/793014999/attachments/att2tLms3peiQTWGJjGPn9kR/,,,793014999,142e6560-1b9e-45df-8111-bb8c19c9c8c3,2026-06-26T14:45:39+05:30,,,submitted_via_web,,vNRRNU3SyFqnhy2xMWaa4o,,uuid:142e6560-1b9e-45df-8111-bb8c19c9c8c3,214,Bengaluru,Bengaluru,13.039256,77.564449,device_gps,OK
2026-06-26T14:45:22.304000+05:30,2026-06-26T15:02:44.697000+05:30,2026-06-26T14:53:00+05:30,Gowri Apartment (towards Kuvempu Circle),13.039319 77.564266 825.8999633789062 35.854000091552734,13.039319,77.564266,825.8999633789062,35.854000091552734,,Other Metal Bus Shelter (Other than Stainless Steel),Satisfactory – minor wear/dusty but usable,"Set back from the road – against a wall, compound, or building edge",1,0,0,,No,Yes,No,,1 - this is a standalone shelter ,At the bus stop – buses pull up to the shelter/marked stop,1,0,0,0,One Step Out (30 cm to 1 meter): Passengers have to step down onto the road surface first to board.,Footpath available to reach the bus stop from both directions Tactile paving for visually impaired users,1,0,0,0,1,0,0,,"Partially encroached – e.g., vendors, parked two-wheelers, auto-rickshaws, construction material","Yes – signs of standing water, algae, or drainage issues visible","Somewhat safe – some concerns (e.g., poor visibility, isolated location)", No – overcrowded or high number of people standing on the road,Yes – roof is intact and effective,Yes - from both bus shelter AND trees,"Yes – lit by nearby street lights, shop fronts, or advertisement boards","No – sightline is blocked (by structure, advertisement boards, trees, or parked vehicles)",No - poor back support / posture,No – name is missing,No information displayed at all,Seating / bench Dustbin / waste bin,1,0,1,0,0,0,0,0,"Mostly Residential - Housing, Apartments, etc",Yes – advertisements dominate; passenger information is secondary,Dustbin is not properly maintained and it is out of sight. Bus stop is unclean and has a foul stench due to sewage nearby.,"Electronic sign board needed, lighting required. Bus stop is too small for the amount of crowd here at evenings.",1000135119-15_2_28.jpg,https://kf.kobotoolbox.org/api/v2/assets/am66CJhKEj8dCTL49UQSNG/data/793034067/attachments/attysbyCSpQkKJS9MR2i6R7z/,1000135120-15_2_34.jpg,https://kf.kobotoolbox.org/api/v2/assets/am66CJhKEj8dCTL49UQSNG/data/793034067/attachments/att8gKcDFYuPsbeHBCLZKGXj/,1000135123-15_2_38.jpg,https://kf.kobotoolbox.org/api/v2/assets/am66CJhKEj8dCTL49UQSNG/data/793034067/attachments/att6JMG4UzJem3YZyKaRwL45/,1000135122-15_2_42.jpg,https://kf.kobotoolbox.org/api/v2/assets/am66CJhKEj8dCTL49UQSNG/data/793034067/attachments/attTCnhLTf7PKC3p6acF7ZFh/,793034067,92badb21-2950-4c5c-9801-d8a610c72452,2026-06-26T15:02:59+05:30,,,submitted_via_web,,vNRRNU3SyFqnhy2xMWaa4o,,uuid:92badb21-2950-4c5c-9801-d8a610c72452,215,Bengaluru,Bengaluru,13.039319,77.564266,device_gps,OK
2026-06-26T15:02:44.898000+05:30,2026-06-26T15:21:41.642000+05:30,2026-06-26T15:12:00+05:30,Kuvempu Circle (towards BEL circle),13.044857 77.561718 834.5 92.9000015258789,13.044857,77.561718,834.5,92.9000015258789,,No Shelter and No Signboard,,On the road edge / footpath edge – directly adjacent to traffic,0,1,0,,No,No,No,,,Away from the bus stop – buses stop before or beyond the shelter/marked location,0,1,0,0,"Way Out in the Road (More than 1 meter): The bus stops far from the footpath, blocking a lane of traffic, forcing people to walk across active traffic to board the bus",Pedestrian crossing at/close to the bus stop to cross the road?,0,0,0,0,0,1,0,," Yes – fully accessible, no obstructions","Yes – signs of standing water, algae, or drainage issues visible","Unsafe – poorly lit, isolated, or has a history of feeling threatening",,,Yes - sufficient shade from surrounding trees,No – inadequate or no lighting at all,,,,,None of the Above,0,0,0,0,0,0,0,1,"Mostly Institutional - Schools, Hospitals, Govt. Offices, etc",,"There is no bus stop, there is no seating, the pavement is broken, there is no light, there's no marking for the bus to stop, it's not clean and there's garbage around the bus stop, not disability friendly or accessible.",Need bus shelter and signage. Pavement needs to be fixed. There needs to be a clear marking so bus can stop near the bus stand.,1000135124-15_20_48.jpg,https://kf.kobotoolbox.org/api/v2/assets/am66CJhKEj8dCTL49UQSNG/data/793056536/attachments/attBbGYYcsursZDUFGaNJxo3/,1000135128-15_20_52.jpg,https://kf.kobotoolbox.org/api/v2/assets/am66CJhKEj8dCTL49UQSNG/data/793056536/attachments/atteM8DzvQ2og3QcUNidfsqS/,1000135129-15_21_16.jpg,https://kf.kobotoolbox.org/api/v2/assets/am66CJhKEj8dCTL49UQSNG/data/793056536/attachments/attqE79SgFQAAZ73wypQQb8D/,1000135130-15_21_20.jpg,https://kf.kobotoolbox.org/api/v2/assets/am66CJhKEj8dCTL49UQSNG/data/793056536/attachments/attufS6AM8G3upeqg4Zvr3Bu/,793056536,b21197a4-c3da-43b9-bf26-4cd1714bc606,2026-06-26T15:21:57+05:30,,,submitted_via_web,,vNRRNU3SyFqnhy2xMWaa4o,,uuid:b21197a4-c3da-43b9-bf26-4cd1714bc606,216,Bengaluru,Bengaluru,13.044857,77.561718,device_gps,OK
2026-06-26T15:21:41.862000+05:30,2026-06-26T15:40:16.364000+05:30,2026-06-26T15:28:00+05:30,Devasandra (towards CPRI),13.036289 77.566109 837.5999755859375 17.305999755859375,13.036289,77.566109,837.5999755859375,17.305999755859375,,Other Metal Bus Shelter (Other than Stainless Steel),Unclean/Poorly Maintained,"Set back from the road – against a wall, compound, or building edge",1,0,0,,No,No,Yes,,3,At the bus stop – buses pull up to the shelter/marked stop,1,0,0,0,One Step Out (30 cm to 1 meter): Passengers have to step down onto the road surface first to board.,Footpath available to reach the bus stop from both directions,1,0,0,0,0,0,0,," Yes – fully accessible, no obstructions",No – area appears well-drained,"Safe – well-lit, visible, and active surroundings",Yes – adequate space for passengers,Yes – roof is intact and effective,Yes – sufficient shade from the bus shelter,"Yes – lit by nearby street lights, shop fronts, or advertisement boards","No – sightline is blocked (by structure, advertisement boards, trees, or parked vehicles)",No - poor back support / posture,No – name is missing,No information displayed at all,Seating / bench,1,0,0,0,0,0,0,0,"Mixed Use - A mix of commercial/residential/office, etc",Yes – advertisements dominate; passenger information is secondary,"Too many bus stops, back support is dusty, there are way too many posters and no infographic, seating is fragmented and insufficient for the amount of people travelling in this direction","More seating, should be cleaned more often.",1000135132-15_39_48.jpg,https://kf.kobotoolbox.org/api/v2/assets/am66CJhKEj8dCTL49UQSNG/data/793078016/attachments/attrcG5SB23yRufRsWTnWHWz/,1000135131-15_39_52.jpg,https://kf.kobotoolbox.org/api/v2/assets/am66CJhKEj8dCTL49UQSNG/data/793078016/attachments/attXSbHARKb6uAWFCxNTFvjc/,1000135134-15_40_1.jpg,https://kf.kobotoolbox.org/api/v2/assets/am66CJhKEj8dCTL49UQSNG/data/793078016/attachments/attWF9xRCxBoSH5GSoqDHnYK/,1000135135-15_40_5.jpg,https://kf.kobotoolbox.org/api/v2/assets/am66CJhKEj8dCTL49UQSNG/data/793078016/attachments/attbneDFkb9QistbkwWj7R3C/,793078016,b8bc8ee2-39d6-43d3-aec3-b756a7b6fa1a,2026-06-26T15:40:30+05:30,,,submitted_via_web,,vNRRNU3SyFqnhy2xMWaa4o,,uuid:b8bc8ee2-39d6-43d3-aec3-b756a7b6fa1a,217,Bengaluru,Bengaluru,13.036289,77.566109,device_gps,OK
2026-06-26T14:15:12.545000+05:30,2026-06-26T16:05:52.653000+05:30,2026-06-26T15:53:00+05:30,ITI Layout Both sides (towards CPRI and towards Kuvempu circle),13.033632 77.568925 837.5999755859375 12.107000350952148,13.033632,77.568925,837.5999755859375,12.107000350952148,,No Shelter and No Signboard,,On the road edge / footpath edge – directly adjacent to traffic,0,1,0,,No,No,Yes,,,Away from the bus stop – buses stop before or beyond the shelter/marked location,0,1,0,0,One Step Out (30 cm to 1 meter): Passengers have to step down onto the road surface first to board.,Footpath available to reach the bus stop from both directions Pedestrian crossing at/close to the bus stop to cross the road?,1,0,0,0,0,1,0,,"Partially encroached – e.g., vendors, parked two-wheelers, auto-rickshaws, construction material",No – area appears well-drained,"Safe – well-lit, visible, and active surroundings",,,Yes - sufficient shade from surrounding trees,"Yes – lit by nearby street lights, shop fronts, or advertisement boards",,,,,None of the Above,0,0,0,0,0,0,0,1,"Mixed Use - A mix of commercial/residential/office, etc",,"No shelter, no sign of bus stop on both sides, no infographics",Need an official bus stop and signage,20260626_155239-16_4_37.heic,https://kf.kobotoolbox.org/api/v2/assets/am66CJhKEj8dCTL49UQSNG/data/793110035/attachments/attEAyawYuCPtCUbHxiNBGio/,20260626_155247-16_4_44.heic,https://kf.kobotoolbox.org/api/v2/assets/am66CJhKEj8dCTL49UQSNG/data/793110035/attachments/att6B85MA5tshwT7yte4nnuT/,20260626_155251-16_4_49.heic,https://kf.kobotoolbox.org/api/v2/assets/am66CJhKEj8dCTL49UQSNG/data/793110035/attachments/attucXgmzdx6aTsyRHJgMRU3/,,,793110035,896c6f6f-13ca-44fb-9d87-32e004cc4849,2026-06-26T16:06:18+05:30,,,submitted_via_web,,vNRRNU3SyFqnhy2xMWaa4o,,uuid:896c6f6f-13ca-44fb-9d87-32e004cc4849,218,Bengaluru,Bengaluru,13.033632,77.568925,device_gps,OK
2026-06-25T10:16:22.067000+05:30,2026-06-25T15:30:44.703000+05:30,2026-06-25T15:19:00+05:30,Residency Road Bishop Cotton Girls' Highschool/ Bishop Cotton Boys' School,12.967395 77.59939 838.8999633789062 34.685001373291016,12.967395,77.59939,838.8999633789062,34.685001373291016,,Other Metal Bus Shelter (Other than Stainless Steel),Unclean/Poorly Maintained,"Set back from the road – against a wall, compound, or building edge",1,0,0,,Yes,Yes,Yes,Yes - It's free of obstructions and feels safe to use,3,At the bus stop – buses pull up to the shelter/marked stop,1,0,0,0,"Way Out in the Road (More than 1 meter): The bus stops far from the footpath, blocking a lane of traffic, forcing people to walk across active traffic to board the bus","Footpath available to reach the bus stop from both directions Footpath is walkable and free of encroachment like parking, vendors, utility boxes, garbage, etc Pedestrian crossing at/close to the bus stop to cross the road?",1,1,0,0,0,1,0,," Yes – fully accessible, no obstructions",No – area appears well-drained,"Safe – well-lit, visible, and active surroundings", No – overcrowded or high number of people standing on the road,Yes – roof is intact and effective,Partial – some shade but insufficient,Yes – the bus shelter itself has a working light,Yes – clear sightline to see the approaching buses,No - poor back support / posture,Yes – name is prominently visible and legible,No information displayed at all,Seating / bench,1,0,0,0,0,0,0,0,"Mixed Use - A mix of commercial/residential/office, etc",Yes – advertisements dominate; passenger information is secondary,"Busses don't stop at the other two shelters, so there's over crowding at only one. Busses have enough space to stop at curb but they still stop way out in the road, which puts the primary users such as school students at risk of accidents","A working dust bin, wheel chair ramp, information board",1000088311-15_30_1.jpg,https://kf.kobotoolbox.org/api/v2/assets/am66CJhKEj8dCTL49UQSNG/data/793118628/attachments/attXMYe2hUmnswpKWGopDX8g/,1000088315-15_30_6.jpg,https://kf.kobotoolbox.org/api/v2/assets/am66CJhKEj8dCTL49UQSNG/data/793118628/attachments/attd8xDQMpPSXUMGqeEhKcti/,1000088312-15_30_39.jpg,https://kf.kobotoolbox.org/api/v2/assets/am66CJhKEj8dCTL49UQSNG/data/793118628/attachments/attZ8pi4Pn8bgS9EeeV83ocM/,,,793118628,91db3633-4f91-4a4e-885d-31a7df350536,2026-06-26T16:13:16+05:30,,,submitted_via_web,,vNRRNU3SyFqnhy2xMWaa4o,,uuid:91db3633-4f91-4a4e-885d-31a7df350536,219,Bengaluru,Bengaluru,12.967395,77.59939,device_gps,OK
2026-06-26T16:13:58.708000+05:30,2026-06-26T16:19:57.726000+05:30,2026-06-26T16:14:00+05:30,Sri Venkateshwara Nagara,13.074695 77.618978 826.5999755859375 3,13.074695,77.618978,826.5999755859375,3,,No Shelter and No Signboard,,On the road edge / footpath edge – directly adjacent to traffic,0,1,0,,No,No,No,,,Bus stop not clearly marked,0,0,1,0,No footpath available,None of the above,0,0,0,0,0,0,1,," Yes – fully accessible, no obstructions","Yes – signs of standing water, algae, or drainage issues visible","Somewhat safe – some concerns (e.g., poor visibility, isolated location)",,,No – exposed to full sun,No – inadequate or no lighting at all,,,,,None of the Above,0,0,0,0,0,0,0,1,"Mixed Use - A mix of commercial/residential/office, etc",,"There is nothing that signifies this is a busstop other than Google maps saying that it is, I have seen busses stop here but no shelter or sign",A shelter or sign board would be a good start,1000088453-16_19_50.jpg,https://kf.kobotoolbox.org/api/v2/assets/am66CJhKEj8dCTL49UQSNG/data/793130010/attachments/attkmKj4AmeZPDKcercfSLg3/,1000088452-16_19_42.jpg,https://kf.kobotoolbox.org/api/v2/assets/am66CJhKEj8dCTL49UQSNG/data/793130010/attachments/attwwGhzuQ47RkhgscjbejsY/,,,,,793130010,9f043535-6d10-4cc2-9178-2c677f551450,2026-06-26T16:22:34+05:30,,,submitted_via_web,,vNRRNU3SyFqnhy2xMWaa4o,,uuid:9f043535-6d10-4cc2-9178-2c677f551450,220,Bengaluru,Bengaluru,13.074695,77.618978,device_gps,OK
2026-06-26T16:19:57.993000+05:30,2026-06-26T16:29:05.954000+05:30,2026-06-26T16:22:00+05:30,Sri Venkateshwara Nagara Cross,13.071813 77.619079 826.0999755859375 31.652000427246094,13.071813,77.619079,826.0999755859375,31.652000427246094,,Other Metal Bus Shelter (Other than Stainless Steel),Unclean/Poorly Maintained,"Set back from the road – against a wall, compound, or building edge",1,0,0,,No,Yes,Yes,,2,Away from the bus stop – buses stop before or beyond the shelter/marked location,0,1,0,0,One Step Out (30 cm to 1 meter): Passengers have to step down onto the road surface first to board.,Footpath available to reach the bus stop from both directions,1,0,0,0,0,0,0,,"Partially encroached – e.g., vendors, parked two-wheelers, auto-rickshaws, construction material",No – area appears well-drained,"Somewhat safe – some concerns (e.g., poor visibility, isolated location)",Yes – adequate space for passengers,"Yes – but the roof is inadequate (too tall, too small, gaps, or partial coverage)",Partial – some shade but insufficient,"Yes – lit by nearby street lights, shop fronts, or advertisement boards",Yes – clear sightline to see the approaching buses,"Yes - the seating is of the right height, width, and depth to sit comfortably while waiting for the bus",No – name is missing,No information displayed at all,Seating / bench Sufficient seating for the number of people typically waiting,1,1,0,0,0,0,0,0,"Mostly commercial - Retail shops. restaurants, cafes, markets, etc",No advertisements,Not maintained,An information board and some repairs,1000088454-16_27_58.jpg,https://kf.kobotoolbox.org/api/v2/assets/am66CJhKEj8dCTL49UQSNG/data/793137722/attachments/atto8Zj4PLBffpvmk8hVbZRa/,1000088459-16_28_48.jpg,https://kf.kobotoolbox.org/api/v2/assets/am66CJhKEj8dCTL49UQSNG/data/793137722/attachments/att9Lp7yXkwqCCpk9X32gkLw/,1000088456-16_28_57.jpg,https://kf.kobotoolbox.org/api/v2/assets/am66CJhKEj8dCTL49UQSNG/data/793137722/attachments/attaj8TjGkowsTTXipCn7STt/,1000088457-16_29_3.jpg,https://kf.kobotoolbox.org/api/v2/assets/am66CJhKEj8dCTL49UQSNG/data/793137722/attachments/attYhdX9NYxEBHFYkgLVvBYc/,793137722,ad7fabe1-46c0-4487-bee1-d8f9aab2630a,2026-06-26T16:29:09+05:30,,,submitted_via_web,,vNRRNU3SyFqnhy2xMWaa4o,,uuid:ad7fabe1-46c0-4487-bee1-d8f9aab2630a,221,Bengaluru,Bengaluru,13.071813,77.619079,device_gps,OK
2026-06-26T16:29:06.225000+05:30,2026-06-26T16:35:27.499000+05:30,2026-06-26T16:30:00+05:30,"MCEHS LAYOUT, 1ST PHASE, 21ST CROSS",13.070845 77.621328 826.7000122070312 3.799999952316284,13.070845,77.621328,826.7000122070312,3.799999952316284,,"Only ""Bus Stop"" Signboard - No Bus Shelter",,On the road edge / footpath edge – directly adjacent to traffic,0,1,0,,No,No,No,,,At the bus stop – buses pull up to the shelter/marked stop,1,0,0,0,One Step Out (30 cm to 1 meter): Passengers have to step down onto the road surface first to board.,Footpath available to reach the bus stop from both directions,1,0,0,0,0,0,0,," Yes – fully accessible, no obstructions","Yes – signs of standing water, algae, or drainage issues visible","Somewhat safe – some concerns (e.g., poor visibility, isolated location)",,,No – exposed to full sun,"Yes – lit by nearby street lights, shop fronts, or advertisement boards",,,No – name is missing,No information displayed at all,None of the Above,0,0,0,0,0,0,0,1,"Mostly commercial - Retail shops. restaurants, cafes, markets, etc",,"No shelter, footpath hasn't been maintained and is filled with weed",Shelter and information board,1000088461-16_35_4.jpg,https://kf.kobotoolbox.org/api/v2/assets/am66CJhKEj8dCTL49UQSNG/data/793146439/attachments/attbEDASrpHHUEehS7ZK2BFY/,1000088462-16_35_10.jpg,https://kf.kobotoolbox.org/api/v2/assets/am66CJhKEj8dCTL49UQSNG/data/793146439/attachments/attxrvPtmaYXjpsmFeeHhVv2/,,,,,793146439,d1739123-f04a-438e-8b1e-0dae13b26451,2026-06-26T16:35:29+05:30,,,submitted_via_web,,vNRRNU3SyFqnhy2xMWaa4o,,uuid:d1739123-f04a-438e-8b1e-0dae13b26451,222,Bengaluru,Bengaluru,13.070845,77.621328,device_gps,OK
2026-06-26T15:40:16.609000+05:30,2026-06-26T16:41:41.755000+05:30,2026-06-26T16:24:00+05:30,MS Ramaiaha Hospital (towards majestic),13.027279 77.572191 842.5 82.5,13.027279,77.572191,842.5,82.5,,Other Metal Bus Shelter (Other than Stainless Steel),Unclean/Poorly Maintained,"Set back from the road – against a wall, compound, or building edge",1,0,0,,No,No,No,,2,At the bus stop – buses pull up to the shelter/marked stop,1,0,0,0,One Step Out (30 cm to 1 meter): Passengers have to step down onto the road surface first to board.,"Footpath is walkable and free of encroachment like parking, vendors, utility boxes, garbage, etc Pedestrian crossing at/close to the bus stop to cross the road?",0,1,0,0,0,1,0,," Yes – fully accessible, no obstructions",No – area appears well-drained,"Safe – well-lit, visible, and active surroundings", No – overcrowded or high number of people standing on the road,Yes – roof is intact and effective,Yes – sufficient shade from the bus shelter,"Yes – lit by nearby street lights, shop fronts, or advertisement boards",Yes – clear sightline to see the approaching buses,"Yes - the seating is of the right height, width, and depth to sit comfortably while waiting for the bus",No – name is missing,No information displayed at all,Seating / bench,1,0,0,0,0,0,0,0,"Mostly Institutional - Schools, Hospitals, Govt. Offices, etc",Yes – advertisements dominate; passenger information is secondary,"Insufficient seating, crowding; broken pavement, no dustbin, dusty seating. Bus stop is far away from pedestrian crossing. No signage.",Better walkability (fixing broken pavement) and more seating and signage.,1000135145-16_40_55.jpg,https://kf.kobotoolbox.org/api/v2/assets/am66CJhKEj8dCTL49UQSNG/data/793155711/attachments/attervUanPMba3JBtCF6JPiw/,1000135143-16_41_2.jpg,https://kf.kobotoolbox.org/api/v2/assets/am66CJhKEj8dCTL49UQSNG/data/793155711/attachments/att46TRWBjBQv9fHvgdM2VH9/,1000135144-16_41_7.jpg,https://kf.kobotoolbox.org/api/v2/assets/am66CJhKEj8dCTL49UQSNG/data/793155711/attachments/att3RSNJBXTVFid5NghVNXzt/,1000135142-16_41_12.jpg,https://kf.kobotoolbox.org/api/v2/assets/am66CJhKEj8dCTL49UQSNG/data/793155711/attachments/attCX92NQFh4Vz69FVaafvi6/,793155711,85cd59ae-dc10-443e-99ea-ab43bacb0b6f,2026-06-26T16:41:53+05:30,,,submitted_via_web,,vNRRNU3SyFqnhy2xMWaa4o,,uuid:85cd59ae-dc10-443e-99ea-ab43bacb0b6f,223,Bengaluru,Bengaluru,13.027279,77.572191,device_gps,OK
2026-06-26T16:35:27.634000+05:30,2026-06-26T16:42:47.836000+05:30,2026-06-26T16:38:00+05:30,Dr Shivaramakaranth's Residents,13.068876 77.625559 836.5 30.31100082397461,13.068876,77.625559,836.5,30.31100082397461,,"Only ""Bus Stop"" Signboard - No Bus Shelter",,On the road edge / footpath edge – directly adjacent to traffic,0,1,0,,No,No,No,,,At the bus stop – buses pull up to the shelter/marked stop Away from the bus stop – buses stop before or beyond the shelter/marked location,1,1,0,0,One Step Out (30 cm to 1 meter): Passengers have to step down onto the road surface first to board.,None of the above,0,0,0,0,0,0,1,,"Partially encroached – e.g., vendors, parked two-wheelers, auto-rickshaws, construction material",No – area appears well-drained,"Somewhat safe – some concerns (e.g., poor visibility, isolated location)",,,Yes - sufficient shade from surrounding trees,"Yes – lit by nearby street lights, shop fronts, or advertisement boards",,,No – name is missing,No information displayed at all,None of the Above,0,0,0,0,0,0,0,1,"Mostly commercial - Retail shops. restaurants, cafes, markets, etc",,"Footpath is encroached and not maintained well, no ramps",Shelter and information board,1000088463-16_41_45.jpg,https://kf.kobotoolbox.org/api/v2/assets/am66CJhKEj8dCTL49UQSNG/data/793157268/attachments/attksSHnKFtwu46EQvXEm3KF/,1000088464-16_41_52.jpg,https://kf.kobotoolbox.org/api/v2/assets/am66CJhKEj8dCTL49UQSNG/data/793157268/attachments/att66Xd6pdtiFzTNbeqd8NqB/,1000088465-16_41_58.jpg,https://kf.kobotoolbox.org/api/v2/assets/am66CJhKEj8dCTL49UQSNG/data/793157268/attachments/attG5pHo7iTNvxj5wEXeDFHz/,,,793157268,8e7f26f9-acf3-4d4a-9199-74b89f427892,2026-06-26T16:42:51+05:30,,,submitted_via_web,,vNRRNU3SyFqnhy2xMWaa4o,,uuid:8e7f26f9-acf3-4d4a-9199-74b89f427892,224,Bengaluru,Bengaluru,13.068876,77.625559,device_gps,OK
2026-06-26T16:42:47.970000+05:30,2026-06-26T16:49:08.249000+05:30,2026-06-26T16:44:00+05:30,Dr. Shivaramakaranth Nagara,13.068283 77.62897 839.8999633789062 16.535999298095703,13.068283,77.62897,839.8999633789062,16.535999298095703,,"Only ""Bus Stop"" Signboard - No Bus Shelter",,On the road edge / footpath edge – directly adjacent to traffic,0,1,0,,No,No,No,,,At the bus stop – buses pull up to the shelter/marked stop Away from the bus stop – buses stop before or beyond the shelter/marked location,1,1,0,0,One Step Out (30 cm to 1 meter): Passengers have to step down onto the road surface first to board.,Footpath available to reach the bus stop from both directions,1,0,0,0,0,0,0,,"Partially encroached – e.g., vendors, parked two-wheelers, auto-rickshaws, construction material",No – area appears well-drained,"Somewhat safe – some concerns (e.g., poor visibility, isolated location)",,,Partial – some shade but insufficient,No – inadequate or no lighting at all,,,No – name is missing,No information displayed at all,None of the Above,0,0,0,0,0,0,0,1,"Mostly commercial - Office buildings, malls, large stores, etc",,"Encroached footpath, no clear space to stand or sit",Shelter and seeting and information board,1000088467-16_48_47.jpg,https://kf.kobotoolbox.org/api/v2/assets/am66CJhKEj8dCTL49UQSNG/data/793166391/attachments/attmpcPQHPahw4s33RdeXFhn/,1000088468-16_48_54.jpg,https://kf.kobotoolbox.org/api/v2/assets/am66CJhKEj8dCTL49UQSNG/data/793166391/attachments/att8AsvYfdsWeQWS38Mh9obb/,1000088469-16_48_59.jpg,https://kf.kobotoolbox.org/api/v2/assets/am66CJhKEj8dCTL49UQSNG/data/793166391/attachments/attCMN5cobDLXzE9VJsdy3bx/,1000088470-16_49_3.jpg,https://kf.kobotoolbox.org/api/v2/assets/am66CJhKEj8dCTL49UQSNG/data/793166391/attachments/attTNV7XoEJyQkjvWj8ataS4/,793166391,b45adfee-ff95-472b-b5f5-1119aa7af1b4,2026-06-26T16:49:12+05:30,,,submitted_via_web,,vNRRNU3SyFqnhy2xMWaa4o,,uuid:b45adfee-ff95-472b-b5f5-1119aa7af1b4,225,Bengaluru,Bengaluru,13.068283,77.62897,device_gps,OK
2026-06-26T16:49:08.542000+05:30,2026-06-26T16:54:48.146000+05:30,2026-06-26T16:51:00+05:30,K Narayanapura Cross,13.067725 77.633483 836.2000122070312 3.200000047683716,13.067725,77.633483,836.2000122070312,3.200000047683716,,No Shelter and No Signboard,,On the road edge / footpath edge – directly adjacent to traffic,0,1,0,,No,No,No,,,Bus stop not clearly marked,0,0,1,0,One Step Out (30 cm to 1 meter): Passengers have to step down onto the road surface first to board.,Footpath available to reach the bus stop from both directions,1,0,0,0,0,0,0,,Heavily encroached – the stop is largely unusable because of obstructions,No – area appears well-drained,"Safe – well-lit, visible, and active surroundings",,,No – exposed to full sun,"Yes – lit by nearby street lights, shop fronts, or advertisement boards",,,,,None of the Above,0,0,0,0,0,0,0,1,"Mostly commercial - Retail shops. restaurants, cafes, markets, etc",,No proper footpaths,Shelter and cleared up footpath that is accessible,1000088471-16_54_35.jpg,https://kf.kobotoolbox.org/api/v2/assets/am66CJhKEj8dCTL49UQSNG/data/793173451/attachments/attwAEBCkN53PMANf7pzRaZo/,,,,,,,793173451,30162aac-888f-46ec-b702-cbbfab500622,2026-06-26T16:54:50+05:30,,,submitted_via_web,,vNRRNU3SyFqnhy2xMWaa4o,,uuid:30162aac-888f-46ec-b702-cbbfab500622,226,Bengaluru,Bengaluru,13.067725,77.633483,device_gps,OK
2026-06-26T16:41:41.995000+05:30,2026-06-26T16:57:58.078000+05:30,2026-06-26T16:47:00+05:30,Malleshwaram 18th cross (towards Majestic),13.009907 77.56903 861.7000122070312 38.154998779296875,13.009907,77.56903,861.7000122070312,38.154998779296875,,Other Metal Bus Shelter (Other than Stainless Steel), Clean and Well Maintained,"Set back from the road – against a wall, compound, or building edge",1,0,0,,No,No,Yes,,4+,Bus stop not clearly marked,0,0,1,0,One Step Out (30 cm to 1 meter): Passengers have to step down onto the road surface first to board.,Footpath available to reach the bus stop from both directions Pedestrian crossing at/close to the bus stop to cross the road?,1,0,0,0,0,1,0,," Yes – fully accessible, no obstructions",No – area appears well-drained,"Safe – well-lit, visible, and active surroundings",Yes – adequate space for passengers,Yes – roof is intact and effective,Partial – some shade but insufficient,"Yes – lit by nearby street lights, shop fronts, or advertisement boards",Yes – clear sightline to see the approaching buses,"Yes - the seating is of the right height, width, and depth to sit comfortably while waiting for the bus",No – name is missing,No information displayed at all,Seating / bench Sufficient seating for the number of people typically waiting Dustbin / waste bin Public toilet nearby (within eyesight) CCTV camera,1,1,1,0,1,1,0,0,"Mostly Institutional - Schools, Hospitals, Govt. Offices, etc",Yes – advertisements dominate; passenger information is secondary,"Roof of the bus stop is small so insufficient shade, footpath is not wide enough, there is no clear marking for the bus to stop since there are four bus stops back-to-back.","Clear bus marking, inclusion of infographic, cleaning litter within the bus shelter",1000135148-16_57_9.jpg,https://kf.kobotoolbox.org/api/v2/assets/am66CJhKEj8dCTL49UQSNG/data/793177324/attachments/att27BcgP3YvHDJZjrv8Xz4f/,1000135149-16_57_14.jpg,https://kf.kobotoolbox.org/api/v2/assets/am66CJhKEj8dCTL49UQSNG/data/793177324/attachments/attmGYz5GUMNRufmTb3dHWHt/,1000135146-16_57_20.jpg,https://kf.kobotoolbox.org/api/v2/assets/am66CJhKEj8dCTL49UQSNG/data/793177324/attachments/att7AEQA6XrgoqJz4T2KePYU/,1000135147-16_57_41.jpg,https://kf.kobotoolbox.org/api/v2/assets/am66CJhKEj8dCTL49UQSNG/data/793177324/attachments/attkEx7eV7JUSNCkCwATrfEd/,793177324,6197c608-254d-494c-b7c6-a907f1074bc4,2026-06-26T16:58:05+05:30,,,submitted_via_web,,vNRRNU3SyFqnhy2xMWaa4o,,uuid:6197c608-254d-494c-b7c6-a907f1074bc4,227,Bengaluru,Bengaluru,13.009907,77.56903,device_gps,OK
2026-06-26T16:54:48.325000+05:30,2026-06-26T16:59:57.602000+05:30,2026-06-26T16:55:00+05:30,K Narayanapura Cross(towards Yelahanka),13.068982 77.633512 839.2000122070312 16.506999969482422,13.068982,77.633512,839.2000122070312,16.506999969482422,,"Only ""Bus Stop"" Signboard - No Bus Shelter",,On the road edge / footpath edge – directly adjacent to traffic,0,1,0,,No,No,No,,,Away from the bus stop – buses stop before or beyond the shelter/marked location Bus stop not clearly marked,0,1,1,0,"Way Out in the Road (More than 1 meter): The bus stops far from the footpath, blocking a lane of traffic, forcing people to walk across active traffic to board the bus",None of the above,0,0,0,0,0,0,1,,"Partially encroached – e.g., vendors, parked two-wheelers, auto-rickshaws, construction material",No – area appears well-drained,"Somewhat safe – some concerns (e.g., poor visibility, isolated location)",,,No – exposed to full sun,Partially – some light but insufficient,,,No – name is missing,No information displayed at all,None of the Above,0,0,0,0,0,0,0,1,Compound Wall / Dead Edge - No activity near the stop,,"Encroached footpath and road, blocked by vehicles parked",Shelter and or seating,1000088474-16_59_22.jpg,https://kf.kobotoolbox.org/api/v2/assets/am66CJhKEj8dCTL49UQSNG/data/793180005/attachments/att7gQnMVWRPjiCYXb7AERcZ/,1000088477-16_59_40.jpg,https://kf.kobotoolbox.org/api/v2/assets/am66CJhKEj8dCTL49UQSNG/data/793180005/attachments/attWDDLRDvt8Y6GnFs3tMbcr/,1000088476-16_59_37.jpg,https://kf.kobotoolbox.org/api/v2/assets/am66CJhKEj8dCTL49UQSNG/data/793180005/attachments/attUzcUkAyY8LZcpRAY9MNpZ/,,,793180005,43e85999-5073-4d65-b023-42384a9ac24c,2026-06-26T16:59:59+05:30,,,submitted_via_web,,vNRRNU3SyFqnhy2xMWaa4o,,uuid:43e85999-5073-4d65-b023-42384a9ac24c,228,Bengaluru,Bengaluru,13.068982,77.633512,device_gps,OK
2026-06-26T16:59:57.759000+05:30,2026-06-26T17:05:20.278000+05:30,2026-06-26T17:01:00+05:30,K Narayanapura Cross (towards Nagawara),13.068808 77.633505 839.0999755859375 28.83799934387207,13.068808,77.633505,839.0999755859375,28.83799934387207,,No Shelter and No Signboard,,On the road edge / footpath edge – directly adjacent to traffic,0,1,0,,No,No,No,,,Away from the bus stop – buses stop before or beyond the shelter/marked location Bus stop not clearly marked,0,1,1,0,"Way Out in the Road (More than 1 meter): The bus stops far from the footpath, blocking a lane of traffic, forcing people to walk across active traffic to board the bus",None of the above,0,0,0,0,0,0,1,,"Partially encroached – e.g., vendors, parked two-wheelers, auto-rickshaws, construction material",No – area appears well-drained,"Safe – well-lit, visible, and active surroundings",,,No – exposed to full sun,"Yes – lit by nearby street lights, shop fronts, or advertisement boards",,,,,None of the Above,0,0,0,0,0,0,0,1,"Mixed Use - A mix of commercial/residential/office, etc",,"Is set away from the road, commuters would have to cross a busy road to reach the busstop",Signboard and shelter from sun,1000088482-17_5_3.jpg,https://kf.kobotoolbox.org/api/v2/assets/am66CJhKEj8dCTL49UQSNG/data/793186284/attachments/attkjeDjjjNA9fuhNJJFG6NE/,1000088480-17_5_8.jpg,https://kf.kobotoolbox.org/api/v2/assets/am66CJhKEj8dCTL49UQSNG/data/793186284/attachments/attApKhoiCLcXxXZRcmNX2at/,1000088481-17_5_14.jpg,https://kf.kobotoolbox.org/api/v2/assets/am66CJhKEj8dCTL49UQSNG/data/793186284/attachments/attP5pCSeP4asdq8SC6dr2Mn/,,,793186284,df16fb91-6802-4e2d-af0c-2478177e84ea,2026-06-26T17:05:24+05:30,,,submitted_via_web,,vNRRNU3SyFqnhy2xMWaa4o,,uuid:df16fb91-6802-4e2d-af0c-2478177e84ea,229,Bengaluru,Bengaluru,13.068808,77.633505,device_gps,OK
2026-06-26T17:05:20.548000+05:30,2026-06-26T17:17:15.527000+05:30,2026-06-26T17:12:00+05:30,BOOK FACTORY THANISANDRA,13.06181 77.633422 830.2000122070312 22.038000106811523,13.06181,77.633422,830.2000122070312,22.038000106811523,,Other Metal Bus Shelter (Other than Stainless Steel),Satisfactory – minor wear/dusty but usable,"Set back from the road – against a wall, compound, or building edge",1,0,0,,No,Yes,No,,1 - this is a standalone shelter ,At the bus stop – buses pull up to the shelter/marked stop,1,0,0,0,One Step Out (30 cm to 1 meter): Passengers have to step down onto the road surface first to board.,"Footpath available to reach the bus stop from both directions Footpath is walkable and free of encroachment like parking, vendors, utility boxes, garbage, etc",1,1,0,0,0,0,0,," Yes – fully accessible, no obstructions",No – area appears well-drained,"Somewhat safe – some concerns (e.g., poor visibility, isolated location)",Yes – adequate space for passengers,Yes – roof is intact and effective,Partial – some shade but insufficient,"Yes – lit by nearby street lights, shop fronts, or advertisement boards",Yes – clear sightline to see the approaching buses,"Yes - the seating is of the right height, width, and depth to sit comfortably while waiting for the bus",No – name is missing,No information displayed at all,Seating / bench Sufficient seating for the number of people typically waiting,1,1,0,0,0,0,0,0,"Mixed Use - A mix of commercial/residential/office, etc",Yes – advertisements dominate; passenger information is secondary,"Is not maintained well, but it manages to function well compared to the other stops on the route",Cctv and lights,1000088484-17_16_59.jpg,https://kf.kobotoolbox.org/api/v2/assets/am66CJhKEj8dCTL49UQSNG/data/793206102/attachments/attHgCxdccR9dWpTYhxU7FSW/,1000088485-17_16_51.jpg,https://kf.kobotoolbox.org/api/v2/assets/am66CJhKEj8dCTL49UQSNG/data/793206102/attachments/attXzDE6j2H8K3uhRf9XXdBw/,,,1000088487-17_17_8.jpg,https://kf.kobotoolbox.org/api/v2/assets/am66CJhKEj8dCTL49UQSNG/data/793206102/attachments/atteGCF2TG54Xgpw6tdJrrW4/,793206102,e50bd79f-469a-4812-84f0-d263987da8f8,2026-06-26T17:21:09+05:30,,,submitted_via_web,,vNRRNU3SyFqnhy2xMWaa4o,,uuid:e50bd79f-469a-4812-84f0-d263987da8f8,230,Bengaluru,Bengaluru,13.06181,77.633422,device_gps,OK
2026-06-26T17:17:15.756000+05:30,2026-06-26T17:24:04.328000+05:30,2026-06-26T17:21:00+05:30,Thanisandra (towards nagawara),13.055959 77.632829 819.2999877929688 29.992000579833984,13.055959,77.632829,819.2999877929688,29.992000579833984,,No Shelter and No Signboard,,On the road edge / footpath edge – directly adjacent to traffic,0,1,0,,No,Yes,No,,,Away from the bus stop – buses stop before or beyond the shelter/marked location Bus stop not clearly marked,0,1,1,0,One Step Out (30 cm to 1 meter): Passengers have to step down onto the road surface first to board.,Footpath available to reach the bus stop from both directions,1,0,0,0,0,0,0,,"Partially encroached – e.g., vendors, parked two-wheelers, auto-rickshaws, construction material","Yes – signs of standing water, algae, or drainage issues visible","Somewhat safe – some concerns (e.g., poor visibility, isolated location)",,,No – exposed to full sun,"Yes – lit by nearby street lights, shop fronts, or advertisement boards",,,,,None of the Above,0,0,0,0,0,0,0,1,"Mixed Use - A mix of commercial/residential/office, etc",,"Busses seem to stop at random spots near the ""busstop"" because there is no signboard",Shelter and information board,1000088489-17_23_52.jpg,https://kf.kobotoolbox.org/api/v2/assets/am66CJhKEj8dCTL49UQSNG/data/793209729/attachments/attdZiG3NVDrPkfgWZVQEskH/,1000088490-17_24_2.jpg,https://kf.kobotoolbox.org/api/v2/assets/am66CJhKEj8dCTL49UQSNG/data/793209729/attachments/atteikdL2s9HvtBAkDW5NFTB/,,,,,793209729,2b893f74-e98d-408c-a030-492fd9a31c65,2026-06-26T17:24:07+05:30,,,submitted_via_web,,vNRRNU3SyFqnhy2xMWaa4o,,uuid:2b893f74-e98d-408c-a030-492fd9a31c65,231,Bengaluru,Bengaluru,13.055959,77.632829,device_gps,OK
2026-06-26T17:24:04.527000+05:30,2026-06-26T17:28:47.977000+05:30,2026-06-26T17:25:00+05:30,Ashwath Nagara,13.052415 77.631232 817.5 49.40599822998047,13.052415,77.631232,817.5,49.40599822998047,,No Shelter and No Signboard,,"Set back from the road – against a wall, compound, or building edge On the road edge / footpath edge – directly adjacent to traffic",1,1,0,,No,Yes,No,,,At the bus stop – buses pull up to the shelter/marked stop Bus stop not clearly marked,1,0,1,0,One Step Out (30 cm to 1 meter): Passengers have to step down onto the road surface first to board.,Footpath available to reach the bus stop from both directions,1,0,0,0,0,0,0,,"Partially encroached – e.g., vendors, parked two-wheelers, auto-rickshaws, construction material",No – area appears well-drained,"Somewhat safe – some concerns (e.g., poor visibility, isolated location)",,,Partial – some shade but insufficient,"Yes – lit by nearby street lights, shop fronts, or advertisement boards",,,,,None of the Above,0,0,0,0,0,0,0,1,"Mixed Use - A mix of commercial/residential/office, etc",,-,Shelter and seating and information board,1000088491-17_28_27.jpg,https://kf.kobotoolbox.org/api/v2/assets/am66CJhKEj8dCTL49UQSNG/data/793219759/attachments/attMySKY4UqyLacoYcE4sD5g/,1000088492-17_28_34.jpg,https://kf.kobotoolbox.org/api/v2/assets/am66CJhKEj8dCTL49UQSNG/data/793219759/attachments/atthMyqFCtf4hGNBirAGnkhM/,1000088494-17_28_39.jpg,https://kf.kobotoolbox.org/api/v2/assets/am66CJhKEj8dCTL49UQSNG/data/793219759/attachments/atty3X7xcxe5tfCZ2ktkGRi5/,1000088495-17_28_43.jpg,https://kf.kobotoolbox.org/api/v2/assets/am66CJhKEj8dCTL49UQSNG/data/793219759/attachments/attywhzBMk4DBeox2CeTtASu/,793219759,8e5a45b1-a41b-4331-a0b1-a6fd99835aeb,2026-06-26T17:32:42+05:30,,,submitted_via_web,,vNRRNU3SyFqnhy2xMWaa4o,,uuid:8e5a45b1-a41b-4331-a0b1-a6fd99835aeb,232,Bengaluru,Bengaluru,13.052415,77.631232,device_gps,OK
2026-06-26T16:57:58.302000+05:30,2026-06-26T17:34:00.960000+05:30,2026-06-26T17:25:00+05:30,Tata institute (towards Yeshwanthpur),13.014827 77.565441 876.0999755859375 56.099998474121094,13.014827,77.565441,876.0999755859375,56.099998474121094,,No Shelter and No Signboard,,"Set back from the road – against a wall, compound, or building edge",1,0,0,,No,No,No,,,Bus stop not clearly marked,0,0,1,0,No footpath available,Pedestrian crossing at/close to the bus stop to cross the road?,0,0,0,0,0,1,0,," Yes – fully accessible, no obstructions",No – area appears well-drained,"Unsafe – poorly lit, isolated, or has a history of feeling threatening",,,No – exposed to full sun,No – inadequate or no lighting at all,,,,,None of the Above,0,0,0,0,0,0,0,1,Compound Wall / Dead Edge - No activity near the stop,,There is no bus stand. There is crowding when people get down from 276 or 401 series buses. There are no facilities whatsoever. There is no clear marking for where the bus should stop.,"Shelter and bus stand facility, footpath or a safe area for commuters to wait in.",1000135150-17_33_2.jpg,https://kf.kobotoolbox.org/api/v2/assets/am66CJhKEj8dCTL49UQSNG/data/793221362/attachments/attEErDhtzGY34EecXvdgGep/,1000135152-17_33_43.jpg,https://kf.kobotoolbox.org/api/v2/assets/am66CJhKEj8dCTL49UQSNG/data/793221362/attachments/attAEFT9qCf8kshetYqyyB4L/,1000135153-17_33_48.jpg,https://kf.kobotoolbox.org/api/v2/assets/am66CJhKEj8dCTL49UQSNG/data/793221362/attachments/attEKEVDEyNeMUCnAPTqqMGU/,,,793221362,ff5703be-e0bc-4ce3-bc02-cf161eb25358,2026-06-26T17:34:10+05:30,,,submitted_via_web,,vNRRNU3SyFqnhy2xMWaa4o,,uuid:ff5703be-e0bc-4ce3-bc02-cf161eb25358,233,Bengaluru,Bengaluru,13.014827,77.565441,device_gps,OK
2026-06-26T17:28:48.277000+05:30,2026-06-26T17:36:55.422000+05:30,2026-06-26T17:32:00+05:30,Saraipalya (towards Nagawara),13.047408 77.628633 812.0999755859375 26.959999084472656,13.047408,77.628633,812.0999755859375,26.959999084472656,,Other Metal Bus Shelter (Other than Stainless Steel),Unclean/Poorly Maintained,"Set back from the road – against a wall, compound, or building edge",1,0,0,,No,Yes,Yes,,2,At the bus stop – buses pull up to the shelter/marked stop,1,0,0,0,One Step Out (30 cm to 1 meter): Passengers have to step down onto the road surface first to board.,"Footpath available to reach the bus stop from both directions Footpath is walkable and free of encroachment like parking, vendors, utility boxes, garbage, etc Ramp for wheelchair users to access the bus stop Ramp is in usable condition (not too steep, not broken, nor blocked)",1,1,1,1,0,0,0,," Yes – fully accessible, no obstructions",No – area appears well-drained,"Somewhat safe – some concerns (e.g., poor visibility, isolated location)", No – overcrowded or high number of people standing on the road,No – The roof is too damaged or broken to provide shelter,Partial – some shade but insufficient,"Yes – lit by nearby street lights, shop fronts, or advertisement boards",Yes – clear sightline to see the approaching buses,No - the seating is too small to sit comfortably ,No – name is missing,No information displayed at all,Seating / bench,1,0,0,0,0,0,0,0,"Mixed Use - A mix of commercial/residential/office, etc",Yes – advertisements dominate; passenger information is secondary,Poorly maintained,Roof fix and information board,1000088496-17_36_39.jpg,https://kf.kobotoolbox.org/api/v2/assets/am66CJhKEj8dCTL49UQSNG/data/793228526/attachments/attuTLZHzjHQAhP3JMBUwvTW/,1000088497-17_36_46.jpg,https://kf.kobotoolbox.org/api/v2/assets/am66CJhKEj8dCTL49UQSNG/data/793228526/attachments/attw295UoWWZJCY6ek7XfWQR/,1000088498-17_36_49.jpg,https://kf.kobotoolbox.org/api/v2/assets/am66CJhKEj8dCTL49UQSNG/data/793228526/attachments/attco68sQXwWmghHxMEb3dbo/,1000088499-17_36_53.jpg,https://kf.kobotoolbox.org/api/v2/assets/am66CJhKEj8dCTL49UQSNG/data/793228526/attachments/atthDCH9L6PevAbCFnoZdh3S/,793228526,36e8bb79-5a94-4fe3-970c-7f2eb9548b05,2026-06-26T17:40:04+05:30,,,submitted_via_web,,vNRRNU3SyFqnhy2xMWaa4o,,uuid:36e8bb79-5a94-4fe3-970c-7f2eb9548b05,234,Bengaluru,Bengaluru,13.047408,77.628633,device_gps,OK
2026-06-26T17:36:55.660000+05:30,2026-06-26T17:42:53.992000+05:30,2026-06-26T17:38:00+05:30,Vidhyasagara/Elements Mall,13.044617 77.626487 811 3.299999952316284,13.044617,77.626487,811,3.299999952316284,,No Shelter and No Signboard,,On the road edge / footpath edge – directly adjacent to traffic,0,1,0,,No,Yes,No,,,Away from the bus stop – buses stop before or beyond the shelter/marked location Bus stop not clearly marked,0,1,1,0,One Step Out (30 cm to 1 meter): Passengers have to step down onto the road surface first to board.,Footpath available to reach the bus stop from both directions,1,0,0,0,0,0,0,," Yes – fully accessible, no obstructions","Yes – signs of standing water, algae, or drainage issues visible","Somewhat safe – some concerns (e.g., poor visibility, isolated location)",,,No – exposed to full sun,"Yes – lit by nearby street lights, shop fronts, or advertisement boards",,,,,None of the Above,0,0,0,0,0,0,0,1,"Mixed Use - A mix of commercial/residential/office, etc",,Busses sometimes don't stop here,Shelter and signboard and information board,1000088500-17_42_41.jpg,https://kf.kobotoolbox.org/api/v2/assets/am66CJhKEj8dCTL49UQSNG/data/793231965/attachments/attahYnrszkFk5YWgBgBBZ5j/,1000088501-17_42_48.jpg,https://kf.kobotoolbox.org/api/v2/assets/am66CJhKEj8dCTL49UQSNG/data/793231965/attachments/attTzXPADRXTrMc2WzYWAK8a/,1000088502-17_42_51.jpg,https://kf.kobotoolbox.org/api/v2/assets/am66CJhKEj8dCTL49UQSNG/data/793231965/attachments/attaz2dqv9iTtUPrfG6VLosn/,,,793231965,becd8786-2046-45ad-99d4-2ac95668915e,2026-06-26T17:42:56+05:30,,,submitted_via_web,,vNRRNU3SyFqnhy2xMWaa4o,,uuid:becd8786-2046-45ad-99d4-2ac95668915e,235,Bengaluru,Bengaluru,13.044617,77.626487,device_gps,OK
2026-06-26T17:34:01.158000+05:30,2026-06-26T17:47:12.778000+05:30,2026-06-26T17:40:00+05:30,Tata institute (towards Yeshwanthpur and towards Malleshwaram) (2 stops),13.014067 77.566006 875.0999755859375 75.80999755859375,13.014067,77.566006,875.0999755859375,75.80999755859375,,No Shelter and No Signboard,,On the road edge / footpath edge – directly adjacent to traffic,0,1,0,,No,Yes,Yes,,,Bus stop not clearly marked,0,0,1,0,One Step Out (30 cm to 1 meter): Passengers have to step down onto the road surface first to board.,"Footpath available to reach the bus stop from both directions Footpath is walkable and free of encroachment like parking, vendors, utility boxes, garbage, etc Ramp for wheelchair users to access the bus stop Ramp is in usable condition (not too steep, not broken, nor blocked) Pedestrian crossing at/close to the bus stop to cross the road?",1,1,1,1,0,1,0,," Yes – fully accessible, no obstructions",No – area appears well-drained,"Unsafe – poorly lit, isolated, or has a history of feeling threatening",,,No – exposed to full sun,No – inadequate or no lighting at all,,,,,None of the Above,0,0,0,0,0,0,0,1,Compound Wall / Dead Edge - No activity near the stop,,"There is no bus stand. There are two stops: one towards Yeshwanthpur and one towards Malleshwaram. Both of these stops don't have shelter. There is no clear marking for the bus to stop. There are no amenities or facilities. For the stop towards Yeshwanthpur, there is a ramp for wheelchair users but otherwise it is barren and dangerously close to the traffic.","Need shelter, and protection from sun. Proper seating for commuters waiting for a bus.",1000135158-17_46_29.jpg,https://kf.kobotoolbox.org/api/v2/assets/am66CJhKEj8dCTL49UQSNG/data/793236820/attachments/att5QZQnsYVG46jX3CCkkZZt/,1000135157-17_46_8.jpg,https://kf.kobotoolbox.org/api/v2/assets/am66CJhKEj8dCTL49UQSNG/data/793236820/attachments/attNLTSs9ARcu22STo9cfgm5/,1000135156-17_46_38.jpg,https://kf.kobotoolbox.org/api/v2/assets/am66CJhKEj8dCTL49UQSNG/data/793236820/attachments/atthJSwCbBY8KavaGfMXnNYq/,,,793236820,ed333183-3cbb-497e-bf79-0ce9481546d3,2026-06-26T17:47:20+05:30,,,submitted_via_web,,vNRRNU3SyFqnhy2xMWaa4o,,uuid:ed333183-3cbb-497e-bf79-0ce9481546d3,236,Bengaluru,Bengaluru,13.014067,77.566006,device_gps,OK
2026-06-26T17:42:54.226000+05:30,2026-06-26T17:50:25.507000+05:30,2026-06-26T17:46:00+05:30,Vidhyasagara/Elements Mall (towards Yelahanka),13.044401 77.626227 811 20.19700050354004,13.044401,77.626227,811,20.19700050354004,,No Shelter and No Signboard,,On the road edge / footpath edge – directly adjacent to traffic,0,1,0,,Yes,Yes,Yes,Yes - It's free of obstructions and feels safe to use,,Away from the bus stop – buses stop before or beyond the shelter/marked location Bus stop not clearly marked,0,1,1,0,One Step Out (30 cm to 1 meter): Passengers have to step down onto the road surface first to board.,"Footpath available to reach the bus stop from both directions Footpath is walkable and free of encroachment like parking, vendors, utility boxes, garbage, etc Ramp for wheelchair users to access the bus stop Ramp is in usable condition (not too steep, not broken, nor blocked)",1,1,1,1,0,0,0,," Yes – fully accessible, no obstructions","Yes – signs of standing water, algae, or drainage issues visible","Safe – well-lit, visible, and active surroundings",,,No – exposed to full sun,"Yes – lit by nearby street lights, shop fronts, or advertisement boards",,,,,None of the Above,0,0,0,0,0,0,0,1,"Mixed Use - A mix of commercial/residential/office, etc",,"No clear busstop, shelter exists but has been fully encroached and the busstop has also shifted ahead so in the new stop there is no seating or shelter","Shelter, information board",1000088503-17_50_18.jpg,https://kf.kobotoolbox.org/api/v2/assets/am66CJhKEj8dCTL49UQSNG/data/793242595/attachments/attDtkeWJDSjhiaaWnyp8rk3/,1000088505-17_50_23.jpg,https://kf.kobotoolbox.org/api/v2/assets/am66CJhKEj8dCTL49UQSNG/data/793242595/attachments/att5YqJne7daLhZNbE6yjHyL/,,,,,793242595,55cb7ade-53ab-4346-95e7-5f8135c307fc,2026-06-26T17:52:28+05:30,,,submitted_via_web,,vNRRNU3SyFqnhy2xMWaa4o,,uuid:55cb7ade-53ab-4346-95e7-5f8135c307fc,237,Bengaluru,Bengaluru,13.044401,77.626227,device_gps,OK
2026-06-26T17:50:25.680000+05:30,2026-06-26T17:55:53.364000+05:30,2026-06-26T17:52:00+05:30,Saraipalya (towards Yelahanka),13.047586 77.628721 812.2000122070312 11.487000465393066,13.047586,77.628721,812.2000122070312,11.487000465393066,,No Shelter and No Signboard,,On the road edge / footpath edge – directly adjacent to traffic,0,1,0,,No,Yes,No,,,Away from the bus stop – buses stop before or beyond the shelter/marked location Bus stop not clearly marked,0,1,1,0,One Step Out (30 cm to 1 meter): Passengers have to step down onto the road surface first to board.,Footpath available to reach the bus stop from both directions,1,0,0,0,0,0,0,,Heavily encroached – the stop is largely unusable because of obstructions,"Yes – signs of standing water, algae, or drainage issues visible","Somewhat safe – some concerns (e.g., poor visibility, isolated location)",,,No – exposed to full sun,"Yes – lit by nearby street lights, shop fronts, or advertisement boards",,,,,None of the Above,0,0,0,0,0,0,0,1,"Mixed Use - A mix of commercial/residential/office, etc",,Busses stop randomly since there is no specific busstop identifiers,Shelter and information with seating,1000088506-17_55_33.jpg,https://kf.kobotoolbox.org/api/v2/assets/am66CJhKEj8dCTL49UQSNG/data/793246851/attachments/atthFdz6kjVfWV2pQcFzvY8c/,1000088507-17_55_39.jpg,https://kf.kobotoolbox.org/api/v2/assets/am66CJhKEj8dCTL49UQSNG/data/793246851/attachments/attwDzgLEXHYfnRbPyQv4aHQ/,1000088508-17_55_45.jpg,https://kf.kobotoolbox.org/api/v2/assets/am66CJhKEj8dCTL49UQSNG/data/793246851/attachments/attbTSroZDowcTrvWr45dA42/,1000088509-17_55_49.jpg,https://kf.kobotoolbox.org/api/v2/assets/am66CJhKEj8dCTL49UQSNG/data/793246851/attachments/attx7jLdNQ7HPS35wvwbUq4M/,793246851,736b9b39-d411-4218-b29c-3eb5e339b6b5,2026-06-26T17:55:57+05:30,,,submitted_via_web,,vNRRNU3SyFqnhy2xMWaa4o,,uuid:736b9b39-d411-4218-b29c-3eb5e339b6b5,238,Bengaluru,Bengaluru,13.047586,77.628721,device_gps,OK
2026-06-26T17:55:53.650000+05:30,2026-06-26T18:03:04.752000+05:30,2026-06-26T17:59:00+05:30,Ashwath Nagara (towards Yelahanka),13.052283 77.631033 817.0999755859375 19.58799934387207,13.052283,77.631033,817.0999755859375,19.58799934387207,,No Shelter and No Signboard,,On the road edge / footpath edge – directly adjacent to traffic,0,1,0,,No,No,No,,,Bus stop not clearly marked,0,0,1,0,One Step Out (30 cm to 1 meter): Passengers have to step down onto the road surface first to board.,Footpath available to reach the bus stop from both directions,1,0,0,0,0,0,0,,Heavily encroached – the stop is largely unusable because of obstructions,"Yes – signs of standing water, algae, or drainage issues visible","Somewhat safe – some concerns (e.g., poor visibility, isolated location)",,,No – exposed to full sun,"Yes – lit by nearby street lights, shop fronts, or advertisement boards",,,,,None of the Above,0,0,0,0,0,0,0,1,"Mixed Use - A mix of commercial/residential/office, etc",,Encroached and busses don't exactly stop at the busstop,Shelter and seating and information board,1000088510-18_2_48.jpg,https://kf.kobotoolbox.org/api/v2/assets/am66CJhKEj8dCTL49UQSNG/data/793254461/attachments/attn9PXLtiVkMD4oMF3S4f4N/,1000088511-18_2_54.jpg,https://kf.kobotoolbox.org/api/v2/assets/am66CJhKEj8dCTL49UQSNG/data/793254461/attachments/attnbxvqS2En4vYmjAwm9MGk/,1000088512-18_2_58.jpg,https://kf.kobotoolbox.org/api/v2/assets/am66CJhKEj8dCTL49UQSNG/data/793254461/attachments/attQ4Be2mjQtRCjb7Tb34bFn/,1000088513-18_3_1.jpg,https://kf.kobotoolbox.org/api/v2/assets/am66CJhKEj8dCTL49UQSNG/data/793254461/attachments/attTeKPhSThSJ5U7kUNp62cF/,793254461,cfe460ba-87b3-4d7a-8734-83f9b26dba3a,2026-06-26T18:03:08+05:30,,,submitted_via_web,,vNRRNU3SyFqnhy2xMWaa4o,,uuid:cfe460ba-87b3-4d7a-8734-83f9b26dba3a,239,Bengaluru,Bengaluru,13.052283,77.631033,device_gps,OK
2026-06-26T18:03:05.057000+05:30,2026-06-26T18:08:33.151000+05:30,2026-06-26T18:05:00+05:30,Thanisandra (Rachenahalli),13.056002 77.632038 819.0999755859375 15.388999938964844,13.056002,77.632038,819.0999755859375,15.388999938964844,,No Shelter and No Signboard,,On the road edge / footpath edge – directly adjacent to traffic,0,1,0,,No,No,No,,,Away from the bus stop – buses stop before or beyond the shelter/marked location Bus stop not clearly marked,0,1,1,0,"Way Out in the Road (More than 1 meter): The bus stops far from the footpath, blocking a lane of traffic, forcing people to walk across active traffic to board the bus",None of the above,0,0,0,0,0,0,1,,Heavily encroached – the stop is largely unusable because of obstructions,"Yes – signs of standing water, algae, or drainage issues visible","Somewhat safe – some concerns (e.g., poor visibility, isolated location)",,,No – exposed to full sun,"Yes – lit by nearby street lights, shop fronts, or advertisement boards",,,,,None of the Above,0,0,0,0,0,0,0,1,"Mostly commercial - Retail shops. restaurants, cafes, markets, etc",,Fully encroached by parked vehicles and garbage,Shelter but might be stretch since there is no space,1000088515-18_7_52.jpg,https://kf.kobotoolbox.org/api/v2/assets/am66CJhKEj8dCTL49UQSNG/data/793260706/attachments/attzTUopZLCD9FGqgoEj6QVK/,1000088514-18_8_2.jpg,https://kf.kobotoolbox.org/api/v2/assets/am66CJhKEj8dCTL49UQSNG/data/793260706/attachments/attwhWPyFbGjPETKYDQm8UcL/,1000088516-18_8_29.jpg,https://kf.kobotoolbox.org/api/v2/assets/am66CJhKEj8dCTL49UQSNG/data/793260706/attachments/attPuaCbz6eW5xgRJX82AKh3/,,,793260706,78f9c7c0-9e3e-4b6b-b680-2439c9c855fc,2026-06-26T18:08:36+05:30,,,submitted_via_web,,vNRRNU3SyFqnhy2xMWaa4o,,uuid:78f9c7c0-9e3e-4b6b-b680-2439c9c855fc,240,Bengaluru,Bengaluru,13.056002,77.632038,device_gps,OK
2026-06-26T18:08:33.527000+05:30,2026-06-26T18:12:14.571000+05:30,2026-06-26T18:09:00+05:30,Thanisandra towards Yelahanka,13.056239 77.632956 819.2000122070312 20.711000442504883,13.056239,77.632956,819.2000122070312,20.711000442504883,,No Shelter and No Signboard,,On the road edge / footpath edge – directly adjacent to traffic,0,1,0,,No,No,No,,,At the bus stop – buses pull up to the shelter/marked stop Bus stop not clearly marked,1,0,1,0,One Step Out (30 cm to 1 meter): Passengers have to step down onto the road surface first to board.,Footpath available to reach the bus stop from both directions,1,0,0,0,0,0,0,,Heavily encroached – the stop is largely unusable because of obstructions,"Yes – signs of standing water, algae, or drainage issues visible","Somewhat safe – some concerns (e.g., poor visibility, isolated location)",,,No – exposed to full sun,"Yes – lit by nearby street lights, shop fronts, or advertisement boards",,,,,None of the Above,0,0,0,0,0,0,0,1,"Mixed Use - A mix of commercial/residential/office, etc",,-,Shelter and seating with information board,1000088518-18_11_49.jpg,https://kf.kobotoolbox.org/api/v2/assets/am66CJhKEj8dCTL49UQSNG/data/793265350/attachments/att9G6QRfHE8NmikWYrvcogd/,1000088518-18_12_2.jpg,https://kf.kobotoolbox.org/api/v2/assets/am66CJhKEj8dCTL49UQSNG/data/793265350/attachments/attyDXdWd7NzpX4GaCjeky8o/,1000088520-18_12_7.jpg,https://kf.kobotoolbox.org/api/v2/assets/am66CJhKEj8dCTL49UQSNG/data/793265350/attachments/attiRMmNYhwjvnWoAADmHP9i/,1000088521-18_12_11.jpg,https://kf.kobotoolbox.org/api/v2/assets/am66CJhKEj8dCTL49UQSNG/data/793265350/attachments/attwEGoKdbqa7e99rW4XnddE/,793265350,771cbdb2-2f80-4aff-9541-d7f34036ab22,2026-06-26T18:12:17+05:30,,,submitted_via_web,,vNRRNU3SyFqnhy2xMWaa4o,,uuid:771cbdb2-2f80-4aff-9541-d7f34036ab22,241,Bengaluru,Bengaluru,13.056239,77.632956,device_gps,OK
2026-06-26T18:12:14.858000+05:30,2026-06-26T19:19:09.103000+05:30,2026-06-26T19:16:00+05:30,K Narayanapura Cross towards Venkateshwara Nagara,13.067702 77.633312 836.0999755859375 19.14900016784668,13.067702,77.633312,836.0999755859375,19.14900016784668,,No Shelter and No Signboard,,"Set back from the road – against a wall, compound, or building edge",1,0,0,,No,No,No,,,At the bus stop – buses pull up to the shelter/marked stop Away from the bus stop – buses stop before or beyond the shelter/marked location Bus stop not clearly marked,1,1,1,0,One Step Out (30 cm to 1 meter): Passengers have to step down onto the road surface first to board.,Footpath available to reach the bus stop from both directions,1,0,0,0,0,0,0,,"Partially encroached – e.g., vendors, parked two-wheelers, auto-rickshaws, construction material","Yes – signs of standing water, algae, or drainage issues visible","Somewhat safe – some concerns (e.g., poor visibility, isolated location)",,,Partial – some shade but insufficient,No – inadequate or no lighting at all,,,,,None of the Above,0,0,0,0,0,0,0,1,"Mixed Use - A mix of commercial/residential/office, etc",,-,Shelter and information board,1000088528-19_19_2.jpg,https://kf.kobotoolbox.org/api/v2/assets/am66CJhKEj8dCTL49UQSNG/data/793350063/attachments/attshrTCGMQzFqtDdc9mBeZr/,1000088529-19_19_6.jpg,https://kf.kobotoolbox.org/api/v2/assets/am66CJhKEj8dCTL49UQSNG/data/793350063/attachments/attnpqwPqv2cXHu9ksD62Mkk/,,,,,793350063,3f7bfc25-8c68-4646-9b7b-336adb31b216,2026-06-26T19:19:12+05:30,,,submitted_via_web,,vNRRNU3SyFqnhy2xMWaa4o,,uuid:3f7bfc25-8c68-4646-9b7b-336adb31b216,242,Bengaluru,Bengaluru,13.067702,77.633312,device_gps,OK
2026-06-26T19:19:09.248000+05:30,2026-06-26T19:25:01.488000+05:30,2026-06-26T19:22:00+05:30,Dr. Shivaramakaranth Nagara towards Venkateshwara Nagara,13.068294 77.628637 839.5 29,13.068294,77.628637,839.5,29,,No Shelter and No Signboard,,On the road edge / footpath edge – directly adjacent to traffic,0,1,0,,No,No,No,,,Bus stop not clearly marked,0,0,1,0,One Step Out (30 cm to 1 meter): Passengers have to step down onto the road surface first to board.,None of the above,0,0,0,0,0,0,1,,"Partially encroached – e.g., vendors, parked two-wheelers, auto-rickshaws, construction material",No – area appears well-drained,"Somewhat safe – some concerns (e.g., poor visibility, isolated location)",,,Partial – some shade but insufficient,Partially – some light but insufficient,,,,,None of the Above,0,0,0,0,0,0,0,1,"Mixed Use - A mix of commercial/residential/office, etc",,Vendor encroached and garbage filled footpath,Shelter and information board,1000088530-19_24_49.jpg,https://kf.kobotoolbox.org/api/v2/assets/am66CJhKEj8dCTL49UQSNG/data/793357478/attachments/attdcERwBgzKUq9R3zDgGMad/,,,,,,,793357478,3d62f3c5-5b5e-4e15-925a-0ee7337bf44a,2026-06-26T19:25:04+05:30,,,submitted_via_web,,vNRRNU3SyFqnhy2xMWaa4o,,uuid:3d62f3c5-5b5e-4e15-925a-0ee7337bf44a,243,Bengaluru,Bengaluru,13.068294,77.628637,device_gps,OK
2026-06-26T19:25:01.652000+05:30,2026-06-26T19:29:48.967000+05:30,2026-06-26T19:27:00+05:30,Dr. Shivaramakaranth Nagara residents towards Venkateshwara Nagara,13.068852 77.625573 835.5 3.0999999046325684,13.068852,77.625573,835.5,3.0999999046325684,,"Only ""Bus Stop"" Signboard - No Bus Shelter",,On the road edge / footpath edge – directly adjacent to traffic,0,1,0,,No,No,No,,,At the bus stop – buses pull up to the shelter/marked stop Away from the bus stop – buses stop before or beyond the shelter/marked location,1,1,0,0,One Step Out (30 cm to 1 meter): Passengers have to step down onto the road surface first to board.,Footpath available to reach the bus stop from both directions,1,0,0,0,0,0,0,,Heavily encroached – the stop is largely unusable because of obstructions,No – area appears well-drained,"Somewhat safe – some concerns (e.g., poor visibility, isolated location)",,,No – exposed to full sun,Partially – some light but insufficient,,,No – name is missing,No information displayed at all,None of the Above,0,0,0,0,0,0,0,1,"Mixed Use - A mix of commercial/residential/office, etc",,-,Shelter information board,1000088531-19_29_39.jpg,https://kf.kobotoolbox.org/api/v2/assets/am66CJhKEj8dCTL49UQSNG/data/793365597/attachments/attedpEd7um33zyQ8T3KtJ6N/,1000088532-19_29_44.jpg,https://kf.kobotoolbox.org/api/v2/assets/am66CJhKEj8dCTL49UQSNG/data/793365597/attachments/attviJPi5Gop25iMoxYCs4Dm/,1000088533-19_29_47.jpg,https://kf.kobotoolbox.org/api/v2/assets/am66CJhKEj8dCTL49UQSNG/data/793365597/attachments/attvQsk2JsHZ4Pf5gu5ZtVDw/,,,793365597,06a7bd5b-5f25-4fe1-9060-2faa9a7b73df,2026-06-26T19:32:10+05:30,,,submitted_via_web,,vNRRNU3SyFqnhy2xMWaa4o,,uuid:06a7bd5b-5f25-4fe1-9060-2faa9a7b73df,244,Bengaluru,Bengaluru,13.068852,77.625573,device_gps,OK
2026-06-26T19:29:49.104000+05:30,2026-06-26T19:34:12.918000+05:30,2026-06-26T19:32:00+05:30,Venkateshwara Nagara Cross,13.071075 77.620677 826.5 31.659000396728516,13.071075,77.620677,826.5,31.659000396728516,,No Shelter and No Signboard,,On the road edge / footpath edge – directly adjacent to traffic,0,1,0,,No,No,No,,,At the bus stop – buses pull up to the shelter/marked stop Bus stop not clearly marked,1,0,1,0,One Step Out (30 cm to 1 meter): Passengers have to step down onto the road surface first to board.,Footpath available to reach the bus stop from both directions Ramp for wheelchair users to access the bus stop,1,0,1,0,0,0,0,,"Partially encroached – e.g., vendors, parked two-wheelers, auto-rickshaws, construction material",No – area appears well-drained,"Somewhat safe – some concerns (e.g., poor visibility, isolated location)",,,No – exposed to full sun,Partially – some light but insufficient,,,,,None of the Above,0,0,0,0,0,0,0,1,"Mixed Use - A mix of commercial/residential/office, etc",,-,Shelter and information board,1000088534-19_34_10.jpg,https://kf.kobotoolbox.org/api/v2/assets/am66CJhKEj8dCTL49UQSNG/data/793367873/attachments/attKBtzmZ5KmRBfeaAYzv2pq/,,,,,,,793367873,54e472e2-adc3-46b9-82f1-917029c175c6,2026-06-26T19:34:15+05:30,,,submitted_via_web,,vNRRNU3SyFqnhy2xMWaa4o,,uuid:54e472e2-adc3-46b9-82f1-917029c175c6,245,Bengaluru,Bengaluru,13.071075,77.620677,device_gps,OK
2026-06-24T12:34:32.367000+05:30,2026-06-26T22:14:47.950000+05:30,2026-06-26T22:06:00+05:30,Mayo Hall,,,,,,https://maps.app.goo.gl/QcYoKUQAckKMGQaH7,Stainless Steel Bus Shelter, Clean and Well Maintained,"Set back from the road – against a wall, compound, or building edge",1,0,0,,Yes,Yes,Yes,Yes - It's free of obstructions and feels safe to use,1 - this is a standalone shelter ,Unsure / not observed,0,0,0,1,Unsure / not observed,Ramp for wheelchair users to access the bus stop,0,0,1,0,0,0,0,,"Partially encroached – e.g., vendors, parked two-wheelers, auto-rickshaws, construction material",Unsure,"Safe – well-lit, visible, and active surroundings",Unsure,Yes – roof is intact and effective,Yes – sufficient shade from the bus shelter,Yes – the bus shelter itself has a working light,Yes – clear sightline to see the approaching buses,"Yes - the seating is of the right height, width, and depth to sit comfortably while waiting for the bus",No – name is missing,No information displayed at all,Seating / bench,1,0,0,0,0,0,0,0,Compound Wall / Dead Edge - No activity near the stop,No advertisements,"There appears tp be a crashed car kept  (towed and kept perhaps) in front of the stop. While the stop itself is very clean, the area in front of it (a bit near the road) has wrappers, leaves and other garbage. No info on name or routes at the stop. Did not notice any buses coming as it is late.","Clearing the area in front of the stop, and displaying clear abd upto date name and digital bus info.",20260626_220436-22_14_37.jpg,https://kf.kobotoolbox.org/api/v2/assets/am66CJhKEj8dCTL49UQSNG/data/793565097/attachments/att3E6djo2Fp3LTAgFfnvndf/,,,20260626_220450-22_14_45.jpg,https://kf.kobotoolbox.org/api/v2/assets/am66CJhKEj8dCTL49UQSNG/data/793565097/attachments/attLbfxSZNhALwgNYfZzhoU4/,,,793565097,57c2edee-8854-4b34-acd8-d89a1fe854e7,2026-06-26T22:14:52+05:30,,,submitted_via_web,,vNRRNU3SyFqnhy2xMWaa4o,,uuid:57c2edee-8854-4b34-acd8-d89a1fe854e7,246,Bengaluru,Bengaluru,12.971845,77.61059,gmaps_link,OK
2026-06-26T22:14:48.056000+05:30,2026-06-26T22:36:43.613000+05:30,2026-06-26T22:28:00+05:30,Brigade Road (Towards Dairy Circle/Christ College/ Koramangala),,,,,,https://maps.app.goo.gl/QcYoKUQAckKMGQaH7,Temporary/Makeshift Bus Shelter,Unclean/Poorly Maintained,On the road edge / footpath edge – directly adjacent to traffic,0,1,0,,Yes,No,Yes,Yes - It's free of obstructions and feels safe to use,1 - this is a standalone shelter ,Bus stop not clearly marked,0,0,1,0,One Step Out (30 cm to 1 meter): Passengers have to step down onto the road surface first to board.,Footpath available to reach the bus stop from both directions Ramp for wheelchair users to access the bus stop,1,0,1,0,0,0,0,," Yes – fully accessible, no obstructions",Unsure,"Somewhat safe – some concerns (e.g., poor visibility, isolated location)",Yes – adequate space for passengers, No roof at all,No – exposed to full sun,Partially – some light but insufficient,"No – sightline is blocked (by structure, advertisement boards, trees, or parked vehicles)","Yes - the seating is of the right height, width, and depth to sit comfortably while waiting for the bus",No – name is missing,No information displayed at all,Seating / bench Sufficient seating for the number of people typically waiting,1,1,0,0,0,0,0,0,"Mostly commercial - Retail shops. restaurants, cafes, markets, etc",No advertisements,"Brigade Road bus stop, at the Sappers War Memorial, is just some stone and metal benches. Some paltry shade. No info, no amenities, no name or marking except for the people waiting. A bit trashy. Buses generally stop at turning right next to this, and due to unique position, it is fine and doesnt block traffic (see key observation pic for area and path)","Proper shelter, marking, updated digital infoboard.",20260626_222716-22_35_18.jpg,https://kf.kobotoolbox.org/api/v2/assets/am66CJhKEj8dCTL49UQSNG/data/793586797/attachments/att44K7QkHmBKrqEgBH8P84h/,20260626_222734-22_35_24.jpg,https://kf.kobotoolbox.org/api/v2/assets/am66CJhKEj8dCTL49UQSNG/data/793586797/attachments/attuV6jkhVWfV9pRqU2kacKM/,17824935531658113914889356581872-22_36_21.jpg,https://kf.kobotoolbox.org/api/v2/assets/am66CJhKEj8dCTL49UQSNG/data/793586797/attachments/attyXzfqDxJW6G5wUEND6dEN/,,,793586797,1748baaa-2472-4de8-bb84-5d28b682faa2,2026-06-26T22:36:47+05:30,,,submitted_via_web,,vNRRNU3SyFqnhy2xMWaa4o,,uuid:1748baaa-2472-4de8-bb84-5d28b682faa2,247,Bengaluru,Bengaluru,12.971845,77.61059,gmaps_link,OK
2026-06-27T10:19:10.330000+05:30,2026-06-27T10:23:18.767000+05:30,2026-06-27T10:19:00+05:30,Puttanhalli Palya,12.895399 77.581729 916.3045375323842 22.374325561928167,12.895399,77.581729,916.3045375323842,22.374325561928167,,No Shelter and No Signboard,,"Set back from the road – against a wall, compound, or building edge",1,0,0,,No,No,No,,,Away from the bus stop – buses stop before or beyond the shelter/marked location Bus stop not clearly marked,0,1,1,0,"Way Out in the Road (More than 1 meter): The bus stops far from the footpath, blocking a lane of traffic, forcing people to walk across active traffic to board the bus",Footpath available to reach the bus stop from both directions,1,0,0,0,0,0,0,,"Partially encroached – e.g., vendors, parked two-wheelers, auto-rickshaws, construction material","Yes – signs of standing water, algae, or drainage issues visible",Unable to assess (audit done only in daytime),,,Yes - sufficient shade from surrounding trees,Unsure / Not observed,,,,,Drinking water (tap or dispenser),0,0,0,1,0,0,0,0,"Mostly commercial - Retail shops. restaurants, cafes, markets, etc",,There is no clear bus stop marked out. People know this to be a bus stop as they are regular users. There is railing on the footpath making it impossible to directly board the bus from the footpath. One has to get on the road and then board.,Mark out the bus stop and put a signboard.,IMG_1515-10_23_0.jpeg,https://kf.kobotoolbox.org/api/v2/assets/am66CJhKEj8dCTL49UQSNG/data/793875264/attachments/attzCkmiYftJ5fKjBKYrwxoW/,IMG_1518-10_23_5.jpeg,https://kf.kobotoolbox.org/api/v2/assets/am66CJhKEj8dCTL49UQSNG/data/793875264/attachments/attCJa6gNiHQtx8esypDfi56/,IMG_1512-10_23_16.jpeg,https://kf.kobotoolbox.org/api/v2/assets/am66CJhKEj8dCTL49UQSNG/data/793875264/attachments/attpTTLQd5eYRNco7SBKkdNN/,,,793875264,d9cdc8ce-0e1e-413a-b31b-046eb614e419,2026-06-27T10:23:38+05:30,,,submitted_via_web,,vNRRNU3SyFqnhy2xMWaa4o,,uuid:d9cdc8ce-0e1e-413a-b31b-046eb614e419,248,Bengaluru,Bengaluru,12.895399,77.581729,device_gps,OK
2026-06-27T10:23:18.816000+05:30,2026-06-27T10:36:28.307000+05:30,2026-06-27T10:27:00+05:30,Puttenahalli,12.898139 77.582474 904.2640683620316 21.412368763549424,12.898139,77.582474,904.2640683620316,21.412368763549424,,Other Metal Bus Shelter (Other than Stainless Steel),Satisfactory – minor wear/dusty but usable,"Set back from the road – against a wall, compound, or building edge",1,0,0,,No,No,No,,2,Bus stop not clearly marked,0,0,1,0,"Way Out in the Road (More than 1 meter): The bus stops far from the footpath, blocking a lane of traffic, forcing people to walk across active traffic to board the bus",None of the above,0,0,0,0,0,0,1,,"Partially encroached – e.g., vendors, parked two-wheelers, auto-rickshaws, construction material",No – area appears well-drained,Unable to assess (audit done only in daytime), No – overcrowded or high number of people standing on the road,"Yes – but the roof is inadequate (too tall, too small, gaps, or partial coverage)",Partial – some shade but insufficient,No – inadequate or no lighting at all,Yes – clear sightline to see the approaching buses,No - poor back support / posture,Yes – name is prominently visible and legible,Yes – route list is prominently displayed and appears current,Seating / bench,1,0,0,0,0,0,0,0,"Mixed Use - A mix of commercial/residential/office, etc",Yes – advertisements dominate; passenger information is secondary,Multiple people standing on the edge of the road waiting for the bus,The bus stop is broken down floor tiling that needs to be fixed as it poses as a hazard and enough seating for the number of people waiting,image-10_36_1.jpg,https://kf.kobotoolbox.org/api/v2/assets/am66CJhKEj8dCTL49UQSNG/data/793880666/attachments/attdkPsAa5NjfveAgSapT8Kh/,image-10_35_38.jpg,https://kf.kobotoolbox.org/api/v2/assets/am66CJhKEj8dCTL49UQSNG/data/793880666/attachments/attQvLFCZgwHnmBFTVGj4bac/,,,,,793880666,51aa23a3-d84d-4ffb-aaf0-7806e0d2c1ff,2026-06-27T10:36:32+05:30,,,submitted_via_web,,vNRRNU3SyFqnhy2xMWaa4o,,uuid:51aa23a3-d84d-4ffb-aaf0-7806e0d2c1ff,249,Bengaluru,Bengaluru,12.898139,77.582474,device_gps,OK
2026-06-27T10:23:25.677000+05:30,2026-06-27T10:40:37.653000+05:30,2026-06-27T10:23:00+05:30,RBI layout survey,,,,,,https://maps.app.goo.gl/7ZGQiZaqHS7FzhYw8?g_st=ic,Other Metal Bus Shelter (Other than Stainless Steel),Unclean/Poorly Maintained,"Set back from the road – against a wall, compound, or building edge",1,0,0,,Yes,Yes,No,No - It's obstructed due to encroachment ,1 - this is a standalone shelter ,At the bus stop – buses pull up to the shelter/marked stop,1,0,0,0,One Step Out (30 cm to 1 meter): Passengers have to step down onto the road surface first to board.,Footpath available to reach the bus stop from both directions,1,0,0,0,0,0,0,,"Partially encroached – e.g., vendors, parked two-wheelers, auto-rickshaws, construction material",No – area appears well-drained,Unable to assess (audit done only in daytime),Yes – adequate space for passengers,No – The roof is too damaged or broken to provide shelter,Yes – sufficient shade from the bus shelter,No – inadequate or no lighting at all,Yes – clear sightline to see the approaching buses,No seating available,No – name is missing,No information displayed at all,None of the Above,0,0,0,0,0,0,0,1,Other,No advertisements,,,image-10_39_55.jpg,https://kf.kobotoolbox.org/api/v2/assets/am66CJhKEj8dCTL49UQSNG/data/793882143/attachments/attf8UoVeHsKAmkVxS5fvzQs/,image-10_40_10.jpg,https://kf.kobotoolbox.org/api/v2/assets/am66CJhKEj8dCTL49UQSNG/data/793882143/attachments/attdjfazqYNh8NAKrz5GmbUM/,,,,,793882143,14917d39-74e5-4555-a139-d132ac46d64c,2026-06-27T10:40:49+05:30,,,submitted_via_web,,vNRRNU3SyFqnhy2xMWaa4o,,uuid:14917d39-74e5-4555-a139-d132ac46d64c,250,Bengaluru,Bengaluru,12.8881391,77.5821052,gmaps_link,OK
2026-06-27T10:36:28.362000+05:30,2026-06-27T10:41:59.711000+05:30,2026-06-27T10:38:00+05:30,Puttenahalli,12.898188 77.582266 902.8448591241613 4.172068242264544,12.898188,77.582266,902.8448591241613,4.172068242264544,,Other Metal Bus Shelter (Other than Stainless Steel),Satisfactory – minor wear/dusty but usable,"Set back from the road – against a wall, compound, or building edge",1,0,0,,No,No,No,,2,Bus stop not clearly marked,0,0,1,0,"Way Out in the Road (More than 1 meter): The bus stops far from the footpath, blocking a lane of traffic, forcing people to walk across active traffic to board the bus",None of the above,0,0,0,0,0,0,1,,"Partially encroached – e.g., vendors, parked two-wheelers, auto-rickshaws, construction material",Unsure,Unable to assess (audit done only in daytime), No – overcrowded or high number of people standing on the road,"Yes – but the roof is inadequate (too tall, too small, gaps, or partial coverage)",Yes – sufficient shade from the bus shelter,No – inadequate or no lighting at all,Yes – clear sightline to see the approaching buses,No - poor back support / posture,Yes – name is prominently visible and legible,Yes – route list is prominently displayed and appears current,Seating / bench,1,0,0,0,0,0,0,0,"Mixed Use - A mix of commercial/residential/office, etc",Yes – advertisements dominate; passenger information is secondary,There are two bus shelters although no bus stops near the second shelter. Bus stop is not clearly marked and the floor of the bus stop is mud and broken tiles.,Make clear flooring for the bus stop and mark out space for the bus  to stop,image-10_41_24.jpg,https://kf.kobotoolbox.org/api/v2/assets/am66CJhKEj8dCTL49UQSNG/data/793882547/attachments/attdro2SntXtDKEvvttMb295/,image-10_41_39.jpg,https://kf.kobotoolbox.org/api/v2/assets/am66CJhKEj8dCTL49UQSNG/data/793882547/attachments/att9s8vw5PRk7fHXvLhaNHxJ/,image-10_41_54.jpg,https://kf.kobotoolbox.org/api/v2/assets/am66CJhKEj8dCTL49UQSNG/data/793882547/attachments/attgNUaxpmkKKeLMYiZWcQQE/,,,793882547,5d35d2c6-49fa-4ab5-87c6-b0b26a6a9e63,2026-06-27T10:42:04+05:30,,,submitted_via_web,,vNRRNU3SyFqnhy2xMWaa4o,,uuid:5d35d2c6-49fa-4ab5-87c6-b0b26a6a9e63,251,Bengaluru,Bengaluru,12.898188,77.582266,device_gps,OK
2026-06-27T10:40:37.719000+05:30,2026-06-27T10:44:19.879000+05:30,2026-06-27T10:41:00+05:30,[surveyor name removed],,,,,,https://maps.app.goo.gl/gYZV5PBD7X6vvJup6?g_st=ic,No Shelter and No Signboard,,The road/footpath is too narrow ,0,0,1,,No,No,No,,,Bus stop not clearly marked,0,0,1,0,Unsure / not observed,None of the above,0,0,0,0,0,0,1,,Heavily encroached – the stop is largely unusable because of obstructions,"Yes – signs of standing water, algae, or drainage issues visible","Safe – well-lit, visible, and active surroundings",,,No – exposed to full sun,No – inadequate or no lighting at all,,,,,None of the Above,0,0,0,0,0,0,0,1,Other,,,,image-10_44_2.jpg,https://kf.kobotoolbox.org/api/v2/assets/am66CJhKEj8dCTL49UQSNG/data/793883456/attachments/attjyEPzsBEpcdU6JECKoQwx/,,,,,,,793883456,a561dc72-5c96-466a-bfe7-f2b08ecfdef5,2026-06-27T10:44:39+05:30,,,submitted_via_web,,vNRRNU3SyFqnhy2xMWaa4o,,uuid:a561dc72-5c96-466a-bfe7-f2b08ecfdef5,252,Bengaluru,Bengaluru,12.888104,77.5820148,gmaps_link,OK
2026-06-27T10:44:19.938000+05:30,2026-06-27T10:49:56.342000+05:30,2026-06-27T10:47:00+05:30,[surveyor name removed],,,,,,https://maps.app.goo.gl/jEn465mEh7oZGd3e8?g_st=ic,No Shelter and No Signboard,,The road/footpath is too narrow ,0,0,1,,No,No,No,,,Unsure / not observed,0,0,0,1,No footpath available,None of the above,0,0,0,0,0,0,1,,"Partially encroached – e.g., vendors, parked two-wheelers, auto-rickshaws, construction material",No – area appears well-drained,"Safe – well-lit, visible, and active surroundings",,,No – exposed to full sun,"Yes – lit by nearby street lights, shop fronts, or advertisement boards",,,,,None of the Above,0,0,0,0,0,0,0,1,"Mostly commercial - Retail shops. restaurants, cafes, markets, etc",,,,image-10_49_50.jpg,https://kf.kobotoolbox.org/api/v2/assets/am66CJhKEj8dCTL49UQSNG/data/793885287/attachments/attSGLu8QXVor6nBThamTs3q/,,,,,,,793885287,be3d86bf-9eb1-4499-a0e5-24926f1e2bb1,2026-06-27T10:50:15+05:30,,,submitted_via_web,,vNRRNU3SyFqnhy2xMWaa4o,,uuid:be3d86bf-9eb1-4499-a0e5-24926f1e2bb1,253,Bengaluru,Bengaluru,12.8849039,77.5826774,gmaps_link,OK
2026-06-27T10:49:56.390000+05:30,2026-06-27T10:55:11.630000+05:30,2026-06-27T10:50:00+05:30,Not sure,,,,,,https://maps.app.goo.gl/dYmkuscx1qixpnnx5,Stainless Steel Bus Shelter,Satisfactory – minor wear/dusty but usable,On the road edge / footpath edge – directly adjacent to traffic,0,1,0,,No,No,No,,1 - this is a standalone shelter ,At the bus stop – buses pull up to the shelter/marked stop,1,0,0,0,One Step Out (30 cm to 1 meter): Passengers have to step down onto the road surface first to board.,"Footpath available to reach the bus stop from both directions Footpath is walkable and free of encroachment like parking, vendors, utility boxes, garbage, etc",1,1,0,0,0,0,0,," Yes – fully accessible, no obstructions",No – area appears well-drained,"Safe – well-lit, visible, and active surroundings",Yes – adequate space for passengers,Yes – roof is intact and effective,Yes – sufficient shade from the bus shelter,"Yes – lit by nearby street lights, shop fronts, or advertisement boards",Yes – clear sightline to see the approaching buses,"Yes - the seating is of the right height, width, and depth to sit comfortably while waiting for the bus",No – name is missing,No information displayed at all,Seating / bench,1,0,0,0,0,0,0,0,"Mostly commercial - Retail shops. restaurants, cafes, markets, etc",Yes – advertisements dominate; passenger information is secondary,,,image-10_54_40.jpg,https://kf.kobotoolbox.org/api/v2/assets/am66CJhKEj8dCTL49UQSNG/data/793887115/attachments/att5FN8FFYbjfyF3zQZVpekC/,,,,,,,793887115,2c47cd06-0ffc-4203-bd93-b827e3ef370d,2026-06-27T10:55:14+05:30,,,submitted_via_web,,vNRRNU3SyFqnhy2xMWaa4o,,uuid:2c47cd06-0ffc-4203-bd93-b827e3ef370d,254,Bengaluru,Bengaluru,,,,NO_LOCATION
2026-06-27T10:41:59.781000+05:30,2026-06-27T11:00:00.174000+05:30,2026-06-27T10:54:00+05:30,Bandhu u Signal/ JP Nagar 15th Cross,12.907043 77.585744 910.5917108153756 17.47547875197801,12.907043,77.585744,910.5917108153756,17.47547875197801,,Other Metal Bus Shelter (Other than Stainless Steel),Satisfactory – minor wear/dusty but usable,On the road edge / footpath edge – directly adjacent to traffic,0,1,0,,Yes,No,Yes,Yes - It's free of obstructions and feels safe to use,1 - this is a standalone shelter ,At the bus stop – buses pull up to the shelter/marked stop,1,0,0,0,Perfect / Flush (Less than 30 cm): Passengers can step directly from the footpath onto the bus.,Footpath available to reach the bus stop from both directions,1,0,0,0,0,0,0,,"Partially encroached – e.g., vendors, parked two-wheelers, auto-rickshaws, construction material",No – area appears well-drained,Unable to assess (audit done only in daytime), No – overcrowded or high number of people standing on the road,"Yes – but the roof is inadequate (too tall, too small, gaps, or partial coverage)",Yes - from both bus shelter AND trees,Unsure / Not observed,"No – sightline is blocked (by structure, advertisement boards, trees, or parked vehicles)",No - poor back support / posture,No – name is missing,No information displayed at all,Seating / bench,1,0,0,0,0,0,0,0,Other,Yes – advertisements dominate; passenger information is secondary,,"Need a proper signboard and better seating, otherwise there is good space behind the bus stop for people to walk",IMG_1521-10_59_39.jpeg,https://kf.kobotoolbox.org/api/v2/assets/am66CJhKEj8dCTL49UQSNG/data/793888933/attachments/att7nMcfCLvQ5t7dbCDckk2F/,IMG_1522-10_59_49.jpeg,https://kf.kobotoolbox.org/api/v2/assets/am66CJhKEj8dCTL49UQSNG/data/793888933/attachments/attRZbfaMiP9FSD2HQwVw24e/,IMG_1523-10_59_56.jpeg,https://kf.kobotoolbox.org/api/v2/assets/am66CJhKEj8dCTL49UQSNG/data/793888933/attachments/attALGKpdAYcxUArup3hGHYs/,,,793888933,47cef62d-ab9e-431b-9c47-de1f45464b88,2026-06-27T11:00:27+05:30,,,submitted_via_web,,vNRRNU3SyFqnhy2xMWaa4o,,uuid:47cef62d-ab9e-431b-9c47-de1f45464b88,255,Bengaluru,Bengaluru,12.907043,77.585744,device_gps,OK
2026-06-27T10:55:11.676000+05:30,2026-06-27T11:01:46.052000+05:30,2026-06-27T10:58:00+05:30,Navodayanagar,,,,,,https://maps.app.goo.gl/7fhDDPbHSy2xiUoL6?g_st=ic,No Shelter and No Signboard,,The road/footpath is too narrow ,0,0,1,,No,No,No,,,Bus stop not clearly marked,0,0,1,0,"Way Out in the Road (More than 1 meter): The bus stops far from the footpath, blocking a lane of traffic, forcing people to walk across active traffic to board the bus",None of the above,0,0,0,0,0,0,1,,"Partially encroached – e.g., vendors, parked two-wheelers, auto-rickshaws, construction material",No – area appears well-drained,"Safe – well-lit, visible, and active surroundings",,,No – exposed to full sun,"Yes – lit by nearby street lights, shop fronts, or advertisement boards",,,,,None of the Above,0,0,0,0,0,0,0,1,"Mostly commercial - Retail shops. restaurants, cafes, markets, etc",,,,image-11_1_32.jpg,https://kf.kobotoolbox.org/api/v2/assets/am66CJhKEj8dCTL49UQSNG/data/793889468/attachments/attR6iNgwZ5qqPb2Nyo3d6aQ/,,,,,,,793889468,e015562b-fa86-401f-adf9-361f51bbeacf,2026-06-27T11:01:49+05:30,,,submitted_via_web,,vNRRNU3SyFqnhy2xMWaa4o,,uuid:e015562b-fa86-401f-adf9-361f51bbeacf,256,Bengaluru,Bengaluru,12.8813962,77.5839208,gmaps_link,OK
2026-06-27T11:01:46.104000+05:30,2026-06-27T11:06:47.540000+05:30,2026-06-27T11:02:00+05:30,Navodayanagar,,,,,,https://maps.app.goo.gl/XVJzwAPYUcAPd8xcA?g_st=ic,Other Metal Bus Shelter (Other than Stainless Steel),Unclean/Poorly Maintained,"Set back from the road – against a wall, compound, or building edge",1,0,0,,No,Yes,No,,1 - this is a standalone shelter ,At the bus stop – buses pull up to the shelter/marked stop,1,0,0,0,"Way Out in the Road (More than 1 meter): The bus stops far from the footpath, blocking a lane of traffic, forcing people to walk across active traffic to board the bus","Footpath available to reach the bus stop from both directions Footpath is walkable and free of encroachment like parking, vendors, utility boxes, garbage, etc",1,1,0,0,0,0,0,,"Partially encroached – e.g., vendors, parked two-wheelers, auto-rickshaws, construction material",No – area appears well-drained,"Safe – well-lit, visible, and active surroundings",Yes – adequate space for passengers,"Yes – but the roof is inadequate (too tall, too small, gaps, or partial coverage)",Yes - sufficient shade from surrounding trees,"Yes – lit by nearby street lights, shop fronts, or advertisement boards",Yes – clear sightline to see the approaching buses,"Yes - the seating is of the right height, width, and depth to sit comfortably while waiting for the bus",Yes – name is prominently visible and legible,No information displayed at all,Seating / bench,1,0,0,0,0,0,0,0,"Mostly commercial - Retail shops. restaurants, cafes, markets, etc",No advertisements,,,image-11_6_43.jpg,https://kf.kobotoolbox.org/api/v2/assets/am66CJhKEj8dCTL49UQSNG/data/793891044/attachments/attT2MDjyyjQdTXZsuwGUuH4/,,,,,,,793891044,3ea3b007-2951-44ff-90a6-6d2dab3f7faf,2026-06-27T11:06:54+05:30,,,submitted_via_web,,vNRRNU3SyFqnhy2xMWaa4o,,uuid:3ea3b007-2951-44ff-90a6-6d2dab3f7faf,257,Bengaluru,Bengaluru,12.8812489,77.5837329,gmaps_link,OK
2026-06-27T11:00:00.216000+05:30,2026-06-27T11:21:04.618000+05:30,2026-06-27T11:15:00+05:30,RV Dental College,12.911049 77.585695 921.4683250220611 38.21734190421228,12.911049,77.585695,921.4683250220611,38.21734190421228,,Stainless Steel Bus Shelter, Clean and Well Maintained,"Set back from the road – against a wall, compound, or building edge",1,0,0,,No,No,No,,4+,At the bus stop – buses pull up to the shelter/marked stop,1,0,0,0,One Step Out (30 cm to 1 meter): Passengers have to step down onto the road surface first to board.,Footpath available to reach the bus stop from both directions,1,0,0,0,0,0,0,,"Partially encroached – e.g., vendors, parked two-wheelers, auto-rickshaws, construction material",No – area appears well-drained,Unable to assess (audit done only in daytime),Yes – adequate space for passengers,Yes – roof is intact and effective,Yes - from both bus shelter AND trees,Partially – some light but insufficient,"No – sightline is blocked (by structure, advertisement boards, trees, or parked vehicles)",No - poor back support / posture,Yes – name is prominently visible and legible,Yes – route list is prominently displayed and appears current,Seating / bench Sufficient seating for the number of people typically waiting Digital information boards with real time arrival information and service alerts,1,1,0,0,0,0,1,0,"Mostly Institutional - Schools, Hospitals, Govt. Offices, etc",Yes – advertisements present but passenger information is still clearly visible,Seating needs to be of better quality and there is always a police car clearing vehicles From the bus stop,Seating + less vehicles in the front,image-11_21_0.jpg,https://kf.kobotoolbox.org/api/v2/assets/am66CJhKEj8dCTL49UQSNG/data/793896742/attachments/attioKxAUAvh4ZzajJ4R2PWm/,image-11_20_32.jpg,https://kf.kobotoolbox.org/api/v2/assets/am66CJhKEj8dCTL49UQSNG/data/793896742/attachments/attvDWjFd2Ea4T6ZY5z48DQn/,,,,,793896742,29a7a6cb-2adb-4afe-9e8a-34c40b290e9e,2026-06-27T11:21:08+05:30,,,submitted_via_web,,vNRRNU3SyFqnhy2xMWaa4o,,uuid:29a7a6cb-2adb-4afe-9e8a-34c40b290e9e,258,Bengaluru,Bengaluru,12.911049,77.585695,device_gps,OK
2026-06-27T11:21:04.675000+05:30,2026-06-27T11:32:51.825000+05:30,2026-06-27T11:28:00+05:30,JP Nagar 15th Cross (Towards Arrekere),12.910034 77.585712 918.8455433266929 19.946236213612686,12.910034,77.585712,918.8455433266929,19.946236213612686,,Stainless Steel Bus Shelter, Clean and Well Maintained,"Set back from the road – against a wall, compound, or building edge",1,0,0,,No,Yes,No,,1 - this is a standalone shelter ,At the bus stop – buses pull up to the shelter/marked stop,1,0,0,0,Perfect / Flush (Less than 30 cm): Passengers can step directly from the footpath onto the bus.,Footpath available to reach the bus stop from both directions,1,0,0,0,0,0,0,," Yes – fully accessible, no obstructions",No – area appears well-drained,Unable to assess (audit done only in daytime), No – overcrowded or high number of people standing on the road,"Yes – but the roof is inadequate (too tall, too small, gaps, or partial coverage)",Yes - from both bus shelter AND trees,Unsure / Not observed,Yes – clear sightline to see the approaching buses,No - poor back support / posture,"Yes – but faded, small, or difficult to read",No information displayed at all,Seating / bench Dustbin / waste bin,1,0,1,0,0,0,0,0,"Mostly Institutional - Schools, Hospitals, Govt. Offices, etc",Yes – advertisements dominate; passenger information is secondary,There is no signage or board for name of bus stop.,Needs proper signage and seating,image-11_32_23.jpg,https://kf.kobotoolbox.org/api/v2/assets/am66CJhKEj8dCTL49UQSNG/data/793901332/attachments/att4LRxPzXjXpGJZcHLxvAK4/,image-11_32_41.jpg,https://kf.kobotoolbox.org/api/v2/assets/am66CJhKEj8dCTL49UQSNG/data/793901332/attachments/attRj3g4ubaWvTCEMxG4JVoA/,,,,,793901332,fff9ff18-6f13-4adb-81f4-92759ec45c2c,2026-06-27T11:32:56+05:30,,,submitted_via_web,,vNRRNU3SyFqnhy2xMWaa4o,,uuid:fff9ff18-6f13-4adb-81f4-92759ec45c2c,259,Bengaluru,Bengaluru,12.910034,77.585712,device_gps,OK
2026-06-25T10:14:01.737000+05:30,2026-06-27T14:59:34.583000+05:30,2026-06-27T14:52:00+05:30,Jal Bhavan,12.8907426 77.6175616 827.7000122070312 5.800000190734863,12.8907426,77.6175616,827.7000122070312,5.800000190734863,,No Shelter and No Signboard,,"Set back from the road – against a wall, compound, or building edge On the road edge / footpath edge – directly adjacent to traffic",1,1,0,,No,No,No,,,Away from the bus stop – buses stop before or beyond the shelter/marked location Bus stop not clearly marked,0,1,1,0,"Way Out in the Road (More than 1 meter): The bus stops far from the footpath, blocking a lane of traffic, forcing people to walk across active traffic to board the bus",Footpath available to reach the bus stop from both directions,1,0,0,0,0,0,0,,Heavily encroached – the stop is largely unusable because of obstructions,"Yes – signs of standing water, algae, or drainage issues visible","Unsafe – poorly lit, isolated, or has a history of feeling threatening",,,No – exposed to full sun,No – inadequate or no lighting at all,,,,,None of the Above,0,0,0,0,0,0,0,1,Other,,It's right on the footparh without any signage or shelter of the stop. So almost no buses stops here. Plus it's all in middle of a dumpward.,"A proper signage, shelter and seating. And above all, free of waste dumps",1000045172-14_59_21.jpg,https://kf.kobotoolbox.org/api/v2/assets/am66CJhKEj8dCTL49UQSNG/data/794024349/attachments/attWUMeEAhkYBTJAPoFyZBEa/,1000045171-14_59_25.jpg,https://kf.kobotoolbox.org/api/v2/assets/am66CJhKEj8dCTL49UQSNG/data/794024349/attachments/att5dGrJ4p3JqVe8M9VVwQZ7/,1000045170-14_59_31.jpg,https://kf.kobotoolbox.org/api/v2/assets/am66CJhKEj8dCTL49UQSNG/data/794024349/attachments/attGihGujpjYpqG6ptXhsogi/,,,794024349,b3f2f978-279a-4dad-9393-b9aa146be483,2026-06-27T14:59:45+05:30,,,submitted_via_web,,vNRRNU3SyFqnhy2xMWaa4o,,uuid:b3f2f978-279a-4dad-9393-b9aa146be483,260,Bengaluru,Bengaluru,12.8907426,77.6175616,device_gps,OK
2026-06-27T14:59:34.854000+05:30,2026-06-27T16:51:54.526000+05:30,2026-06-27T10:44:00+05:30,Arakere Gate (towards KBS),12.8905639 77.5980757 0 0,12.8905639,77.5980757,0,0,,No Shelter and No Signboard,,On the road edge / footpath edge – directly adjacent to traffic,0,1,0,,No,No,No,,,At the bus stop – buses pull up to the shelter/marked stop,1,0,0,0,"Way Out in the Road (More than 1 meter): The bus stops far from the footpath, blocking a lane of traffic, forcing people to walk across active traffic to board the bus",None of the above,0,0,0,0,0,0,1,,"Partially encroached – e.g., vendors, parked two-wheelers, auto-rickshaws, construction material",No – area appears well-drained,"Unsafe – poorly lit, isolated, or has a history of feeling threatening",,,No – exposed to full sun,No – inadequate or no lighting at all,,,,,None of the Above,0,0,0,0,0,0,0,1,"Mostly commercial - Retail shops. restaurants, cafes, markets, etc",,"Right below the traffic light, the buses stop but only if there are people to alight.","A shelter, proper pavement or footpath and free of enchroachments",1000044877-16_51_32.jpg,https://kf.kobotoolbox.org/api/v2/assets/am66CJhKEj8dCTL49UQSNG/data/794116006/attachments/attona6kEVXd9TuDznvdCCVX/,1000044876-16_51_44.jpg,https://kf.kobotoolbox.org/api/v2/assets/am66CJhKEj8dCTL49UQSNG/data/794116006/attachments/atteiLnygbny28XxvwMhRLAW/,1000044875-16_51_52.jpg,https://kf.kobotoolbox.org/api/v2/assets/am66CJhKEj8dCTL49UQSNG/data/794116006/attachments/attz3gsRKhb4gesogXQJ8iCs/,,,794116006,2226f1b9-92dc-4f11-8d6e-36c88d3d04ff,2026-06-27T16:53:29+05:30,,,submitted_via_web,,vNRRNU3SyFqnhy2xMWaa4o,,uuid:2226f1b9-92dc-4f11-8d6e-36c88d3d04ff,261,Bengaluru,Bengaluru,12.8905639,77.5980757,device_gps,OK
2026-06-27T17:04:44.364000+05:30,2026-06-27T17:09:57.796000+05:30,2026-06-27T17:04:00+05:30,"Hiranandani Apartment,Yelenahalli",12.882883 77.629785 0 2000,12.882883,77.629785,0,2000,,Stainless Steel Bus Shelter,Satisfactory – minor wear/dusty but usable,On the road edge / footpath edge – directly adjacent to traffic,0,1,0,,Yes,Yes,Yes,Yes - It's free of obstructions and feels safe to use,1 - this is a standalone shelter ,At the bus stop – buses pull up to the shelter/marked stop,1,0,0,0,Perfect / Flush (Less than 30 cm): Passengers can step directly from the footpath onto the bus.,"Footpath available to reach the bus stop from both directions Footpath is walkable and free of encroachment like parking, vendors, utility boxes, garbage, etc Pedestrian crossing at/close to the bus stop to cross the road?",1,1,0,0,0,1,0,," Yes – fully accessible, no obstructions",No – area appears well-drained,"Somewhat safe – some concerns (e.g., poor visibility, isolated location)",Yes – adequate space for passengers,Yes – roof is intact and effective,Yes – sufficient shade from the bus shelter,No – inadequate or no lighting at all,Yes – clear sightline to see the approaching buses,"Yes - the seating is of the right height, width, and depth to sit comfortably while waiting for the bus",Yes – name is prominently visible and legible,No information displayed at all,Seating / bench Sufficient seating for the number of people typically waiting,1,1,0,0,0,0,0,0,"Mostly commercial - Retail shops. restaurants, cafes, markets, etc",No advertisements,Stainless steel,An ad hoarding behind to cover the backside,1000172537-17_9_54.jpg,https://kf.kobotoolbox.org/api/v2/assets/am66CJhKEj8dCTL49UQSNG/data/794129523/attachments/attwEUkqkzZvuquvEt74T9hF/,1000172536-17_9_27.jpg,https://kf.kobotoolbox.org/api/v2/assets/am66CJhKEj8dCTL49UQSNG/data/794129523/attachments/attZ7sszbhZN9cJt342wR2md/,,,,,794129523,d4d6f3d2-2280-4e5f-9d01-fb6826f8c9c7,2026-06-27T17:10:01+05:30,,,submitted_via_web,,vNRRNU3SyFqnhy2xMWaa4o,,uuid:d4d6f3d2-2280-4e5f-9d01-fb6826f8c9c7,262,Bengaluru,Bengaluru,12.882883,77.629785,device_gps,OK
2026-06-27T17:09:58.033000+05:30,2026-06-27T17:22:03.199000+05:30,2026-06-27T17:19:00+05:30,Shantiniketan layout,12.882883 77.629785 0 2000,12.882883,77.629785,0,2000,,Other Metal Bus Shelter (Other than Stainless Steel),Unclean/Poorly Maintained,"Set back from the road – against a wall, compound, or building edge",1,0,0,,No,Yes,No,,1 - this is a standalone shelter ,At the bus stop – buses pull up to the shelter/marked stop,1,0,0,0,Perfect / Flush (Less than 30 cm): Passengers can step directly from the footpath onto the bus.,None of the above,0,0,0,0,0,0,1,,"Partially encroached – e.g., vendors, parked two-wheelers, auto-rickshaws, construction material",No – area appears well-drained,"Somewhat safe – some concerns (e.g., poor visibility, isolated location)",Yes – adequate space for passengers,Yes – roof is intact and effective,Yes – sufficient shade from the bus shelter,"Yes – lit by nearby street lights, shop fronts, or advertisement boards",Yes – clear sightline to see the approaching buses,"Yes - the seating is of the right height, width, and depth to sit comfortably while waiting for the bus",Yes – name is prominently visible and legible,No information displayed at all,Seating / bench Sufficient seating for the number of people typically waiting,1,1,0,0,0,0,0,0,"Mostly commercial - Retail shops. restaurants, cafes, markets, etc",Yes – advertisements dominate; passenger information is secondary,,,1000172538-17_21_48.jpg,https://kf.kobotoolbox.org/api/v2/assets/am66CJhKEj8dCTL49UQSNG/data/794139855/attachments/attP8drw53wPoG3XWwKzmCDv/,1000172539-17_21_52.jpg,https://kf.kobotoolbox.org/api/v2/assets/am66CJhKEj8dCTL49UQSNG/data/794139855/attachments/attndKhAim4hibDNjVUqPSEa/,,,,,794139855,c05c7f84-6470-46d0-a0f0-ae1165b84390,2026-06-27T17:22:09+05:30,,,submitted_via_web,,vNRRNU3SyFqnhy2xMWaa4o,,uuid:c05c7f84-6470-46d0-a0f0-ae1165b84390,263,Bengaluru,Bengaluru,12.882883,77.629785,device_gps,OK
2026-06-27T17:22:03.284000+05:30,2026-06-27T17:35:43.824000+05:30,2026-06-27T17:33:00+05:30,B.P.L,12.882883 77.611301 0 2000,12.882883,77.611301,0,2000,,Stainless Steel Bus Shelter,Satisfactory – minor wear/dusty but usable,"Set back from the road – against a wall, compound, or building edge",1,0,0,,No,Yes,Yes,,2,At the bus stop – buses pull up to the shelter/marked stop,1,0,0,0,Perfect / Flush (Less than 30 cm): Passengers can step directly from the footpath onto the bus.,"Footpath available to reach the bus stop from both directions Footpath is walkable and free of encroachment like parking, vendors, utility boxes, garbage, etc",1,1,0,0,0,0,0,," Yes – fully accessible, no obstructions",No – area appears well-drained,"Safe – well-lit, visible, and active surroundings",Yes – adequate space for passengers,Yes – roof is intact and effective,Yes – sufficient shade from the bus shelter,"Yes – lit by nearby street lights, shop fronts, or advertisement boards",Yes – clear sightline to see the approaching buses,"Yes - the seating is of the right height, width, and depth to sit comfortably while waiting for the bus",Yes – name is prominently visible and legible,No information displayed at all,Seating / bench Sufficient seating for the number of people typically waiting,1,1,0,0,0,0,0,0,"Mostly commercial - Retail shops. restaurants, cafes, markets, etc",Yes – advertisements present but passenger information is still clearly visible,Set on Bannerghatta Road,,1000172549-17_35_38.jpg,https://kf.kobotoolbox.org/api/v2/assets/am66CJhKEj8dCTL49UQSNG/data/794151892/attachments/attqztokXLbfHYaxN97gg8Tw/,1000172550-17_35_41.jpg,https://kf.kobotoolbox.org/api/v2/assets/am66CJhKEj8dCTL49UQSNG/data/794151892/attachments/attX2pQNrdSDe8TzzzsfXLkC/,,,,,794151892,9873a491-2690-40ba-9630-85c06e47e6a3,2026-06-27T17:35:47+05:30,,,submitted_via_web,,vNRRNU3SyFqnhy2xMWaa4o,,uuid:9873a491-2690-40ba-9630-85c06e47e6a3,264,Bengaluru,Bengaluru,12.882883,77.611301,device_gps,OK
2026-06-25T12:40:20.500000+05:30,2026-06-27T18:35:43.733000+05:30,2026-06-27T18:29:00+05:30,Jayangar 4th block (towards 5th block),,,,,,https://maps.app.goo.gl/PSSjm3bmV6jtR5tRA,Other Metal Bus Shelter (Other than Stainless Steel),Unclean/Poorly Maintained,"Set back from the road – against a wall, compound, or building edge",1,0,0,,No,No,No,,4+,At the bus stop – buses pull up to the shelter/marked stop,1,0,0,0,One Step Out (30 cm to 1 meter): Passengers have to step down onto the road surface first to board.,Footpath available to reach the bus stop from both directions,1,0,0,0,0,0,0,,"Partially encroached – e.g., vendors, parked two-wheelers, auto-rickshaws, construction material",No – area appears well-drained,"Safe – well-lit, visible, and active surroundings",Yes – adequate space for passengers,"Yes – but the roof is inadequate (too tall, too small, gaps, or partial coverage)",Yes - sufficient shade from surrounding trees,Partially – some light but insufficient,Yes – clear sightline to see the approaching buses,No - the seating is too high ,"Yes – but faded, small, or difficult to read","Yes – but information is unclear, faded, or partially missing",None of the Above,0,0,0,0,0,0,0,1,"Mixed Use - A mix of commercial/residential/office, etc",Yes – advertisements dominate; passenger information is secondary,,,1000166439-18_34_59.jpg,https://kf.kobotoolbox.org/api/v2/assets/am66CJhKEj8dCTL49UQSNG/data/794199632/attachments/attAPT45Pvww9xpo7EMoXHTF/,1000166421-18_35_10.jpg,https://kf.kobotoolbox.org/api/v2/assets/am66CJhKEj8dCTL49UQSNG/data/794199632/attachments/attSFy4nDzsq4owmicHF42hd/,1000166411-18_35_26.jpg,https://kf.kobotoolbox.org/api/v2/assets/am66CJhKEj8dCTL49UQSNG/data/794199632/attachments/attQXSAz7agc9h9jm5wbf3Jj/,1000166422-18_35_40.jpg,https://kf.kobotoolbox.org/api/v2/assets/am66CJhKEj8dCTL49UQSNG/data/794199632/attachments/attZ3Hz3njXxLxNhz84ivXmF/,794199632,7155af95-2ceb-4c3c-b647-8db780d13851,2026-06-27T18:35:49+05:30,,,submitted_via_web,,vNRRNU3SyFqnhy2xMWaa4o,,uuid:7155af95-2ceb-4c3c-b647-8db780d13851,265,Bengaluru,Bengaluru,12.927598,77.583618,gmaps_link,OK
2026-06-27T18:35:44.007000+05:30,2026-06-27T18:39:56.653000+05:30,2026-06-27T18:36:00+05:30,Jayangar 4th block (towards 3rd block),,,,,,https://maps.app.goo.gl/GT3k7QPBBYzxq2wc7?g_st=ac,Other Metal Bus Shelter (Other than Stainless Steel),Satisfactory – minor wear/dusty but usable,On the road edge / footpath edge – directly adjacent to traffic,0,1,0,,No,No,No,,2,At the bus stop – buses pull up to the shelter/marked stop,1,0,0,0,One Step Out (30 cm to 1 meter): Passengers have to step down onto the road surface first to board.,Footpath available to reach the bus stop from both directions,1,0,0,0,0,0,0,,"Partially encroached – e.g., vendors, parked two-wheelers, auto-rickshaws, construction material",No – area appears well-drained,"Safe – well-lit, visible, and active surroundings",Yes – adequate space for passengers,"Yes – but the roof is inadequate (too tall, too small, gaps, or partial coverage)",Yes - from both bus shelter AND trees,Partially – some light but insufficient,Yes – clear sightline to see the approaching buses,"Yes - the seating is of the right height, width, and depth to sit comfortably while waiting for the bus",Yes – name is prominently visible and legible,No information displayed at all,Seating / bench,1,0,0,0,0,0,0,0,"Mixed Use - A mix of commercial/residential/office, etc",Yes – advertisements dominate; passenger information is secondary,,,1000166408-18_39_23.jpg,https://kf.kobotoolbox.org/api/v2/assets/am66CJhKEj8dCTL49UQSNG/data/794202959/attachments/attUXJLAxAkFUWCFnVNpu4Xb/,1000166435-18_39_31.jpg,https://kf.kobotoolbox.org/api/v2/assets/am66CJhKEj8dCTL49UQSNG/data/794202959/attachments/attzw4quPTibAds7grga5meL/,1000166437-18_39_42.jpg,https://kf.kobotoolbox.org/api/v2/assets/am66CJhKEj8dCTL49UQSNG/data/794202959/attachments/att4uPvsxVc8j8VcjTxDbTwx/,1000166438-18_39_54.jpg,https://kf.kobotoolbox.org/api/v2/assets/am66CJhKEj8dCTL49UQSNG/data/794202959/attachments/attcW9mRndz4kDaf6NGgArYa/,794202959,48b6f56e-598b-4a64-95a3-ac624c066ee6,2026-06-27T18:40:01+05:30,,,submitted_via_web,,vNRRNU3SyFqnhy2xMWaa4o,,uuid:48b6f56e-598b-4a64-95a3-ac624c066ee6,266,Bengaluru,Bengaluru,12.92795,77.583456,gmaps_link,OK
2026-06-27T18:39:56.847000+05:30,2026-06-27T18:46:23.528000+05:30,2026-06-27T18:40:00+05:30,Madhavan park ( towards lalbagh),,,,,,https://maps.app.goo.gl/boJ8DEJqVVETwTmt7,Other Metal Bus Shelter (Other than Stainless Steel), Clean and Well Maintained,On the road edge / footpath edge – directly adjacent to traffic,0,1,0,,Yes,No,No,Yes - It's free of obstructions and feels safe to use,1 - this is a standalone shelter ,At the bus stop – buses pull up to the shelter/marked stop,1,0,0,0,One Step Out (30 cm to 1 meter): Passengers have to step down onto the road surface first to board.,Footpath available to reach the bus stop from both directions Tactile paving for visually impaired users,1,0,0,0,1,0,0,,"Partially encroached – e.g., vendors, parked two-wheelers, auto-rickshaws, construction material",No – area appears well-drained,"Safe – well-lit, visible, and active surroundings",Yes – adequate space for passengers,"Yes – but the roof is inadequate (too tall, too small, gaps, or partial coverage)",Yes - from both bus shelter AND trees,"Yes – lit by nearby street lights, shop fronts, or advertisement boards",Yes – clear sightline to see the approaching buses,"Yes - the seating is of the right height, width, and depth to sit comfortably while waiting for the bus",Yes – name is prominently visible and legible,"Yes – but information is unclear, faded, or partially missing",Seating / bench,1,0,0,0,0,0,0,0,"Mixed Use - A mix of commercial/residential/office, etc",Yes – advertisements dominate; passenger information is secondary,,,1000166282-18_45_53.jpg,https://kf.kobotoolbox.org/api/v2/assets/am66CJhKEj8dCTL49UQSNG/data/794208380/attachments/attt529i3xf9i24wCJSPXnfJ/,1000166267-18_46_8.jpg,https://kf.kobotoolbox.org/api/v2/assets/am66CJhKEj8dCTL49UQSNG/data/794208380/attachments/attyxCwHpuaetDUC9geWRctM/,1000166264-18_46_19.jpg,https://kf.kobotoolbox.org/api/v2/assets/am66CJhKEj8dCTL49UQSNG/data/794208380/attachments/attfS4dQVFs6MS5WraCF2cp4/,,,794208380,2b9d70fb-e426-4055-b1e2-ad812b905c87,2026-06-27T18:46:28+05:30,,,submitted_via_web,,vNRRNU3SyFqnhy2xMWaa4o,,uuid:2b9d70fb-e426-4055-b1e2-ad812b905c87,267,Bengaluru,Bengaluru,12.93626,77.583922,gmaps_link,OK
2026-06-27T18:46:23.736000+05:30,2026-06-27T19:34:04.726000+05:30,2026-06-27T19:23:00+05:30,Vijaya high school ( towards south end),,,,,,https://maps.app.goo.gl/qdomp3zxZ4SK81vj6?g_st=ac,Other Metal Bus Shelter (Other than Stainless Steel), Clean and Well Maintained,On the road edge / footpath edge – directly adjacent to traffic,0,1,0,,Yes,Yes,Yes,Yes - It's free of obstructions and feels safe to use,1 - this is a standalone shelter ,At the bus stop – buses pull up to the shelter/marked stop,1,0,0,0,One Step Out (30 cm to 1 meter): Passengers have to step down onto the road surface first to board.,"Footpath available to reach the bus stop from both directions Footpath is walkable and free of encroachment like parking, vendors, utility boxes, garbage, etc Ramp for wheelchair users to access the bus stop Ramp is in usable condition (not too steep, not broken, nor blocked)",1,1,1,1,0,0,0,," Yes – fully accessible, no obstructions",No – area appears well-drained,"Safe – well-lit, visible, and active surroundings",Yes – adequate space for passengers,"Yes – but the roof is inadequate (too tall, too small, gaps, or partial coverage)",Yes - from both bus shelter AND trees,Partially – some light but insufficient,Yes – clear sightline to see the approaching buses,"Yes - the seating is of the right height, width, and depth to sit comfortably while waiting for the bus","Yes – but faded, small, or difficult to read",Yes – route list is prominently displayed and appears current,Seating / bench Sufficient seating for the number of people typically waiting Digital information boards with real time arrival information and service alerts,1,1,0,0,0,0,1,0,"Mostly Institutional - Schools, Hospitals, Govt. Offices, etc",Yes – advertisements present but passenger information is still clearly visible,,,1000166297-19_33_15.jpg,https://kf.kobotoolbox.org/api/v2/assets/am66CJhKEj8dCTL49UQSNG/data/794246687/attachments/att5wfEu4mjSEk6uozyPm4oh/,1000166299-19_33_26.jpg,https://kf.kobotoolbox.org/api/v2/assets/am66CJhKEj8dCTL49UQSNG/data/794246687/attachments/attgwCwoaJMtY5HED2ECkgEK/,1000166305-19_33_41.jpg,https://kf.kobotoolbox.org/api/v2/assets/am66CJhKEj8dCTL49UQSNG/data/794246687/attachments/attWVZQikV8tFHXZT25DEvMB/,1000166301-19_33_58.jpg,https://kf.kobotoolbox.org/api/v2/assets/am66CJhKEj8dCTL49UQSNG/data/794246687/attachments/att5ZaZbHSx2iW5osjdXY6tq/,794246687,4b07888c-5d36-4684-a31d-49eb33af4f51,2026-06-27T19:34:09+05:30,,,submitted_via_web,,vNRRNU3SyFqnhy2xMWaa4o,,uuid:4b07888c-5d36-4684-a31d-49eb33af4f51,268,Bengaluru,Bengaluru,12.936588,77.58171,gmaps_link,OK
2026-06-28T07:32:24.919000+05:30,2026-06-28T07:34:44.111000+05:30,2026-06-28T07:32:00+05:30,Saraipalya (Towards Thanisandra),13.0474879 77.628551 920 0,13.0474879,77.628551,920,0,,No Shelter and No Signboard,,On the road edge / footpath edge – directly adjacent to traffic,0,1,0,,Yes,No,Yes,Yes - It's free of obstructions and feels safe to use,,At the bus stop – buses pull up to the shelter/marked stop Away from the bus stop – buses stop before or beyond the shelter/marked location,1,1,0,0,One Step Out (30 cm to 1 meter): Passengers have to step down onto the road surface first to board.,"Footpath available to reach the bus stop from both directions Footpath is walkable and free of encroachment like parking, vendors, utility boxes, garbage, etc Pedestrian crossing at/close to the bus stop to cross the road?",1,1,0,0,0,1,0,," Yes – fully accessible, no obstructions",No – area appears well-drained,"Safe – well-lit, visible, and active surroundings",,,No – exposed to full sun,No – inadequate or no lighting at all,,,,,None of the Above,0,0,0,0,0,0,0,1,"Mostly commercial - Retail shops. restaurants, cafes, markets, etc",,"Bus shelter on opp side, should be present here too",,1000169654-7_34_41.jpg,https://kf.kobotoolbox.org/api/v2/assets/am66CJhKEj8dCTL49UQSNG/data/794532185/attachments/attqq2dEgQesoFhcYMbAor6j/,,,,,,,794532185,d43ca102-9959-4061-9a26-093114eb56c5,2026-06-28T07:34:47+05:30,,,submitted_via_web,,vNRRNU3SyFqnhy2xMWaa4o,,uuid:d43ca102-9959-4061-9a26-093114eb56c5,269,Bengaluru,Bengaluru,13.0474879,77.628551,device_gps,OK
2026-06-28T07:34:44.173000+05:30,2026-06-28T07:38:31.781000+05:30,2026-06-28T07:34:00+05:30,Saraipalya (Towards Nagawara),13.0472919 77.628613 920 0,13.0472919,77.628613,920,0,,Stainless Steel Bus Shelter, Clean and Well Maintained,"Set back from the road – against a wall, compound, or building edge",1,0,0,,No,Yes,Yes,,2,At the bus stop – buses pull up to the shelter/marked stop Away from the bus stop – buses stop before or beyond the shelter/marked location,1,1,0,0,One Step Out (30 cm to 1 meter): Passengers have to step down onto the road surface first to board.,Footpath available to reach the bus stop from both directions Pedestrian crossing at/close to the bus stop to cross the road?,1,0,0,0,0,1,0,,"Partially encroached – e.g., vendors, parked two-wheelers, auto-rickshaws, construction material",No – area appears well-drained,"Safe – well-lit, visible, and active surroundings",Yes – adequate space for passengers,Yes – roof is intact and effective,Yes – sufficient shade from the bus shelter,Unsure / Not observed,Yes – clear sightline to see the approaching buses,"Yes - the seating is of the right height, width, and depth to sit comfortably while waiting for the bus",No – name is missing,No information displayed at all,Seating / bench Sufficient seating for the number of people typically waiting,1,1,0,0,0,0,0,0,"Mostly commercial - Retail shops. restaurants, cafes, markets, etc",Yes – advertisements dominate; passenger information is secondary,Located right next to a non traffic signal intersection causing buses to stop ahead or before it if there is a jam here,,1000169652-7_38_28.jpg,https://kf.kobotoolbox.org/api/v2/assets/am66CJhKEj8dCTL49UQSNG/data/794532622/attachments/attBmjA6SBbvXh6zSg9PHEgp/,,,,,,,794532622,e77bf598-956e-4ed2-af32-e0c9431314c3,2026-06-28T07:38:34+05:30,,,submitted_via_web,,vNRRNU3SyFqnhy2xMWaa4o,,uuid:e77bf598-956e-4ed2-af32-e0c9431314c3,270,Bengaluru,Bengaluru,13.0472919,77.628613,device_gps,OK
2026-06-28T07:38:31.861000+05:30,2026-06-28T07:49:40.044000+05:30,2026-06-28T07:44:00+05:30,Thanisandra (Towards RK Hegde Nagara),,,,,,https://maps.app.goo.gl/FTyrYKptE9fUoNAS9,No Shelter and No Signboard,,On the road edge / footpath edge – directly adjacent to traffic,0,1,0,,No,No,No,,,At the bus stop – buses pull up to the shelter/marked stop Away from the bus stop – buses stop before or beyond the shelter/marked location,1,1,0,0,One Step Out (30 cm to 1 meter): Passengers have to step down onto the road surface first to board.,"Footpath available to reach the bus stop from both directions Footpath is walkable and free of encroachment like parking, vendors, utility boxes, garbage, etc Ramp for wheelchair users to access the bus stop",1,1,1,0,0,0,0,," Yes – fully accessible, no obstructions",No – area appears well-drained,"Safe – well-lit, visible, and active surroundings",,,No – exposed to full sun,"Yes – lit by nearby street lights, shop fronts, or advertisement boards",,,,,None of the Above,0,0,0,0,0,0,0,1,"Mostly commercial - Retail shops. restaurants, cafes, markets, etc",,,,1000169661-7_48_22.jpg,https://kf.kobotoolbox.org/api/v2/assets/am66CJhKEj8dCTL49UQSNG/data/794533987/attachments/atttnezZz3o7eoodY6fHNAL8/,,,,,,,794533987,a258c85e-fdd4-4b6c-9d14-a620968dd86f,2026-06-28T07:49:44+05:30,,,submitted_via_web,,vNRRNU3SyFqnhy2xMWaa4o,,uuid:a258c85e-fdd4-4b6c-9d14-a620968dd86f,271,Bengaluru,Bengaluru,13.056124,77.63279,gmaps_link,OK
2026-06-28T07:49:40.196000+05:30,2026-06-28T07:55:56.488000+05:30,2026-06-28T07:49:00+05:30,Thanisandra (Towards Nagawara Junction),,,,,,https://maps.app.goo.gl/ZfNKsyjWE1YmZqWE8,Stainless Steel Bus Shelter,Unclean/Poorly Maintained,On the road edge / footpath edge – directly adjacent to traffic,0,1,0,,No,No,No,,1 - this is a standalone shelter ,Away from the bus stop – buses stop before or beyond the shelter/marked location,0,1,0,0,One Step Out (30 cm to 1 meter): Passengers have to step down onto the road surface first to board.,None of the above,0,0,0,0,0,0,1,,"Partially encroached – e.g., vendors, parked two-wheelers, auto-rickshaws, construction material",No – area appears well-drained,"Somewhat safe – some concerns (e.g., poor visibility, isolated location)", No – overcrowded or high number of people standing on the road,"Yes – but the roof is inadequate (too tall, too small, gaps, or partial coverage)",Yes - from both bus shelter AND trees,Unsure / Not observed,Yes – clear sightline to see the approaching buses,"Yes - the seating is of the right height, width, and depth to sit comfortably while waiting for the bus",No – name is missing,No information displayed at all,Seating / bench,1,0,0,0,0,0,0,0,"Mostly commercial - Retail shops. restaurants, cafes, markets, etc",Yes – advertisements dominate; passenger information is secondary,Bus stop is present but buses stop onto road like 10-15 m away from physical shelter present,Move bus shelter or put a new one where buses stop,1000169663-7_55_49.jpg,https://kf.kobotoolbox.org/api/v2/assets/am66CJhKEj8dCTL49UQSNG/data/794534747/attachments/attq6vXMmYSBgbWJhnrTv4Ky/,,,,,,,794534747,b7d651a7-c67a-4d82-8b04-f7cf689f0acf,2026-06-28T07:55:59+05:30,,,submitted_via_web,,vNRRNU3SyFqnhy2xMWaa4o,,uuid:b7d651a7-c67a-4d82-8b04-f7cf689f0acf,272,Bengaluru,Bengaluru,13.056118,77.632904,gmaps_link,OK
2026-06-28T07:55:56.577000+05:30,2026-06-28T07:59:03.545000+05:30,2026-06-28T07:56:00+05:30,Book Factory Thanisandra(Towards Hegde Nagara),13.061403 77.633127 829.2000122070312 9.829000473022461,13.061403,77.633127,829.2000122070312,9.829000473022461,,No Shelter and No Signboard,,On the road edge / footpath edge – directly adjacent to traffic,0,1,0,,Yes,Yes,No,Yes - It's free of obstructions and feels safe to use,,At the bus stop – buses pull up to the shelter/marked stop Away from the bus stop – buses stop before or beyond the shelter/marked location,1,1,0,0,One Step Out (30 cm to 1 meter): Passengers have to step down onto the road surface first to board.,Footpath available to reach the bus stop from both directions,1,0,0,0,0,0,0,," Yes – fully accessible, no obstructions",No – area appears well-drained,"Unsafe – poorly lit, isolated, or has a history of feeling threatening",,,No – exposed to full sun,No – inadequate or no lighting at all,,,,,None of the Above,0,0,0,0,0,0,0,1,"Mostly commercial - Retail shops. restaurants, cafes, markets, etc",,,,1000169667-7_59_1.jpg,https://kf.kobotoolbox.org/api/v2/assets/am66CJhKEj8dCTL49UQSNG/data/794535082/attachments/attvMJ7sdfqGSJ6oMbzpAEE9/,,,,,,,794535082,39349666-1e17-4879-aa2f-b9f3006a97d2,2026-06-28T07:59:23+05:30,,,submitted_via_web,,vNRRNU3SyFqnhy2xMWaa4o,,uuid:39349666-1e17-4879-aa2f-b9f3006a97d2,273,Bengaluru,Bengaluru,13.061403,77.633127,device_gps,OK
2026-06-28T07:59:03.600000+05:30,2026-06-28T08:03:20.149000+05:30,2026-06-28T07:59:00+05:30,Book Factory Thanisandra (Towards Nagawara Junction),,,,,,https://maps.app.goo.gl/n89RqNynbKoX14HMA,Other Metal Bus Shelter (Other than Stainless Steel),Unclean/Poorly Maintained,"Set back from the road – against a wall, compound, or building edge",1,0,0,,No,Yes,No,,2,At the bus stop – buses pull up to the shelter/marked stop Away from the bus stop – buses stop before or beyond the shelter/marked location,1,1,0,0,One Step Out (30 cm to 1 meter): Passengers have to step down onto the road surface first to board.,Footpath available to reach the bus stop from both directions,1,0,0,0,0,0,0,,"Partially encroached – e.g., vendors, parked two-wheelers, auto-rickshaws, construction material",No – area appears well-drained,"Unsafe – poorly lit, isolated, or has a history of feeling threatening",Yes – adequate space for passengers,Yes – roof is intact and effective,Yes – sufficient shade from the bus shelter,No – inadequate or no lighting at all,Yes – clear sightline to see the approaching buses,"Yes - the seating is of the right height, width, and depth to sit comfortably while waiting for the bus",No – name is missing,No information displayed at all,Seating / bench,1,0,0,0,0,0,0,0,"Mostly commercial - Retail shops. restaurants, cafes, markets, etc",Yes – advertisements dominate; passenger information is secondary,,,1000169668-8_3_18.jpg,https://kf.kobotoolbox.org/api/v2/assets/am66CJhKEj8dCTL49UQSNG/data/794535926/attachments/attma26vz93VUQMXWLCCDjXm/,,,,,,,794535926,dfa71cb4-0a1d-4b17-8343-3f27f76ad9ae,2026-06-28T08:03:23+05:30,,,submitted_via_web,,vNRRNU3SyFqnhy2xMWaa4o,,uuid:dfa71cb4-0a1d-4b17-8343-3f27f76ad9ae,274,Bengaluru,Bengaluru,13.06169,77.633423,gmaps_link,OK
2026-06-17T16:09:44.421000+05:30,2026-06-28T13:50:59.041000+05:30,2026-06-17T16:10:00+05:30,Sobha Tulip bus stop,12.8978908 77.5858703 0 0,12.8978908,77.5858703,0,0,,No Shelter and No Signboard,,On the road edge / footpath edge – directly adjacent to traffic,0,1,0,,No,No,No,,,Bus stop not clearly marked,0,0,1,0,"Way Out in the Road (More than 1 meter): The bus stops far from the footpath, blocking a lane of traffic, forcing people to walk across active traffic to board the bus",None of the above,0,0,0,0,0,0,1,,"Partially encroached – e.g., vendors, parked two-wheelers, auto-rickshaws, construction material",Unsure,"Somewhat safe – some concerns (e.g., poor visibility, isolated location)",,,No – exposed to full sun,No – inadequate or no lighting at all,,,,,None of the Above,0,0,0,0,0,0,0,1,"Mixed Use - A mix of commercial/residential/office, etc",,,,1000630011-13_50_25.jpg,https://kf.kobotoolbox.org/api/v2/assets/am66CJhKEj8dCTL49UQSNG/data/794655185/attachments/attDDZXYcQkBzfxwMgLgHPLg/,,,,,,,794655185,7e4c8df5-cea2-4c17-a40c-4f2393095156,2026-06-28T13:51:01+05:30,,,submitted_via_web,,vNRRNU3SyFqnhy2xMWaa4o,,uuid:7e4c8df5-cea2-4c17-a40c-4f2393095156,275,Bengaluru,Bengaluru,12.8978908,77.5858703,device_gps,OK
2026-06-27T19:34:04.974000+05:30,2026-06-28T16:51:30.517000+05:30,2026-06-28T16:42:00+05:30,South end (towards Banashankari),,,,,,https://maps.app.goo.gl/dRnr1UUUz22UvRjCA?g_st=ac,Other Metal Bus Shelter (Other than Stainless Steel),Unclean/Poorly Maintained,On the road edge / footpath edge – directly adjacent to traffic,0,1,0,,Yes,No,No,No - It's very unhygienic or feels unsafe to use,1 - this is a standalone shelter ,At the bus stop – buses pull up to the shelter/marked stop,1,0,0,0,One Step Out (30 cm to 1 meter): Passengers have to step down onto the road surface first to board.,Footpath available to reach the bus stop from both directions,1,0,0,0,0,0,0,," Yes – fully accessible, no obstructions",No – area appears well-drained,"Somewhat safe – some concerns (e.g., poor visibility, isolated location)",Yes – adequate space for passengers,"Yes – but the roof is inadequate (too tall, too small, gaps, or partial coverage)",Yes - sufficient shade from surrounding trees,No – inadequate or no lighting at all,Yes – clear sightline to see the approaching buses,No - the seating is too high ,"Yes – but faded, small, or difficult to read",No information displayed at all,Seating / bench,1,0,0,0,0,0,0,0,Compound Wall / Dead Edge - No activity near the stop,No advertisements,Bus stop appears unsafe to use during nightime.,"Proper lighting for the bus stand it self.  Removal of fencing dividing the footpath into two, to increase width of footpath and make it easier to keep it clean. ighting for footpath as well.",1000166313-16_49_27.jpg,https://kf.kobotoolbox.org/api/v2/assets/am66CJhKEj8dCTL49UQSNG/data/794772340/attachments/atteemKjqEV49srRNC9ehFFV/,1000166316-16_51_0.jpg,https://kf.kobotoolbox.org/api/v2/assets/am66CJhKEj8dCTL49UQSNG/data/794772340/attachments/attTqPuVQbkfeGMtwirjQSiP/,1000166306-16_51_11.jpg,https://kf.kobotoolbox.org/api/v2/assets/am66CJhKEj8dCTL49UQSNG/data/794772340/attachments/att58Lb2aMWk4kBJDjuv9vWc/,1000166315-16_51_27.jpg,https://kf.kobotoolbox.org/api/v2/assets/am66CJhKEj8dCTL49UQSNG/data/794772340/attachments/attLAm3jLVwHMHZSUUJdTcfZ/,794772340,046693f9-4750-4a38-83d3-75dc0008157b,2026-06-28T16:51:36+05:30,,,submitted_via_web,,vNRRNU3SyFqnhy2xMWaa4o,,uuid:046693f9-4750-4a38-83d3-75dc0008157b,276,Bengaluru,Bengaluru,12.936313,77.580223,gmaps_link,OK
2026-06-28T16:56:49.224000+05:30,2026-06-28T17:00:26.387000+05:30,2026-06-28T16:57:00+05:30,Indian Express (towards Vidhan Soudha),12.983569 77.596609 856.8999633789062 61.79399871826172,12.983569,77.596609,856.8999633789062,61.79399871826172,,Stainless Steel Bus Shelter, Clean and Well Maintained,On the road edge / footpath edge – directly adjacent to traffic,0,1,0,,No,Yes,Yes,,4+,At the bus stop – buses pull up to the shelter/marked stop,1,0,0,0,Perfect / Flush (Less than 30 cm): Passengers can step directly from the footpath onto the bus.,"Footpath available to reach the bus stop from both directions Footpath is walkable and free of encroachment like parking, vendors, utility boxes, garbage, etc Pedestrian crossing at/close to the bus stop to cross the road?",1,1,0,0,0,1,0,," Yes – fully accessible, no obstructions",No – area appears well-drained,"Somewhat safe – some concerns (e.g., poor visibility, isolated location)",Yes – adequate space for passengers,Yes – roof is intact and effective,Yes – sufficient shade from the bus shelter,No – inadequate or no lighting at all,Yes – clear sightline to see the approaching buses,No - the seating is too high ,Yes – name is prominently visible and legible,No information displayed at all,Seating / bench Sufficient seating for the number of people typically waiting,1,1,0,0,0,0,0,0,"Mixed Use - A mix of commercial/residential/office, etc",Yes – advertisements dominate; passenger information is secondary,Digital information board is present but not working,"Better info for passengers, currently its all advertisments",1000335105-17_0_13.jpg,https://kf.kobotoolbox.org/api/v2/assets/am66CJhKEj8dCTL49UQSNG/data/794777807/attachments/att3tkfANe6C6VBHaDTshXSx/,,,,,,,794777807,293081f0-10f5-4a64-9f5e-0f324b8951cf,2026-06-28T17:00:28+05:30,,,submitted_via_web,,vNRRNU3SyFqnhy2xMWaa4o,,uuid:293081f0-10f5-4a64-9f5e-0f324b8951cf,277,Bengaluru,Bengaluru,12.983569,77.596609,device_gps,OK
2026-06-28T17:00:26.596000+05:30,2026-06-28T17:04:35.947000+05:30,2026-06-28T17:02:00+05:30,Indian Express (towards Shivajinagar),12.983591 77.596149 854.3999633789062 74.74600219726562,12.983591,77.596149,854.3999633789062,74.74600219726562,,Stainless Steel Bus Shelter, Clean and Well Maintained,"Set back from the road – against a wall, compound, or building edge",1,0,0,,No,Yes,Yes,,4+,At the bus stop – buses pull up to the shelter/marked stop,1,0,0,0,Perfect / Flush (Less than 30 cm): Passengers can step directly from the footpath onto the bus.,"Footpath available to reach the bus stop from both directions Footpath is walkable and free of encroachment like parking, vendors, utility boxes, garbage, etc Pedestrian crossing at/close to the bus stop to cross the road?",1,1,0,0,0,1,0,," Yes – fully accessible, no obstructions",No – area appears well-drained,"Somewhat safe – some concerns (e.g., poor visibility, isolated location)",Yes – adequate space for passengers,Yes – roof is intact and effective,Yes – sufficient shade from the bus shelter,Unsure / Not observed,Yes – clear sightline to see the approaching buses,"Yes - the seating is of the right height, width, and depth to sit comfortably while waiting for the bus",Yes – name is prominently visible and legible,Yes – but information seems outdated or unreliable,Seating / bench Sufficient seating for the number of people typically waiting,1,1,0,0,0,0,0,0,"Mixed Use - A mix of commercial/residential/office, etc",Yes – advertisements dominate; passenger information is secondary,,,1000335107-17_4_33.jpg,https://kf.kobotoolbox.org/api/v2/assets/am66CJhKEj8dCTL49UQSNG/data/794780424/attachments/attLxz25dUCT3Yk8Js5d3kke/,,,,,,,794780424,5f8ed5d8-d3db-4c3e-ab0c-0bb7920607e2,2026-06-28T17:04:38+05:30,,,submitted_via_web,,vNRRNU3SyFqnhy2xMWaa4o,,uuid:5f8ed5d8-d3db-4c3e-ab0c-0bb7920607e2,278,Bengaluru,Bengaluru,12.983591,77.596149,device_gps,OK
2026-06-28T17:04:36.201000+05:30,2026-06-28T17:12:20.754000+05:30,2026-06-28T17:08:00+05:30,Indian Express (towards Kasturba Road),12.983474 77.597078 859 27.393999099731445,12.983474,77.597078,859,27.393999099731445,,Stainless Steel Bus Shelter, Clean and Well Maintained,"Set back from the road – against a wall, compound, or building edge",1,0,0,,No,Yes,Yes,,2,At the bus stop – buses pull up to the shelter/marked stop,1,0,0,0,Perfect / Flush (Less than 30 cm): Passengers can step directly from the footpath onto the bus.,Footpath available to reach the bus stop from both directions,1,0,0,0,0,0,0,," Yes – fully accessible, no obstructions",No – area appears well-drained,Unable to assess (audit done only in daytime),Yes – adequate space for passengers,Yes – roof is intact and effective,Yes – sufficient shade from the bus shelter,Unsure / Not observed,Yes – clear sightline to see the approaching buses,"Yes - the seating is of the right height, width, and depth to sit comfortably while waiting for the bus",Yes – name is prominently visible and legible,Yes – but information seems outdated or unreliable,Seating / bench Sufficient seating for the number of people typically waiting,1,1,0,0,0,0,0,0,"Mixed Use - A mix of commercial/residential/office, etc",Yes – advertisements dominate; passenger information is secondary,A neat paper containing bus stop info was stuck. Ideally it should be more prominent,Better passenger info. Display board is present but not working,1000335109-17_10_56.jpg,https://kf.kobotoolbox.org/api/v2/assets/am66CJhKEj8dCTL49UQSNG/data/794784434/attachments/attjz2Ht2Dtfkn4bKQ9AZgMZ/,,,1000335108-17_11_3.jpg,https://kf.kobotoolbox.org/api/v2/assets/am66CJhKEj8dCTL49UQSNG/data/794784434/attachments/attK9cZJwutFZRfR8pa2f2VP/,,,794784434,3a50986f-9d67-451c-bf81-b4fe4af26842,2026-06-28T17:12:24+05:30,,,submitted_via_web,,vNRRNU3SyFqnhy2xMWaa4o,,uuid:3a50986f-9d67-451c-bf81-b4fe4af26842,279,Bengaluru,Bengaluru,12.983474,77.597078,device_gps,OK
2026-06-28T17:12:20.925000+05:30,2026-06-28T17:22:02.136000+05:30,2026-06-28T17:17:00+05:30,Chinnaswamy Stadium,12.979747 77.598819 847.7999877929688 52.400001525878906,12.979747,77.598819,847.7999877929688,52.400001525878906,,Stainless Steel Bus Shelter, Clean and Well Maintained,"Set back from the road – against a wall, compound, or building edge",1,0,0,,No,Yes,Yes,,1 - this is a standalone shelter ,Unsure / not observed,0,0,0,1,Unsure / not observed,"Footpath available to reach the bus stop from both directions Footpath is walkable and free of encroachment like parking, vendors, utility boxes, garbage, etc Pedestrian crossing at/close to the bus stop to cross the road?",1,1,0,0,0,1,0,," Yes – fully accessible, no obstructions",No – area appears well-drained,Unable to assess (audit done only in daytime),Yes – adequate space for passengers,"Yes – but the roof is inadequate (too tall, too small, gaps, or partial coverage)",Yes – sufficient shade from the bus shelter,Unsure / Not observed,Yes – clear sightline to see the approaching buses,No - the seating is too high ,Yes – name is prominently visible and legible,Yes – but information seems outdated or unreliable,Seating / bench Sufficient seating for the number of people typically waiting,1,1,0,0,0,0,0,0,"Mostly Institutional - Schools, Hospitals, Govt. Offices, etc",Yes – advertisements dominate; passenger information is secondary,Not sure how many buses stop here,Better public info,1000335111-17_21_53.jpg,https://kf.kobotoolbox.org/api/v2/assets/am66CJhKEj8dCTL49UQSNG/data/794789689/attachments/attoxBqhVdUjZTVxoLMC7QS5/,,,,,,,794789689,6b9f2bd3-226c-45a8-8ded-31f3553adaae,2026-06-28T17:22:05+05:30,,,submitted_via_web,,vNRRNU3SyFqnhy2xMWaa4o,,uuid:6b9f2bd3-226c-45a8-8ded-31f3553adaae,280,Bengaluru,Bengaluru,12.979747,77.598819,device_gps,OK
2026-06-26T12:07:22.818000+05:30,2026-06-28T18:42:21.566000+05:30,2026-06-28T18:39:00+05:30,ITI gate (TOWARDS KR PURAM),13.005193 77.684972 826.3999633789062 5,13.005193,77.684972,826.3999633789062,5,,No Shelter and No Signboard,,On the road edge / footpath edge – directly adjacent to traffic,0,1,0,,No,No,No,,,Bus stop not clearly marked,0,0,1,0,"Way Out in the Road (More than 1 meter): The bus stops far from the footpath, blocking a lane of traffic, forcing people to walk across active traffic to board the bus",None of the above,0,0,0,0,0,0,1,,"Partially encroached – e.g., vendors, parked two-wheelers, auto-rickshaws, construction material",Unsure,"Safe – well-lit, visible, and active surroundings",,,No – exposed to full sun,"Yes – lit by nearby street lights, shop fronts, or advertisement boards",,,,,None of the Above,0,0,0,0,0,0,0,1,"Mostly commercial - Office buildings, malls, large stores, etc",,"No shelter and near a prime bus stop for state-to-state busses which makes it as essential stop, No pedestrian crossing nearby only a skywalk",Shelter and signage,1000145054-18_42_4.jpg,https://kf.kobotoolbox.org/api/v2/assets/am66CJhKEj8dCTL49UQSNG/data/794835911/attachments/attBioqdrR5xDp8xjndAzUgZ/,1000145055-18_42_11.jpg,https://kf.kobotoolbox.org/api/v2/assets/am66CJhKEj8dCTL49UQSNG/data/794835911/attachments/att9BSgXUCiaggVJaZfhAXX4/,1000145056-18_42_15.jpg,https://kf.kobotoolbox.org/api/v2/assets/am66CJhKEj8dCTL49UQSNG/data/794835911/attachments/attv7BR8VE42rSoAstX2wmAG/,1000145054-18_42_19.jpg,https://kf.kobotoolbox.org/api/v2/assets/am66CJhKEj8dCTL49UQSNG/data/794835911/attachments/attHHq7bfDBGAHHVgSr7nCZX/,794835911,243daba2-43e8-4d5d-9579-64af14c0f75d,2026-06-28T18:42:35+05:30,,,submitted_via_web,,vNRRNU3SyFqnhy2xMWaa4o,,uuid:243daba2-43e8-4d5d-9579-64af14c0f75d,281,Bengaluru,Bengaluru,13.005193,77.684972,device_gps,OK
2026-06-28T18:42:21.731000+05:30,2026-06-28T18:48:34.874000+05:30,2026-06-28T18:44:00+05:30,ITI gate (Towards Rammurthynagar),13.005105 77.68477 828.5999755859375 19,13.005105,77.68477,828.5999755859375,19,,No Shelter and No Signboard,,On the road edge / footpath edge – directly adjacent to traffic,0,1,0,,No,No,No,,,Bus stop not clearly marked,0,0,1,0,"Way Out in the Road (More than 1 meter): The bus stops far from the footpath, blocking a lane of traffic, forcing people to walk across active traffic to board the bus",None of the above,0,0,0,0,0,0,1,,"Partially encroached – e.g., vendors, parked two-wheelers, auto-rickshaws, construction material",Unsure,"Somewhat safe – some concerns (e.g., poor visibility, isolated location)",,,Partial – some shade but insufficient,"Yes – lit by nearby street lights, shop fronts, or advertisement boards",,,,,None of the Above,0,0,0,0,0,0,0,1,"Mostly commercial - Retail shops. restaurants, cafes, markets, etc",,"Not defined, no seating and dusty","Shelter with signage, seating and route information along with a map",1000145058-18_48_10.jpg,https://kf.kobotoolbox.org/api/v2/assets/am66CJhKEj8dCTL49UQSNG/data/794839196/attachments/attAjtZQxtbk8qx3szzMbrm7/,1000145057-18_48_18.jpg,https://kf.kobotoolbox.org/api/v2/assets/am66CJhKEj8dCTL49UQSNG/data/794839196/attachments/attWoC3oFqbEDp5HRfZpPWMn/,1000145059-18_48_26.jpg,https://kf.kobotoolbox.org/api/v2/assets/am66CJhKEj8dCTL49UQSNG/data/794839196/attachments/att4ZfdTnkoZKtDh6dahWkjB/,1000145057-18_48_32.jpg,https://kf.kobotoolbox.org/api/v2/assets/am66CJhKEj8dCTL49UQSNG/data/794839196/attachments/attUtQVypGpHcpRqpZdmXnFV/,794839196,e4e10025-9810-41a6-a5a7-45f7a74824da,2026-06-28T18:48:37+05:30,,,submitted_via_web,,vNRRNU3SyFqnhy2xMWaa4o,,uuid:e4e10025-9810-41a6-a5a7-45f7a74824da,282,Bengaluru,Bengaluru,13.005105,77.68477,device_gps,OK
2026-06-28T18:48:35.043000+05:30,2026-06-28T19:18:56.669000+05:30,2026-06-28T19:14:00+05:30,Maruthi School (Towards Shivajinagar),13.009758 77.644184 831.8999633789062 8,13.009758,77.644184,831.8999633789062,8,,Other Metal Bus Shelter (Other than Stainless Steel), Clean and Well Maintained,"Set back from the road – against a wall, compound, or building edge",1,0,0,,No,Yes,Yes,,1 - this is a standalone shelter ,At the bus stop – buses pull up to the shelter/marked stop Away from the bus stop – buses stop before or beyond the shelter/marked location,1,1,0,0,One Step Out (30 cm to 1 meter): Passengers have to step down onto the road surface first to board.,Footpath available to reach the bus stop from both directions Tactile paving for visually impaired users Pedestrian crossing at/close to the bus stop to cross the road?,1,0,0,0,1,1,0,,"Partially encroached – e.g., vendors, parked two-wheelers, auto-rickshaws, construction material",No – area appears well-drained,"Safe – well-lit, visible, and active surroundings",Yes – adequate space for passengers,Yes – roof is intact and effective,Yes – sufficient shade from the bus shelter,Yes – the bus shelter itself has a working light,Yes – clear sightline to see the approaching buses,"Yes - the seating is of the right height, width, and depth to sit comfortably while waiting for the bus",Yes – name is prominently visible and legible,No information displayed at all,Seating / bench Sufficient seating for the number of people typically waiting Digital information boards with real time arrival information and service alerts,1,1,0,0,0,0,1,0,"Mixed Use - A mix of commercial/residential/office, etc",Yes – advertisements dominate; passenger information is secondary,"No route information and no ramp for wheelchair users to go onto the road, trash is behind bus stop",Route map and info and dustbin,1000145066-19_18_29.jpg,https://kf.kobotoolbox.org/api/v2/assets/am66CJhKEj8dCTL49UQSNG/data/794857252/attachments/attGRMoFTZBhfS68YpkEm5y7/,1000145065-19_18_35.jpg,https://kf.kobotoolbox.org/api/v2/assets/am66CJhKEj8dCTL49UQSNG/data/794857252/attachments/attruBZYDECbbeKA4TRWiDN2/,1000145067-19_18_42.jpg,https://kf.kobotoolbox.org/api/v2/assets/am66CJhKEj8dCTL49UQSNG/data/794857252/attachments/attw9PrbabEqtaoJqpdRxb55/,1000145068-19_18_47.jpg,https://kf.kobotoolbox.org/api/v2/assets/am66CJhKEj8dCTL49UQSNG/data/794857252/attachments/attA6q8VysQTLH3ByNeTpPtX/,794857252,805cb24f-cab7-4965-8f60-1fb0e15bfa94,2026-06-28T19:18:59+05:30,,,submitted_via_web,,vNRRNU3SyFqnhy2xMWaa4o,,uuid:805cb24f-cab7-4965-8f60-1fb0e15bfa94,283,Bengaluru,Bengaluru,13.009758,77.644184,device_gps,OK
2026-06-28T19:18:56.820000+05:30,2026-06-28T19:25:43.760000+05:30,2026-06-28T19:22:00+05:30,Maruthi school (Towards KR puram),13.009787 77.644294 831.8999633789062 90.69059753417969,13.009787,77.644294,831.8999633789062,90.69059753417969,,Other Metal Bus Shelter (Other than Stainless Steel), Clean and Well Maintained,"Set back from the road – against a wall, compound, or building edge On the road edge / footpath edge – directly adjacent to traffic",1,1,0,,Yes,Yes,No,No - It's obstructed due to encroachment ,1 - this is a standalone shelter ,At the bus stop – buses pull up to the shelter/marked stop,1,0,0,0,One Step Out (30 cm to 1 meter): Passengers have to step down onto the road surface first to board.,Footpath available to reach the bus stop from both directions Pedestrian crossing at/close to the bus stop to cross the road?,1,0,0,0,0,1,0,,"Partially encroached – e.g., vendors, parked two-wheelers, auto-rickshaws, construction material",No – area appears well-drained,"Safe – well-lit, visible, and active surroundings",Yes – adequate space for passengers,Yes – roof is intact and effective,Yes – sufficient shade from the bus shelter,Yes – the bus shelter itself has a working light,Yes – clear sightline to see the approaching buses,"Yes - the seating is of the right height, width, and depth to sit comfortably while waiting for the bus",Yes – name is prominently visible and legible,No information displayed at all,Seating / bench Sufficient seating for the number of people typically waiting Digital information boards with real time arrival information and service alerts,1,1,0,0,0,0,1,0,"Mixed Use - A mix of commercial/residential/office, etc",Yes – advertisements dominate; passenger information is secondary,No route information and no tactile pavement and dustbin,Route maps and information and a dustbin,1000145073-19_25_15.jpg,https://kf.kobotoolbox.org/api/v2/assets/am66CJhKEj8dCTL49UQSNG/data/794861564/attachments/attQ3N9T9iU3JEGjmh96jWm5/,1000145074-19_25_19.jpg,https://kf.kobotoolbox.org/api/v2/assets/am66CJhKEj8dCTL49UQSNG/data/794861564/attachments/attgn8JsgQqAH9eJFg9yMNFt/,1000145075-19_25_25.jpg,https://kf.kobotoolbox.org/api/v2/assets/am66CJhKEj8dCTL49UQSNG/data/794861564/attachments/attzaW5nqeqPbUWpoAj5oZWB/,1000145077-19_25_31.jpg,https://kf.kobotoolbox.org/api/v2/assets/am66CJhKEj8dCTL49UQSNG/data/794861564/attachments/attHFH8wCRjDJmx7crkPZhGE/,794861564,1c65aee3-6a8a-46cd-9d62-921fadf75113,2026-06-28T19:25:46+05:30,,,submitted_via_web,,vNRRNU3SyFqnhy2xMWaa4o,,uuid:1c65aee3-6a8a-46cd-9d62-921fadf75113,284,Bengaluru,Bengaluru,13.009787,77.644294,device_gps,OK
2026-06-28T19:25:43.899000+05:30,2026-06-29T15:27:07.275000+05:30,2026-06-29T15:24:00+05:30,Mosque Road (Towards ITC),13.000458 77.615792 837.5999755859375 13.083000183105469,13.000458,77.615792,837.5999755859375,13.083000183105469,,No Shelter and No Signboard,,On the road edge / footpath edge – directly adjacent to traffic,0,1,0,,No,No,No,,,Away from the bus stop – buses stop before or beyond the shelter/marked location Bus stop not clearly marked,0,1,1,0,"Way Out in the Road (More than 1 meter): The bus stops far from the footpath, blocking a lane of traffic, forcing people to walk across active traffic to board the bus",Footpath available to reach the bus stop from both directions Pedestrian crossing at/close to the bus stop to cross the road?,1,0,0,0,0,1,0,,"Partially encroached – e.g., vendors, parked two-wheelers, auto-rickshaws, construction material",No – area appears well-drained,"Safe – well-lit, visible, and active surroundings",,,Partial – some shade but insufficient,"Yes – lit by nearby street lights, shop fronts, or advertisement boards",,,,,None of the Above,0,0,0,0,0,0,0,1,"Mixed Use - A mix of commercial/residential/office, etc",,"No signage, no shelter and very close to traffic and the signal, Buses stop anywhere","Shelter, signage and route information",1000145306-15_26_46.jpg,https://kf.kobotoolbox.org/api/v2/assets/am66CJhKEj8dCTL49UQSNG/data/795497827/attachments/attUdsZTBDKaunqmyvrRSUcy/,1000145304-15_26_51.jpg,https://kf.kobotoolbox.org/api/v2/assets/am66CJhKEj8dCTL49UQSNG/data/795497827/attachments/attXFRyePhfwBRZJfhauBeqh/,1000145303-15_26_58.jpg,https://kf.kobotoolbox.org/api/v2/assets/am66CJhKEj8dCTL49UQSNG/data/795497827/attachments/attjqNwYCKr9UpcK7HHyacRA/,1000145305-15_27_4.jpg,https://kf.kobotoolbox.org/api/v2/assets/am66CJhKEj8dCTL49UQSNG/data/795497827/attachments/atthzqkxDSEWUPJBSQrpRAov/,795497827,8eadcaf7-d76b-4765-b68f-458ce0570fc0,2026-06-29T15:27:10+05:30,,,submitted_via_web,,vNRRNU3SyFqnhy2xMWaa4o,,uuid:8eadcaf7-d76b-4765-b68f-458ce0570fc0,285,Bengaluru,Bengaluru,13.000458,77.615792,device_gps,OK
2026-06-29T15:27:07.532000+05:30,2026-06-29T15:33:29.958000+05:30,2026-06-29T15:29:00+05:30,Mosque Road (Towards Shivajinagar),13.000344 77.615947 841.8999633789062 7.5,13.000344,77.615947,841.8999633789062,7.5,,No Shelter and No Signboard,,On the road edge / footpath edge – directly adjacent to traffic,0,1,0,,No,No,No,,,Bus stop not clearly marked,0,0,1,0,"Way Out in the Road (More than 1 meter): The bus stops far from the footpath, blocking a lane of traffic, forcing people to walk across active traffic to board the bus",Footpath available to reach the bus stop from both directions,1,0,0,0,0,0,0,,"Partially encroached – e.g., vendors, parked two-wheelers, auto-rickshaws, construction material",No – area appears well-drained,"Somewhat safe – some concerns (e.g., poor visibility, isolated location)",,,Partial – some shade but insufficient,"Yes – lit by nearby street lights, shop fronts, or advertisement boards",,,,,None of the Above,0,0,0,0,0,0,0,1,"Mixed Use - A mix of commercial/residential/office, etc",,"Previous bus stop was removed, now no signage, shelter and seqting","shelter, signage and route information",1000145310-15_33_5.jpg,https://kf.kobotoolbox.org/api/v2/assets/am66CJhKEj8dCTL49UQSNG/data/795506907/attachments/attfifdFJJWumE9vNuQ3jDsd/,1000145309-15_33_12.jpg,https://kf.kobotoolbox.org/api/v2/assets/am66CJhKEj8dCTL49UQSNG/data/795506907/attachments/attE8YmxHdhUXP8tFnmFjZvk/,1000145308-15_33_19.jpg,https://kf.kobotoolbox.org/api/v2/assets/am66CJhKEj8dCTL49UQSNG/data/795506907/attachments/attYM3JjafyLeJkYYLp6NjTz/,1000145309-15_33_27.jpg,https://kf.kobotoolbox.org/api/v2/assets/am66CJhKEj8dCTL49UQSNG/data/795506907/attachments/attaZi6KFPfcdR5TLRrv24Qu/,795506907,c25c4820-0a90-48dc-8a16-003eca76cfa2,2026-06-29T15:33:33+05:30,,,submitted_via_web,,vNRRNU3SyFqnhy2xMWaa4o,,uuid:c25c4820-0a90-48dc-8a16-003eca76cfa2,286,Bengaluru,Bengaluru,13.000344,77.615947,device_gps,OK
2026-06-29T15:33:30.275000+05:30,2026-06-29T15:44:20.857000+05:30,2026-06-29T15:42:00+05:30,Cox town (Towards Jeevanahalli),12.99641 77.621426 837.7000122070312 7,12.99641,77.621426,837.7000122070312,7,,No Shelter and No Signboard,,On the road edge / footpath edge – directly adjacent to traffic The road/footpath is too narrow ,0,1,1,,No,No,No,,,Bus stop not clearly marked,0,0,1,0,One Step Out (30 cm to 1 meter): Passengers have to step down onto the road surface first to board.,Footpath available to reach the bus stop from both directions,1,0,0,0,0,0,0,,Heavily encroached – the stop is largely unusable because of obstructions,"Yes – signs of standing water, algae, or drainage issues visible","Somewhat safe – some concerns (e.g., poor visibility, isolated location)",,,No – exposed to full sun,"Yes – lit by nearby street lights, shop fronts, or advertisement boards",,,,,None of the Above,0,0,0,0,0,0,0,1,"Mixed Use - A mix of commercial/residential/office, etc",,"No signage, broken footpath and no marking of bus stop location","Signage, route information",1000145321-15_44_4.jpg,https://kf.kobotoolbox.org/api/v2/assets/am66CJhKEj8dCTL49UQSNG/data/795522692/attachments/attNX5rZBVkQni82GFmB4kqm/,1000145320-15_44_9.jpg,https://kf.kobotoolbox.org/api/v2/assets/am66CJhKEj8dCTL49UQSNG/data/795522692/attachments/attrKCg3ixNnW92HKkWrYYLg/,1000145323-15_44_14.jpg,https://kf.kobotoolbox.org/api/v2/assets/am66CJhKEj8dCTL49UQSNG/data/795522692/attachments/att3aCtoCrJU5MVQAqtMbo6a/,1000145322-15_44_18.jpg,https://kf.kobotoolbox.org/api/v2/assets/am66CJhKEj8dCTL49UQSNG/data/795522692/attachments/attrwcTzBYgWqzQsPMVeALZV/,795522692,41355308-69a0-430c-a190-ac4ccf91bce7,2026-06-29T15:44:23+05:30,,,submitted_via_web,,vNRRNU3SyFqnhy2xMWaa4o,,uuid:41355308-69a0-430c-a190-ac4ccf91bce7,287,Bengaluru,Bengaluru,12.99641,77.621426,device_gps,OK
2026-06-29T15:50:08.111000+05:30,2026-06-29T15:58:36.021000+05:30,2026-06-29T15:56:00+05:30,Jeevanahalli,12.994953 77.628619 836.5999755859375 13.54800033569336,12.994953,77.628619,836.5999755859375,13.54800033569336,,No Shelter and No Signboard,,On the road edge / footpath edge – directly adjacent to traffic,0,1,0,,No,No,No,,,Bus stop not clearly marked Unsure / not observed,0,0,1,1,One Step Out (30 cm to 1 meter): Passengers have to step down onto the road surface first to board.,Footpath available to reach the bus stop from both directions,1,0,0,0,0,0,0,,"Partially encroached – e.g., vendors, parked two-wheelers, auto-rickshaws, construction material","Yes – signs of standing water, algae, or drainage issues visible","Somewhat safe – some concerns (e.g., poor visibility, isolated location)",,,No – exposed to full sun,Unsure / Not observed,,,,,None of the Above,0,0,0,0,0,0,0,1,"Mixed Use - A mix of commercial/residential/office, etc",,No signage and shelter and incredibly hard to find,"Signage, route map and shelter",1000145332-15_55_44.jpg,https://kf.kobotoolbox.org/api/v2/assets/am66CJhKEj8dCTL49UQSNG/data/795546505/attachments/att8Nazpo26TBXCsJb6mvNGH/,1000145333-15_55_48.jpg,https://kf.kobotoolbox.org/api/v2/assets/am66CJhKEj8dCTL49UQSNG/data/795546505/attachments/att29btSyftyuHWhfGVq2JFK/,1000145334-15_55_52.jpg,https://kf.kobotoolbox.org/api/v2/assets/am66CJhKEj8dCTL49UQSNG/data/795546505/attachments/attkDRvZbtHDSM9zMRcTLi8w/,1000145335-15_55_58.jpg,https://kf.kobotoolbox.org/api/v2/assets/am66CJhKEj8dCTL49UQSNG/data/795546505/attachments/att2uQEV7XJJwTYhro8WE9Wu/,795546505,a8a82dc7-ce03-4a21-a253-899927fcbd3d,2026-06-29T15:58:40+05:30,,,submitted_via_web,,vNRRNU3SyFqnhy2xMWaa4o,,uuid:a8a82dc7-ce03-4a21-a253-899927fcbd3d,288,Bengaluru,Bengaluru,12.994953,77.628619,device_gps,OK
2026-06-29T15:58:36.259000+05:30,2026-06-29T16:06:28.153000+05:30,2026-06-29T15:59:00+05:30,ITC (Towards Shivajinagar),12.998652 77.622162 838.7999877929688 8,12.998652,77.622162,838.7999877929688,8,,Other Metal Bus Shelter (Other than Stainless Steel),Satisfactory – minor wear/dusty but usable,On the road edge / footpath edge – directly adjacent to traffic,0,1,0,,No,No,No,,2,At the bus stop – buses pull up to the shelter/marked stop,1,0,0,0,One Step Out (30 cm to 1 meter): Passengers have to step down onto the road surface first to board.,Footpath available to reach the bus stop from both directions,1,0,0,0,0,0,0,,"Partially encroached – e.g., vendors, parked two-wheelers, auto-rickshaws, construction material",No – area appears well-drained,"Somewhat safe – some concerns (e.g., poor visibility, isolated location)", No – overcrowded or high number of people standing on the road,Yes – roof is intact and effective,Yes - from both bus shelter AND trees,Unsure / Not observed,Yes – clear sightline to see the approaching buses,"Yes - the seating is of the right height, width, and depth to sit comfortably while waiting for the bus",No – name is missing,No information displayed at all,Seating / bench Digital information boards with real time arrival information and service alerts,1,0,0,0,0,0,1,0,"Mostly Residential - Housing, Apartments, etc",Yes – advertisements dominate; passenger information is secondary,"Footpath is broken , second bus stop us far away and blocked by a tree, second bus stop has tactile pavement",Route information and dustbin,1000145342-16_5_45.jpg,https://kf.kobotoolbox.org/api/v2/assets/am66CJhKEj8dCTL49UQSNG/data/795560460/attachments/attmnnVxi4c6FXfw8aYsZYkF/,1000145345-16_5_50.jpg,https://kf.kobotoolbox.org/api/v2/assets/am66CJhKEj8dCTL49UQSNG/data/795560460/attachments/attRoifztgyvT4GtSFoFTpcm/,1000145344-16_5_55.jpg,https://kf.kobotoolbox.org/api/v2/assets/am66CJhKEj8dCTL49UQSNG/data/795560460/attachments/att6EUYHXatjr76gBeAVmbHQ/,1000145343-16_6_0.jpg,https://kf.kobotoolbox.org/api/v2/assets/am66CJhKEj8dCTL49UQSNG/data/795560460/attachments/attTNh8gxEkpGVve2C5rQi3T/,795560460,3a83cdf3-006f-44a5-a85d-57aec38b993f,2026-06-29T16:06:32+05:30,,,submitted_via_web,,vNRRNU3SyFqnhy2xMWaa4o,,uuid:3a83cdf3-006f-44a5-a85d-57aec38b993f,289,Bengaluru,Bengaluru,12.998652,77.622162,device_gps,OK
2026-06-29T16:06:28.352000+05:30,2026-06-29T16:14:21.864000+05:30,2026-06-29T16:13:00+05:30,ITC (Towards Maruthi Sevanagar),12.998429 77.622153 838.3999633789062 47.71699905395508,12.998429,77.622153,838.3999633789062,47.71699905395508,,Other Metal Bus Shelter (Other than Stainless Steel),Unclean/Poorly Maintained,"Set back from the road – against a wall, compound, or building edge On the road edge / footpath edge – directly adjacent to traffic",1,1,0,,No,No,No,,3,Away from the bus stop – buses stop before or beyond the shelter/marked location,0,1,0,0,"Way Out in the Road (More than 1 meter): The bus stops far from the footpath, blocking a lane of traffic, forcing people to walk across active traffic to board the bus",Footpath available to reach the bus stop from both directions,1,0,0,0,0,0,0,," Yes – fully accessible, no obstructions","Yes – signs of standing water, algae, or drainage issues visible","Unsafe – poorly lit, isolated, or has a history of feeling threatening",Yes – adequate space for passengers,Yes – roof is intact and effective,Partial – some shade but insufficient,No – inadequate or no lighting at all,Yes – clear sightline to see the approaching buses,"Yes - the seating is of the right height, width, and depth to sit comfortably while waiting for the bus",No – name is missing,Yes – but information seems outdated or unreliable,Seating / bench Digital information boards with real time arrival information and service alerts,1,0,0,0,0,0,1,0,"Mixed Use - A mix of commercial/residential/office, etc",Yes – advertisements dominate; passenger information is secondary,"Very unsafe at night, gets pitch black and pavement is fully broken, no dustbin",lights and dustbin,1000145347-16_13_11.jpg,https://kf.kobotoolbox.org/api/v2/assets/am66CJhKEj8dCTL49UQSNG/data/795573575/attachments/attVJU55a2zANR2cGtxtbLEN/,1000145346-16_13_17.jpg,https://kf.kobotoolbox.org/api/v2/assets/am66CJhKEj8dCTL49UQSNG/data/795573575/attachments/attjwdCASiPYE9dYY2zA8vpi/,1000145350-16_13_22.jpg,https://kf.kobotoolbox.org/api/v2/assets/am66CJhKEj8dCTL49UQSNG/data/795573575/attachments/attoH6fzV4gGqNYJEk4GpoSC/,1000052647-16_13_38.jpg,https://kf.kobotoolbox.org/api/v2/assets/am66CJhKEj8dCTL49UQSNG/data/795573575/attachments/attwaaPEm8eTDxbHamNgxMTc/,795573575,321f934f-61d1-4009-adb0-02d29b2e24f7,2026-06-29T16:14:24+05:30,,,submitted_via_web,,vNRRNU3SyFqnhy2xMWaa4o,,uuid:321f934f-61d1-4009-adb0-02d29b2e24f7,290,Bengaluru,Bengaluru,12.998429,77.622153,device_gps,OK
2026-06-29T16:14:22.072000+05:30,2026-06-29T16:20:11.636000+05:30,2026-06-29T16:16:00+05:30,Maruthi Sevanagar (Towards Kr puram),13.001429 77.630232 843.0999755859375 7,13.001429,77.630232,843.0999755859375,7,,Other Metal Bus Shelter (Other than Stainless Steel),Unclean/Poorly Maintained,On the road edge / footpath edge – directly adjacent to traffic,0,1,0,,No,No,No,,1 - this is a standalone shelter ,At the bus stop – buses pull up to the shelter/marked stop,1,0,0,0,One Step Out (30 cm to 1 meter): Passengers have to step down onto the road surface first to board.,Footpath available to reach the bus stop from both directions,1,0,0,0,0,0,0,,"Partially encroached – e.g., vendors, parked two-wheelers, auto-rickshaws, construction material","Yes – signs of standing water, algae, or drainage issues visible","Somewhat safe – some concerns (e.g., poor visibility, isolated location)", No – overcrowded or high number of people standing on the road,Yes – roof is intact and effective,Partial – some shade but insufficient,"Yes – lit by nearby street lights, shop fronts, or advertisement boards",Yes – clear sightline to see the approaching buses,No - the seating is too slippery,No – name is missing,No information displayed at all,Seating / bench,1,0,0,0,0,0,0,0,"Mixed Use - A mix of commercial/residential/office, etc",No advertisements,Outdated and small,"Signage, better seating and route information",1000145353-16_19_50.jpg,https://kf.kobotoolbox.org/api/v2/assets/am66CJhKEj8dCTL49UQSNG/data/795582986/attachments/atttJSX3hTno9KabvzyRavMx/,1000145355-16_19_58.jpg,https://kf.kobotoolbox.org/api/v2/assets/am66CJhKEj8dCTL49UQSNG/data/795582986/attachments/attpSYD3NzZsZMekvfbhLwrE/,1000145354-16_20_3.jpg,https://kf.kobotoolbox.org/api/v2/assets/am66CJhKEj8dCTL49UQSNG/data/795582986/attachments/attqQpvGrVVxGgzHTyxLd7mH/,1000145355-16_20_7.jpg,https://kf.kobotoolbox.org/api/v2/assets/am66CJhKEj8dCTL49UQSNG/data/795582986/attachments/attcYTjYyXmURvJVmfWTQRpb/,795582986,cabbe52f-a2c5-49ed-ba9b-bcc36351db24,2026-06-29T16:20:17+05:30,,,submitted_via_web,,vNRRNU3SyFqnhy2xMWaa4o,,uuid:cabbe52f-a2c5-49ed-ba9b-bcc36351db24,291,Bengaluru,Bengaluru,13.001429,77.630232,device_gps,OK
2026-06-29T16:20:11.824000+05:30,2026-06-29T16:22:52.083000+05:30,2026-06-29T16:21:00+05:30,Maruthi Sevanagar (Towards Shivajinagar),13.001522 77.63092 842 11.694000244140625,13.001522,77.63092,842,11.694000244140625,,Other Metal Bus Shelter (Other than Stainless Steel),Satisfactory – minor wear/dusty but usable,"Set back from the road – against a wall, compound, or building edge On the road edge / footpath edge – directly adjacent to traffic",1,1,0,,No,No,No,,1 - this is a standalone shelter ,At the bus stop – buses pull up to the shelter/marked stop,1,0,0,0,One Step Out (30 cm to 1 meter): Passengers have to step down onto the road surface first to board.,Footpath available to reach the bus stop from both directions,1,0,0,0,0,0,0,,"Partially encroached – e.g., vendors, parked two-wheelers, auto-rickshaws, construction material",No – area appears well-drained,"Safe – well-lit, visible, and active surroundings",Yes – adequate space for passengers,Yes – roof is intact and effective,Yes – sufficient shade from the bus shelter,"Yes – lit by nearby street lights, shop fronts, or advertisement boards",Yes – clear sightline to see the approaching buses,"Yes - the seating is of the right height, width, and depth to sit comfortably while waiting for the bus",No – name is missing,No information displayed at all,Seating / bench,1,0,0,0,0,0,0,0,"Mixed Use - A mix of commercial/residential/office, etc",Yes – advertisements dominate; passenger information is secondary,No route information and dustbin,dustbin and route information,1000145356-16_22_35.jpg,https://kf.kobotoolbox.org/api/v2/assets/am66CJhKEj8dCTL49UQSNG/data/795587483/attachments/atts36QhEUN37GMs6sgaSLxH/,1000145358-16_22_42.jpg,https://kf.kobotoolbox.org/api/v2/assets/am66CJhKEj8dCTL49UQSNG/data/795587483/attachments/att8iwUdGDz7VFM6bXvv8kwH/,1000145357-16_22_45.jpg,https://kf.kobotoolbox.org/api/v2/assets/am66CJhKEj8dCTL49UQSNG/data/795587483/attachments/att8sxktNHaVrXTp2VJhH6oh/,1000145359-16_22_49.jpg,https://kf.kobotoolbox.org/api/v2/assets/am66CJhKEj8dCTL49UQSNG/data/795587483/attachments/attyQebjGfki9vAimzuto96W/,795587483,56d10e04-93d7-4607-b367-3bf626e8b796,2026-06-29T16:22:56+05:30,,,submitted_via_web,,vNRRNU3SyFqnhy2xMWaa4o,,uuid:56d10e04-93d7-4607-b367-3bf626e8b796,292,Bengaluru,Bengaluru,13.001522,77.63092,device_gps,OK
2026-06-29T16:32:54.253000+05:30,2026-06-29T16:35:44.668000+05:30,2026-06-29T16:33:00+05:30,Ayappa Temple (Towards KR Puram),13.007401 77.64061 840.5999755859375 20.863000869750977,13.007401,77.64061,840.5999755859375,20.863000869750977,,No Shelter and No Signboard,,On the road edge / footpath edge – directly adjacent to traffic,0,1,0,,No,No,No,,,Bus stop not clearly marked,0,0,1,0,"Way Out in the Road (More than 1 meter): The bus stops far from the footpath, blocking a lane of traffic, forcing people to walk across active traffic to board the bus",Footpath available to reach the bus stop from both directions,1,0,0,0,0,0,0,,"Partially encroached – e.g., vendors, parked two-wheelers, auto-rickshaws, construction material","Yes – signs of standing water, algae, or drainage issues visible","Somewhat safe – some concerns (e.g., poor visibility, isolated location)",,,No – exposed to full sun,"Yes – lit by nearby street lights, shop fronts, or advertisement boards",,,,,None of the Above,0,0,0,0,0,0,0,1,"Mixed Use - A mix of commercial/residential/office, etc",,"Needs shelter, proper footpath","Shelter, seating and route information",1000599164-16_35_29.jpg,https://kf.kobotoolbox.org/api/v2/assets/am66CJhKEj8dCTL49UQSNG/data/795607590/attachments/attWHVU6R94g4JSq4g7kksyA/,1000599165-16_35_33.jpg,https://kf.kobotoolbox.org/api/v2/assets/am66CJhKEj8dCTL49UQSNG/data/795607590/attachments/atttTvLQJT8siUvkJj2N4WWG/,1000599166-16_35_37.jpg,https://kf.kobotoolbox.org/api/v2/assets/am66CJhKEj8dCTL49UQSNG/data/795607590/attachments/attawCLjjBfGRcm85bm4QGvM/,1000599163-16_35_42.jpg,https://kf.kobotoolbox.org/api/v2/assets/am66CJhKEj8dCTL49UQSNG/data/795607590/attachments/attuDLyDjHjLo6Y39W5YxSRr/,795607590,772db89a-10ad-4303-99cb-65483f0f886e,2026-06-29T16:35:53+05:30,,,submitted_via_web,,vNRRNU3SyFqnhy2xMWaa4o,,uuid:772db89a-10ad-4303-99cb-65483f0f886e,293,Bengaluru,Bengaluru,13.007401,77.64061,device_gps,OK
2026-06-29T16:35:45.123000+05:30,2026-06-29T16:40:22.096000+05:30,2026-06-29T16:38:00+05:30,Ayappa Temple (Towards Shivajinagar),13.007585 77.640875 840.5999755859375 22.190000534057617,13.007585,77.640875,840.5999755859375,22.190000534057617,,Other Metal Bus Shelter (Other than Stainless Steel),Unclean/Poorly Maintained,"Set back from the road – against a wall, compound, or building edge",1,0,0,,No,No,No,,1 - this is a standalone shelter ,At the bus stop – buses pull up to the shelter/marked stop,1,0,0,0,One Step Out (30 cm to 1 meter): Passengers have to step down onto the road surface first to board.,None of the above,0,0,0,0,0,0,1,,"Partially encroached – e.g., vendors, parked two-wheelers, auto-rickshaws, construction material","Yes – signs of standing water, algae, or drainage issues visible","Somewhat safe – some concerns (e.g., poor visibility, isolated location)", No – overcrowded or high number of people standing on the road,Yes – roof is intact and effective,Yes – sufficient shade from the bus shelter,"Yes – lit by nearby street lights, shop fronts, or advertisement boards",Yes – clear sightline to see the approaching buses,"Yes - the seating is of the right height, width, and depth to sit comfortably while waiting for the bus",Yes – name is prominently visible and legible,Yes – but information seems outdated or unreliable,Seating / bench,1,0,0,0,0,0,0,0,"Mixed Use - A mix of commercial/residential/office, etc",Yes – advertisements dominate; passenger information is secondary,Clear blocked off sides on footpath and update route information and keep dustbin,Dustbin and fix seating benches,1000599167-16_40_7.jpg,https://kf.kobotoolbox.org/api/v2/assets/am66CJhKEj8dCTL49UQSNG/data/795615467/attachments/att5L9bU5CdnZH9CJZ7Trvxj/,1000599170-16_40_12.jpg,https://kf.kobotoolbox.org/api/v2/assets/am66CJhKEj8dCTL49UQSNG/data/795615467/attachments/att3NgDSFeMs4FWeb3piKA6M/,1000599168-16_40_16.jpg,https://kf.kobotoolbox.org/api/v2/assets/am66CJhKEj8dCTL49UQSNG/data/795615467/attachments/attx9BqwbJCi7HXhMv33HT6D/,1000599169-16_40_19.jpg,https://kf.kobotoolbox.org/api/v2/assets/am66CJhKEj8dCTL49UQSNG/data/795615467/attachments/att77x4H98NDnSLfzTbecgM9/,795615467,48afe1b9-8822-4930-a957-23e5a9dba223,2026-06-29T16:40:30+05:30,,,submitted_via_web,,vNRRNU3SyFqnhy2xMWaa4o,,uuid:48afe1b9-8822-4930-a957-23e5a9dba223,294,Bengaluru,Bengaluru,13.007585,77.640875,device_gps,OK
2026-06-29T16:40:22.296000+05:30,2026-06-29T16:43:24.862000+05:30,2026-06-29T16:41:00+05:30,Steel factory (towards kr puram),13.013181 77.64933 830.2999877929688 6.236999988555908,13.013181,77.64933,830.2999877929688,6.236999988555908,,No Shelter and No Signboard,,"Set back from the road – against a wall, compound, or building edge",1,0,0,,No,No,No,,,At the bus stop – buses pull up to the shelter/marked stop,1,0,0,0,One Step Out (30 cm to 1 meter): Passengers have to step down onto the road surface first to board.,Footpath available to reach the bus stop from both directions,1,0,0,0,0,0,0,,"Partially encroached – e.g., vendors, parked two-wheelers, auto-rickshaws, construction material","Yes – signs of standing water, algae, or drainage issues visible","Somewhat safe – some concerns (e.g., poor visibility, isolated location)",,,No – exposed to full sun,"Yes – lit by nearby street lights, shop fronts, or advertisement boards",,,,,None of the Above,0,0,0,0,0,0,0,1,"Mixed Use - A mix of commercial/residential/office, etc",,No shelter and signage,Shelter and signage,1000599172-16_43_9.jpg,https://kf.kobotoolbox.org/api/v2/assets/am66CJhKEj8dCTL49UQSNG/data/795620013/attachments/attRv7WU4bEm2pLYNpSu8sXq/,1000599171-16_43_13.jpg,https://kf.kobotoolbox.org/api/v2/assets/am66CJhKEj8dCTL49UQSNG/data/795620013/attachments/attgJt3XkNTbBbyhTzrmpJwb/,1000599173-16_43_18.jpg,https://kf.kobotoolbox.org/api/v2/assets/am66CJhKEj8dCTL49UQSNG/data/795620013/attachments/attMJiHgGktMRzZACvyDSAUJ/,1000599174-16_43_22.jpg,https://kf.kobotoolbox.org/api/v2/assets/am66CJhKEj8dCTL49UQSNG/data/795620013/attachments/att4rDEGC43nVN2Np6C6DhZb/,795620013,387acbd7-3dd5-4811-a800-16d989b54a4f,2026-06-29T16:43:31+05:30,,,submitted_via_web,,vNRRNU3SyFqnhy2xMWaa4o,,uuid:387acbd7-3dd5-4811-a800-16d989b54a4f,295,Bengaluru,Bengaluru,13.013181,77.64933,device_gps,OK
2026-06-17T16:35:28.672000+05:30,2026-06-29T17:13:10.631000+05:30,2026-06-29T10:45:00+05:30,Nagalakshmi Kalyana Mantapa (Towards Banashankari Police station),12.926242 77.569892 0 0,12.926242,77.569892,0,0,,Other Metal Bus Shelter (Other than Stainless Steel),Satisfactory – minor wear/dusty but usable,"Set back from the road – against a wall, compound, or building edge",1,0,0,,Yes,Yes,No,Yes - It's free of obstructions and feels safe to use,1 - this is a standalone shelter ,At the bus stop – buses pull up to the shelter/marked stop,1,0,0,0,One Step Out (30 cm to 1 meter): Passengers have to step down onto the road surface first to board.,Footpath available to reach the bus stop from both directions,1,0,0,0,0,0,0,,"Partially encroached – e.g., vendors, parked two-wheelers, auto-rickshaws, construction material",No – area appears well-drained,"Somewhat safe – some concerns (e.g., poor visibility, isolated location)",Yes – adequate space for passengers,Yes – roof is intact and effective,Yes - from both bus shelter AND trees,Unsure / Not observed,Yes – clear sightline to see the approaching buses,No - the seating is too small to sit comfortably ,Yes – name is prominently visible and legible,No information displayed at all,Seating / bench Sufficient seating for the number of people typically waiting,1,1,0,0,0,0,0,0,"Mixed Use - A mix of commercial/residential/office, etc",Yes – advertisements present but passenger information is still clearly visible,"I have seen very few buses stop here, connectivity could be improved.",,20260623_143211-17_12_51.jpg,https://kf.kobotoolbox.org/api/v2/assets/am66CJhKEj8dCTL49UQSNG/data/795665949/attachments/atti5DzMuYtd6HoG9r9EJmP7/,,,,,,,795665949,93f31c7f-c0b6-4acb-be80-f65f676f7c78,2026-06-29T17:13:14+05:30,,,submitted_via_web,,vNRRNU3SyFqnhy2xMWaa4o,,uuid:93f31c7f-c0b6-4acb-be80-f65f676f7c78,296,Bengaluru,Bengaluru,12.926242,77.569892,device_gps,OK
2026-06-29T17:13:10.701000+05:30,2026-06-29T17:20:52.478000+05:30,2026-06-29T17:15:00+05:30,Kaikondrahalli bus stop (Towards Ibbaluuru),12.914167 77.676618 0 0,12.914167,77.676618,0,0,,Other Metal Bus Shelter (Other than Stainless Steel),Unclean/Poorly Maintained,On the road edge / footpath edge – directly adjacent to traffic,0,1,0,,No,No,No,,1 - this is a standalone shelter ,At the bus stop – buses pull up to the shelter/marked stop,1,0,0,0,One Step Out (30 cm to 1 meter): Passengers have to step down onto the road surface first to board.,None of the above,0,0,0,0,0,0,1,,Heavily encroached – the stop is largely unusable because of obstructions,"Yes – signs of standing water, algae, or drainage issues visible",Unable to assess (audit done only in daytime), No – overcrowded or high number of people standing on the road,"Yes – but the roof is inadequate (too tall, too small, gaps, or partial coverage)",Partial – some shade but insufficient,Unsure / Not observed,"No – sightline is blocked (by structure, advertisement boards, trees, or parked vehicles)",No - the seating is too small to sit comfortably ,No – name is missing,No information displayed at all,Seating / bench,1,0,0,0,0,0,0,0,"Mixed Use - A mix of commercial/residential/office, etc",Yes – advertisements dominate; passenger information is secondary,Bus stop needs upgradation and more shelters are required as this is a major bus stop. Pedestrian crossing is also very difficult here.,,20260623_134502 (1)-17_20_46.jpg,https://kf.kobotoolbox.org/api/v2/assets/am66CJhKEj8dCTL49UQSNG/data/795677870/attachments/attPVnppRKcm7Dz6yZkhZXwb/,,,,,,,795677870,dcb7418e-001f-4fb4-a88c-d15e74ae838f,2026-06-29T17:20:56+05:30,,,submitted_via_web,,vNRRNU3SyFqnhy2xMWaa4o,,uuid:dcb7418e-001f-4fb4-a88c-d15e74ae838f,297,Bengaluru,Bengaluru,12.914167,77.676618,device_gps,OK
2026-06-29T17:20:52.550000+05:30,2026-06-29T17:29:55.297000+05:30,2026-06-29T17:30:00+05:30,Mori Gate (Wipro) towards Ibbaluru,12.910839 77.684055 0 0,12.910839,77.684055,0,0,,Other Metal Bus Shelter (Other than Stainless Steel),Unclean/Poorly Maintained,"Set back from the road – against a wall, compound, or building edge",1,0,0,,No,No,No,,3,Away from the bus stop – buses stop before or beyond the shelter/marked location,0,1,0,0,"Way Out in the Road (More than 1 meter): The bus stops far from the footpath, blocking a lane of traffic, forcing people to walk across active traffic to board the bus",None of the above,0,0,0,0,0,0,1,,Heavily encroached – the stop is largely unusable because of obstructions,"Yes – signs of standing water, algae, or drainage issues visible",Unable to assess (audit done only in daytime), No – overcrowded or high number of people standing on the road,"Yes – but the roof is inadequate (too tall, too small, gaps, or partial coverage)",Partial – some shade but insufficient,Unsure / Not observed,"No – sightline is blocked (by structure, advertisement boards, trees, or parked vehicles)",No - the seating is too small to sit comfortably ,No – name is missing,No information displayed at all,None of the Above,0,0,0,0,0,0,0,1,"Mixed Use - A mix of commercial/residential/office, etc",Yes – advertisements dominate; passenger information is secondary,"There are 2-3 shelters but all are adjacent to service road, not the main road. Buses stop on the main road side, where there is no shelter. Only in case of high traffic sometimes buses stop on service road.  The footpath between main and service road needs a shelter desparately.",,20260623_133913-17_29_37.jpg,https://kf.kobotoolbox.org/api/v2/assets/am66CJhKEj8dCTL49UQSNG/data/795692570/attachments/attsi254UWJREFNLf2TGquTW/,,,20260623_133910-17_29_45.jpg,https://kf.kobotoolbox.org/api/v2/assets/am66CJhKEj8dCTL49UQSNG/data/795692570/attachments/attQT2fJkEy3hqmKjtg8DyHT/,,,795692570,0af9e6fc-5e3b-4111-8718-f4fd5c9f33bd,2026-06-29T17:29:58+05:30,,,submitted_via_web,,vNRRNU3SyFqnhy2xMWaa4o,,uuid:0af9e6fc-5e3b-4111-8718-f4fd5c9f33bd,298,Bengaluru,Bengaluru,12.910839,77.684055,device_gps,OK
2026-06-29T17:29:55.373000+05:30,2026-06-29T17:37:44.084000+05:30,2026-06-29T17:30:00+05:30,Radha Reddy Layout Bus stop towards Ibbaluru,12.908677 77.689585 0 0,12.908677,77.689585,0,0,,Other Metal Bus Shelter (Other than Stainless Steel),Unclean/Poorly Maintained,On the road edge / footpath edge – directly adjacent to traffic,0,1,0,,No,No,No,,1 - this is a standalone shelter ,At the bus stop – buses pull up to the shelter/marked stop,1,0,0,0,One Step Out (30 cm to 1 meter): Passengers have to step down onto the road surface first to board.,None of the above,0,0,0,0,0,0,1,,Heavily encroached – the stop is largely unusable because of obstructions,No – area appears well-drained,Unable to assess (audit done only in daytime),Yes – adequate space for passengers,Yes – roof is intact and effective,Yes – sufficient shade from the bus shelter,Unsure / Not observed,"No – sightline is blocked (by structure, advertisement boards, trees, or parked vehicles)","Yes - the seating is of the right height, width, and depth to sit comfortably while waiting for the bus",No – name is missing,No information displayed at all,Seating / bench,1,0,0,0,0,0,0,0,"Mostly commercial - Retail shops. restaurants, cafes, markets, etc",Yes – advertisements dominate; passenger information is secondary,"This bus stop is not commonly used, so only if passengers know about it and ask for the bus to stop there, then the bus will stop.",,20260623_133656-17_37_41.jpg,https://kf.kobotoolbox.org/api/v2/assets/am66CJhKEj8dCTL49UQSNG/data/795705358/attachments/attu2hrHjuK7PKYKEg9rbADi/,,,,,,,795705358,ad337b30-3e4e-4f9c-91ed-2aa483820516,2026-06-29T17:37:46+05:30,,,submitted_via_web,,vNRRNU3SyFqnhy2xMWaa4o,,uuid:ad337b30-3e4e-4f9c-91ed-2aa483820516,299,Bengaluru,Bengaluru,12.908677,77.689585,device_gps,OK
2026-06-29T16:43:25.022000+05:30,2026-06-29T21:49:13.587000+05:30,2026-06-29T21:47:00+05:30,Police Station Rammurthy nagar (Towards KR Puram),13.011884 77.667932 845.7999877929688 10.958000183105469,13.011884,77.667932,845.7999877929688,10.958000183105469,,No Shelter and No Signboard,,On the road edge / footpath edge – directly adjacent to traffic,0,1,0,,No,No,No,,,Away from the bus stop – buses stop before or beyond the shelter/marked location Bus stop not clearly marked,0,1,1,0,One Step Out (30 cm to 1 meter): Passengers have to step down onto the road surface first to board.,Footpath available to reach the bus stop from both directions,1,0,0,0,0,0,0,,"Partially encroached – e.g., vendors, parked two-wheelers, auto-rickshaws, construction material",Unsure,"Safe – well-lit, visible, and active surroundings",,,No – exposed to full sun,"Yes – lit by nearby street lights, shop fronts, or advertisement boards",,,,,None of the Above,0,0,0,0,0,0,0,1,"Mixed Use - A mix of commercial/residential/office, etc",,No signage or shelter,Signage or shelter,1000599261-21_48_55.jpg,https://kf.kobotoolbox.org/api/v2/assets/am66CJhKEj8dCTL49UQSNG/data/796039793/attachments/att3b3GrqFS2WsT6xWVWLED7/,1000599262-21_49_0.jpg,https://kf.kobotoolbox.org/api/v2/assets/am66CJhKEj8dCTL49UQSNG/data/796039793/attachments/attnFoHKgL3hVuQ85SH9sraP/,1000599264-21_49_4.jpg,https://kf.kobotoolbox.org/api/v2/assets/am66CJhKEj8dCTL49UQSNG/data/796039793/attachments/attzztd8AbnsyvvpREPSwBVK/,1000599263-21_49_8.jpg,https://kf.kobotoolbox.org/api/v2/assets/am66CJhKEj8dCTL49UQSNG/data/796039793/attachments/attvvYEzavjfCbs3pBpcxQpk/,796039793,471d5cc9-99c1-4ee4-9a04-7d2d5243208d,2026-06-29T21:49:18+05:30,,,submitted_via_web,,vNRRNU3SyFqnhy2xMWaa4o,,uuid:471d5cc9-99c1-4ee4-9a04-7d2d5243208d,300,Bengaluru,Bengaluru,13.011884,77.667932,device_gps,OK
2026-06-29T21:49:13.760000+05:30,2026-06-29T21:51:41.376000+05:30,2026-06-29T21:49:00+05:30,Police Station Ramamurthinagar (Towards B chanasandra bridge),13.012008 77.667756 845.3999633789062 14.25100040435791,13.012008,77.667756,845.3999633789062,14.25100040435791,,No Shelter and No Signboard,,On the road edge / footpath edge – directly adjacent to traffic,0,1,0,,No,No,No,,,Away from the bus stop – buses stop before or beyond the shelter/marked location Bus stop not clearly marked,0,1,1,0,One Step Out (30 cm to 1 meter): Passengers have to step down onto the road surface first to board.,None of the above,0,0,0,0,0,0,1,,"Partially encroached – e.g., vendors, parked two-wheelers, auto-rickshaws, construction material","Yes – signs of standing water, algae, or drainage issues visible","Safe – well-lit, visible, and active surroundings",,,No – exposed to full sun,"Yes – lit by nearby street lights, shop fronts, or advertisement boards",,,,,None of the Above,0,0,0,0,0,0,0,1,"Mixed Use - A mix of commercial/residential/office, etc",,No signage or shelter,Signage or shelter,1000599265-21_51_38.jpg,https://kf.kobotoolbox.org/api/v2/assets/am66CJhKEj8dCTL49UQSNG/data/796042895/attachments/attx8kaNXNvKNCekfE4YBfum/,,,,,,,796042895,afa9e989-7363-41d2-99c2-e38d08ff9c18,2026-06-29T21:51:44+05:30,,,submitted_via_web,,vNRRNU3SyFqnhy2xMWaa4o,,uuid:afa9e989-7363-41d2-99c2-e38d08ff9c18,301,Bengaluru,Bengaluru,13.012008,77.667756,device_gps,OK
2026-06-29T21:51:41.465000+05:30,2026-06-29T21:57:31.310000+05:30,2026-06-29T21:53:00+05:30,Manipal (Opposite of Petra Park Towards Kr puram),13.011651 77.670482 842.2000122070312 12.807000160217285,13.011651,77.670482,842.2000122070312,12.807000160217285,,No Shelter and No Signboard,,On the road edge / footpath edge – directly adjacent to traffic,0,1,0,,No,No,No,,,Bus stop not clearly marked,0,0,1,0,"Way Out in the Road (More than 1 meter): The bus stops far from the footpath, blocking a lane of traffic, forcing people to walk across active traffic to board the bus",Footpath available to reach the bus stop from both directions,1,0,0,0,0,0,0,,Heavily encroached – the stop is largely unusable because of obstructions,No – area appears well-drained,"Somewhat safe – some concerns (e.g., poor visibility, isolated location)",,,No – exposed to full sun,Partially – some light but insufficient,,,,,None of the Above,0,0,0,0,0,0,0,1,"Mixed Use - A mix of commercial/residential/office, etc",,No signage or shelter,Signage or shelter,1000599278-21_57_27.jpg,https://kf.kobotoolbox.org/api/v2/assets/am66CJhKEj8dCTL49UQSNG/data/796049978/attachments/attpFLi2yaQTCd3ncXeuAQX6/,,,,,,,796049978,15ec8465-51bf-4c23-9aae-12c13c5a6ead,2026-06-29T21:57:34+05:30,,,submitted_via_web,,vNRRNU3SyFqnhy2xMWaa4o,,uuid:15ec8465-51bf-4c23-9aae-12c13c5a6ead,302,Bengaluru,Bengaluru,13.011651,77.670482,device_gps,OK
2026-06-29T21:57:31.406000+05:30,2026-06-29T21:59:24.699000+05:30,2026-06-29T21:58:00+05:30,Manipal (Opposite of Petra Park Towards Shivajinagar),13.011637 77.670499 842.2000122070312 16.14299964904785,13.011637,77.670499,842.2000122070312,16.14299964904785,,No Shelter and No Signboard,,On the road edge / footpath edge – directly adjacent to traffic,0,1,0,,No,No,No,,,Away from the bus stop – buses stop before or beyond the shelter/marked location Bus stop not clearly marked,0,1,1,0,One Step Out (30 cm to 1 meter): Passengers have to step down onto the road surface first to board.,Footpath available to reach the bus stop from both directions,1,0,0,0,0,0,0,,"Partially encroached – e.g., vendors, parked two-wheelers, auto-rickshaws, construction material",No – area appears well-drained,"Somewhat safe – some concerns (e.g., poor visibility, isolated location)",,,Partial – some shade but insufficient,Partially – some light but insufficient,,,,,None of the Above,0,0,0,0,0,0,0,1,"Mixed Use - A mix of commercial/residential/office, etc",,No signage or shelter,Signage or shelter,1000599279-21_58_33.jpg,https://kf.kobotoolbox.org/api/v2/assets/am66CJhKEj8dCTL49UQSNG/data/796052123/attachments/att5kHXPPeXRt9HMtm2Y2WyA/,,,,,,,796052123,b9d8906e-793b-4704-88fd-db91ccc40a7e,2026-06-29T21:59:27+05:30,,,submitted_via_web,,vNRRNU3SyFqnhy2xMWaa4o,,uuid:b9d8906e-793b-4704-88fd-db91ccc40a7e,303,Bengaluru,Bengaluru,13.011637,77.670499,device_gps,OK
2026-06-29T21:59:24.783000+05:30,2026-06-29T22:04:10.003000+05:30,2026-06-29T22:02:00+05:30,"Yaranapalya (In Front of Fashion World), Ramamurthi Nagara",13.011509 77.673285 835.5 17.368000030517578,13.011509,77.673285,835.5,17.368000030517578,,No Shelter and No Signboard,,On the road edge / footpath edge – directly adjacent to traffic,0,1,0,,No,No,No,,,Bus stop not clearly marked,0,0,1,0,One Step Out (30 cm to 1 meter): Passengers have to step down onto the road surface first to board.,Footpath available to reach the bus stop from both directions,1,0,0,0,0,0,0,,"Partially encroached – e.g., vendors, parked two-wheelers, auto-rickshaws, construction material",No – area appears well-drained,"Somewhat safe – some concerns (e.g., poor visibility, isolated location)",,,No – exposed to full sun,"Yes – lit by nearby street lights, shop fronts, or advertisement boards",,,,,None of the Above,0,0,0,0,0,0,0,1,"Mixed Use - A mix of commercial/residential/office, etc",,No Signage or shelter,Signage or shelter,1000599281-22_4_2.jpg,https://kf.kobotoolbox.org/api/v2/assets/am66CJhKEj8dCTL49UQSNG/data/796057290/attachments/atteyvhEufpWgs95vq3JcVxt/,,,,,,,796057290,f5867645-9d80-4540-9238-f2dcb358e565,2026-06-29T22:04:14+05:30,,,submitted_via_web,,vNRRNU3SyFqnhy2xMWaa4o,,uuid:f5867645-9d80-4540-9238-f2dcb358e565,304,Bengaluru,Bengaluru,13.011509,77.673285,device_gps,OK
2026-06-29T22:04:10.109000+05:30,2026-06-29T22:06:33.512000+05:30,2026-06-29T22:06:00+05:30,"Yaranapalya (In Front of Fashion World), Ramamurthi Nagara (Towards Signal/ B Chanasandra Bridge))",13.011615 77.673355 834.5999755859375 7.861000061035156,13.011615,77.673355,834.5999755859375,7.861000061035156,,No Shelter and No Signboard,,On the road edge / footpath edge – directly adjacent to traffic,0,1,0,,No,No,No,,,Bus stop not clearly marked,0,0,1,0,One Step Out (30 cm to 1 meter): Passengers have to step down onto the road surface first to board.,Footpath available to reach the bus stop from both directions,1,0,0,0,0,0,0,,"Partially encroached – e.g., vendors, parked two-wheelers, auto-rickshaws, construction material",No – area appears well-drained,"Somewhat safe – some concerns (e.g., poor visibility, isolated location)",,,No – exposed to full sun,"Yes – lit by nearby street lights, shop fronts, or advertisement boards",,,,,None of the Above,0,0,0,0,0,0,0,1,"Mixed Use - A mix of commercial/residential/office, etc",,No Signage or shelter,Signage or shelter,1000599280-22_6_14.jpg,https://kf.kobotoolbox.org/api/v2/assets/am66CJhKEj8dCTL49UQSNG/data/796060075/attachments/attzfgFTmJDqo4haM4Ni8cvH/,,,,,,,796060075,fcb0b60e-4361-46a6-bab6-fb948f2fbc5d,2026-06-29T22:06:36+05:30,,,submitted_via_web,,vNRRNU3SyFqnhy2xMWaa4o,,uuid:fcb0b60e-4361-46a6-bab6-fb948f2fbc5d,305,Bengaluru,Bengaluru,13.011615,77.673355,device_gps,OK
2026-06-29T22:06:33.606000+05:30,2026-06-29T22:24:17.837000+05:30,2026-06-29T22:21:00+05:30,"Church Rm Nagar (In Front of Sunil Bankers & Jewellers), Ramamurthi Nagara (Towards Kr puram)",13.011661 77.678862 820.7999877929688 30.847999572753906,13.011661,77.678862,820.7999877929688,30.847999572753906,,No Shelter and No Signboard,,On the road edge / footpath edge – directly adjacent to traffic,0,1,0,,No,No,No,,,Bus stop not clearly marked,0,0,1,0,One Step Out (30 cm to 1 meter): Passengers have to step down onto the road surface first to board.,None of the above,0,0,0,0,0,0,1,,"Partially encroached – e.g., vendors, parked two-wheelers, auto-rickshaws, construction material",No – area appears well-drained,"Unsafe – poorly lit, isolated, or has a history of feeling threatening",,,No – exposed to full sun,Partially – some light but insufficient,,,,,None of the Above,0,0,0,0,0,0,0,1,"Mixed Use - A mix of commercial/residential/office, etc",,No Signage or shelter,Signage or shelter,1000599286-22_24_14.jpg,https://kf.kobotoolbox.org/api/v2/assets/am66CJhKEj8dCTL49UQSNG/data/796077082/attachments/attmq7sriWUiZGvs4hLJMQhT/,,,,,,,796077082,97d765a9-bf45-4d74-8c5f-e8ef91f93693,2026-06-29T22:24:20+05:30,,,submitted_via_web,,vNRRNU3SyFqnhy2xMWaa4o,,uuid:97d765a9-bf45-4d74-8c5f-e8ef91f93693,306,Bengaluru,Bengaluru,13.011661,77.678862,device_gps,OK
2026-06-29T22:24:17.945000+05:30,2026-06-29T22:25:57.108000+05:30,2026-06-29T22:24:00+05:30,"Church Rm Nagar (In Front of Sunil Bankers & Jewellers), Ramamurthi Nagara Towards B Chanasandra Signal",13.011675 77.678847 820.7000122070312 9.479999542236328,13.011675,77.678847,820.7000122070312,9.479999542236328,,No Shelter and No Signboard,,On the road edge / footpath edge – directly adjacent to traffic,0,1,0,,No,No,No,,,Bus stop not clearly marked,0,0,1,0,One Step Out (30 cm to 1 meter): Passengers have to step down onto the road surface first to board.,Footpath available to reach the bus stop from both directions,1,0,0,0,0,0,0,,"Partially encroached – e.g., vendors, parked two-wheelers, auto-rickshaws, construction material",No – area appears well-drained,"Unsafe – poorly lit, isolated, or has a history of feeling threatening",,,No – exposed to full sun,Partially – some light but insufficient,,,,,None of the Above,0,0,0,0,0,0,0,1,"Mixed Use - A mix of commercial/residential/office, etc",,No Signage or shelter,Signage or shelter,1000599285-22_25_54.jpg,https://kf.kobotoolbox.org/api/v2/assets/am66CJhKEj8dCTL49UQSNG/data/796078093/attachments/att6KGnGM6tMj7BAtTibrC4y/,,,,,,,796078093,88618a28-c401-4f4a-855c-7812d0567b50,2026-06-29T22:25:59+05:30,,,submitted_via_web,,vNRRNU3SyFqnhy2xMWaa4o,,uuid:88618a28-c401-4f4a-855c-7812d0567b50,307,Bengaluru,Bengaluru,13.011675,77.678847,device_gps,OK
2026-06-25T11:09:24.439000+05:30,2026-06-29T22:29:00.852000+05:30,2026-06-28T17:20:00+05:30,CPRI ( cv raman rd towards Mekhri circle),13.014984 77.574814 0 0,13.014984,77.574814,0,0,,Concrete/Masonry Bus Shelter,Satisfactory – minor wear/dusty but usable,"Set back from the road – against a wall, compound, or building edge",1,0,0,,No,Yes,No,,3,At the bus stop – buses pull up to the shelter/marked stop,1,0,0,0,One Step Out (30 cm to 1 meter): Passengers have to step down onto the road surface first to board.,"Footpath available to reach the bus stop from both directions Footpath is walkable and free of encroachment like parking, vendors, utility boxes, garbage, etc",1,1,0,0,0,0,0,," Yes – fully accessible, no obstructions",No – area appears well-drained,"Somewhat safe – some concerns (e.g., poor visibility, isolated location)",Yes – adequate space for passengers,Yes – roof is intact and effective,Yes - from both bus shelter AND trees,Partially – some light but insufficient,Yes – clear sightline to see the approaching buses,"Yes - the seating is of the right height, width, and depth to sit comfortably while waiting for the bus","Yes – but faded, small, or difficult to read","Yes – but information is unclear, faded, or partially missing",Seating / bench Sufficient seating for the number of people typically waiting Dustbin / waste bin,1,1,1,0,0,0,0,0,"Mostly Institutional - Schools, Hospitals, Govt. Offices, etc",No advertisements,"3 bus shelters..look helter skelter , no standardization","Standardize, display bus stop name, route info & live passenger info.",1000518388-22_23_47.jpg,https://kf.kobotoolbox.org/api/v2/assets/am66CJhKEj8dCTL49UQSNG/data/796080566/attachments/attQxvmU9sPTokEKGbRUS55S/,1000518387-22_24_0.jpg,https://kf.kobotoolbox.org/api/v2/assets/am66CJhKEj8dCTL49UQSNG/data/796080566/attachments/attBHTNw4jVd7zzsQYyFbEgd/,,,,,796080566,accc40cd-5ba1-4358-ae94-dc41e0a0f8ed,2026-06-29T22:29:04+05:30,,,submitted_via_web,,vNRRNU3SyFqnhy2xMWaa4o,,uuid:accc40cd-5ba1-4358-ae94-dc41e0a0f8ed,308,Bengaluru,Bengaluru,13.014984,77.574814,device_gps,OK
2026-06-29T22:25:57.186000+05:30,2026-06-29T22:31:40.022000+05:30,2026-06-29T22:29:00+05:30,Alada Maara (Towards B Chanasandra Bridge),13.011475 77.677011 822.7999877929688 16.981000900268555,13.011475,77.677011,822.7999877929688,16.981000900268555,,No Shelter and No Signboard,,On the road edge / footpath edge – directly adjacent to traffic,0,1,0,,No,No,No,,,Bus stop not clearly marked,0,0,1,0,One Step Out (30 cm to 1 meter): Passengers have to step down onto the road surface first to board.,Footpath available to reach the bus stop from both directions,1,0,0,0,0,0,0,,"Partially encroached – e.g., vendors, parked two-wheelers, auto-rickshaws, construction material",No – area appears well-drained,"Unsafe – poorly lit, isolated, or has a history of feeling threatening",,,No – exposed to full sun,No – inadequate or no lighting at all,,,,,None of the Above,0,0,0,0,0,0,0,1,"Mixed Use - A mix of commercial/residential/office, etc",,No Signage or shelter ans very low lighting,"Bright Light, Signage or shelter",1000599292-22_31_35.jpg,https://kf.kobotoolbox.org/api/v2/assets/am66CJhKEj8dCTL49UQSNG/data/796082894/attachments/attZuxSL44GcEcjqonB7z6wR/,,,,,,,796082894,fa67a5b9-2186-4188-a944-bbb4cbd82637,2026-06-29T22:31:42+05:30,,,submitted_via_web,,vNRRNU3SyFqnhy2xMWaa4o,,uuid:fa67a5b9-2186-4188-a944-bbb4cbd82637,309,Bengaluru,Bengaluru,13.011475,77.677011,device_gps,OK
2026-06-29T22:31:40.115000+05:30,2026-06-29T22:35:14.540000+05:30,2026-06-29T22:35:00+05:30,Alada Maara (Towards Kr Puram),13.011515 77.677011 822.3999633789062 6.831999778747559,13.011515,77.677011,822.3999633789062,6.831999778747559,,"Only ""Bus Stop"" Signboard - No Bus Shelter",,On the road edge / footpath edge – directly adjacent to traffic,0,1,0,,No,No,No,,,At the bus stop – buses pull up to the shelter/marked stop,1,0,0,0,One Step Out (30 cm to 1 meter): Passengers have to step down onto the road surface first to board.,Footpath available to reach the bus stop from both directions,1,0,0,0,0,0,0,,"Partially encroached – e.g., vendors, parked two-wheelers, auto-rickshaws, construction material",No – area appears well-drained,"Unsafe – poorly lit, isolated, or has a history of feeling threatening",,,No – exposed to full sun,No – inadequate or no lighting at all,,,No – name is missing,No information displayed at all,None of the Above,0,0,0,0,0,0,0,1,"Mixed Use - A mix of commercial/residential/office, etc",,"No Signage, light or shelter",Better Light and Signage or shelter,1000599291-22_34_59.jpg,https://kf.kobotoolbox.org/api/v2/assets/am66CJhKEj8dCTL49UQSNG/data/796085791/attachments/attRPonAJdpBzqymWcMT6QBv/,,,,,,,796085791,f714283e-93c9-4d9a-8093-59fd2ddbcbbf,2026-06-29T22:35:17+05:30,,,submitted_via_web,,vNRRNU3SyFqnhy2xMWaa4o,,uuid:f714283e-93c9-4d9a-8093-59fd2ddbcbbf,310,Bengaluru,Bengaluru,13.011515,77.677011,device_gps,OK
2026-06-29T22:29:01.098000+05:30,2026-06-29T22:39:30.843000+05:30,2026-06-28T15:20:00+05:30,Govt Sandal Soap Factory ( near metro stn/ brigade sheraton side),13.013323 77.55464 0 0,13.013323,77.55464,0,0,,Other Metal Bus Shelter (Other than Stainless Steel),Unclean/Poorly Maintained,On the road edge / footpath edge – directly adjacent to traffic The road/footpath is too narrow ,0,1,1,,No,No,No,,1 - this is a standalone shelter ,Away from the bus stop – buses stop before or beyond the shelter/marked location,0,1,0,0,One Step Out (30 cm to 1 meter): Passengers have to step down onto the road surface first to board.,None of the above,0,0,0,0,0,0,1,,"Partially encroached – e.g., vendors, parked two-wheelers, auto-rickshaws, construction material",Unsure,"Safe – well-lit, visible, and active surroundings", No – overcrowded or high number of people standing on the road,"Yes – but the roof is inadequate (too tall, too small, gaps, or partial coverage)",Yes - from both bus shelter AND trees,Partially – some light but insufficient,"No – sightline is blocked (by structure, advertisement boards, trees, or parked vehicles)",No seating available,"Yes – but faded, small, or difficult to read",Yes – but information seems outdated or unreliable,None of the Above,0,0,0,0,0,0,0,1,"Mostly commercial - Office buildings, malls, large stores, etc",Yes – advertisements present but passenger information is still clearly visible,"Congested due to heavy traffic. Most people wait on road for visibility of bus,","Bus stop name - should be same as metro station - ( mysore) Sandal Soap Factory instead of govt soap factory.  Needs revamp & enlarge, needs latest route & passenger info.",1000518196-22_38_13.jpg,https://kf.kobotoolbox.org/api/v2/assets/am66CJhKEj8dCTL49UQSNG/data/796090123/attachments/attfEGE95ktGp5kzYQ2r8KCJ/,1000518195-22_38_28.jpg,https://kf.kobotoolbox.org/api/v2/assets/am66CJhKEj8dCTL49UQSNG/data/796090123/attachments/attR3dpt8HKg7yf78vHGxoCK/,1000518194-22_38_43.jpg,https://kf.kobotoolbox.org/api/v2/assets/am66CJhKEj8dCTL49UQSNG/data/796090123/attachments/attMC2VRUtacfFZn62pmTjB7/,,,796090123,040494e0-19af-4980-bb85-4b3b03468ca0,2026-06-29T22:39:34+05:30,,,submitted_via_web,,vNRRNU3SyFqnhy2xMWaa4o,,uuid:040494e0-19af-4980-bb85-4b3b03468ca0,311,Bengaluru,Bengaluru,13.013323,77.55464,device_gps,OK
2026-06-29T22:35:14.657000+05:30,2026-06-29T22:42:58.755000+05:30,2026-06-29T22:39:00+05:30,B Channasandra Bridge(Ramamurthy Nagara Ring Road) Towards KR puram,13.0134 77.66257 846 8.361000061035156,13.0134,77.66257,846,8.361000061035156,,Other Metal Bus Shelter (Other than Stainless Steel),Unclean/Poorly Maintained,"Set back from the road – against a wall, compound, or building edge On the road edge / footpath edge – directly adjacent to traffic",1,1,0,,No,No,No,,1 - this is a standalone shelter ,At the bus stop – buses pull up to the shelter/marked stop,1,0,0,0,One Step Out (30 cm to 1 meter): Passengers have to step down onto the road surface first to board.,Footpath available to reach the bus stop from both directions Pedestrian crossing at/close to the bus stop to cross the road?,1,0,0,0,0,1,0,,"Partially encroached – e.g., vendors, parked two-wheelers, auto-rickshaws, construction material",No – area appears well-drained,"Unsafe – poorly lit, isolated, or has a history of feeling threatening", No – overcrowded or high number of people standing on the road,No – The roof is too damaged or broken to provide shelter,Yes - from both bus shelter AND trees,Partially – some light but insufficient,Yes – clear sightline to see the approaching buses,"Yes - the seating is of the right height, width, and depth to sit comfortably while waiting for the bus",No – name is missing,No information displayed at all,Seating / bench Public toilet nearby (within eyesight),1,0,0,0,1,0,0,0,"Mixed Use - A mix of commercial/residential/office, etc",Yes – advertisements dominate; passenger information is secondary,Broken roof and dirty no route information,Route information and dustbin,1000599293-22_42_48.jpg,https://kf.kobotoolbox.org/api/v2/assets/am66CJhKEj8dCTL49UQSNG/data/796093761/attachments/attg5BdwDQmVPTKP2mrmadir/,1000599294-22_42_53.jpg,https://kf.kobotoolbox.org/api/v2/assets/am66CJhKEj8dCTL49UQSNG/data/796093761/attachments/attrJ5ohz8kyhWnUBF4vwDvH/,1000599296-22_42_56.jpg,https://kf.kobotoolbox.org/api/v2/assets/am66CJhKEj8dCTL49UQSNG/data/796093761/attachments/attFqrDd2CxwdtK65MPyRid7/,,,796093761,30d1ace5-7b56-453d-bc4e-067b9f5dce1f,2026-06-29T22:43:03+05:30,,,submitted_via_web,,vNRRNU3SyFqnhy2xMWaa4o,,uuid:30d1ace5-7b56-453d-bc4e-067b9f5dce1f,312,Bengaluru,Bengaluru,13.0134,77.66257,device_gps,OK
2026-06-29T22:42:58.887000+05:30,2026-06-29T22:47:57.639000+05:30,2026-06-29T22:43:00+05:30,Bhuvanagiri ಭುವನಗಿರಿ,13.013231 77.662093 846 11.123000144958496,13.013231,77.662093,846,11.123000144958496,,Temporary/Makeshift Bus Shelter,Satisfactory – minor wear/dusty but usable,"Set back from the road – against a wall, compound, or building edge",1,0,0,,No,Yes,Yes,,1 - this is a standalone shelter ,At the bus stop – buses pull up to the shelter/marked stop Away from the bus stop – buses stop before or beyond the shelter/marked location,1,1,0,0,"Way Out in the Road (More than 1 meter): The bus stops far from the footpath, blocking a lane of traffic, forcing people to walk across active traffic to board the bus","Footpath available to reach the bus stop from both directions Footpath is walkable and free of encroachment like parking, vendors, utility boxes, garbage, etc Pedestrian crossing at/close to the bus stop to cross the road?",1,1,0,0,0,1,0,," Yes – fully accessible, no obstructions","Yes – signs of standing water, algae, or drainage issues visible","Safe – well-lit, visible, and active surroundings", No – overcrowded or high number of people standing on the road,"Yes – but the roof is inadequate (too tall, too small, gaps, or partial coverage)",Partial – some shade but insufficient,"Yes – lit by nearby street lights, shop fronts, or advertisement boards",Yes – clear sightline to see the approaching buses,No - the seating is too slippery,Yes – name is prominently visible and legible,No information displayed at all,Seating / bench Public toilet nearby (within eyesight),1,0,0,0,1,0,0,0,"Mixed Use - A mix of commercial/residential/office, etc",Yes – advertisements dominate; passenger information is secondary,"Bus stop looks clean but with metal sheets so there are gaps, no ramp and no dustbins",Route information and more seats as this is a very crowded bus stop,1000599297-22_47_43.jpg,https://kf.kobotoolbox.org/api/v2/assets/am66CJhKEj8dCTL49UQSNG/data/796098063/attachments/attLov7QR7UdtRLRceMWp4Xv/,1000599298-22_47_47.jpg,https://kf.kobotoolbox.org/api/v2/assets/am66CJhKEj8dCTL49UQSNG/data/796098063/attachments/attGFxYBYfYjJ4a9HRpKgEya/,1000599299-22_47_52.jpg,https://kf.kobotoolbox.org/api/v2/assets/am66CJhKEj8dCTL49UQSNG/data/796098063/attachments/attjU92UxjHRUNUEqTWC6Uwk/,1000599300-22_47_55.jpg,https://kf.kobotoolbox.org/api/v2/assets/am66CJhKEj8dCTL49UQSNG/data/796098063/attachments/attehD6gp4eiLMgybHpWJa2H/,796098063,8f7f81c2-c83b-42ba-8bec-dd5b9a475010,2026-06-29T22:48:02+05:30,,,submitted_via_web,,vNRRNU3SyFqnhy2xMWaa4o,,uuid:8f7f81c2-c83b-42ba-8bec-dd5b9a475010,313,Bengaluru,Bengaluru,13.013231,77.662093,device_gps,OK
2026-06-29T22:39:31.103000+05:30,2026-06-29T22:50:07.451000+05:30,2026-06-28T15:02:00+05:30,Tata Institute cv raman rd ( towards Mekhri),13.01314 77.567673 0 0,13.01314,77.567673,0,0,,Other Metal Bus Shelter (Other than Stainless Steel),Satisfactory – minor wear/dusty but usable,"Set back from the road – against a wall, compound, or building edge",1,0,0,,No,No,No,,2,At the bus stop – buses pull up to the shelter/marked stop,1,0,0,0,One Step Out (30 cm to 1 meter): Passengers have to step down onto the road surface first to board.,"Footpath available to reach the bus stop from both directions Footpath is walkable and free of encroachment like parking, vendors, utility boxes, garbage, etc",1,1,0,0,0,0,0,," Yes – fully accessible, no obstructions",Unsure,"Unsafe – poorly lit, isolated, or has a history of feeling threatening",Yes – adequate space for passengers,Yes – roof is intact and effective,Yes - from both bus shelter AND trees,No – inadequate or no lighting at all,Yes – clear sightline to see the approaching buses,No - the seating is too small to sit comfortably ,No – name is missing,No information displayed at all,Seating / bench Sufficient seating for the number of people typically waiting,1,1,0,0,0,0,0,0,Compound Wall / Dead Edge - No activity near the stop,Yes – advertisements dominate; passenger information is secondary,"Becos of an underpass near IISC that has narrowed rd,, this bus stop is away from gates of IISC. Long walk for people to reach. Appears unused bus stop.",Closer to IISC main gate/ BEL/ underpass junction.if a bay can be created. It can then provide access to malleshwaram areas as well.,1000518190-22_50_1.jpg,https://kf.kobotoolbox.org/api/v2/assets/am66CJhKEj8dCTL49UQSNG/data/796099858/attachments/attyfhojW2goEiHe9H7UjMhM/,,,,,,,796099858,dfcb024c-2ea8-45d4-a214-dfd8ccc1f788,2026-06-29T22:50:10+05:30,,,submitted_via_web,,vNRRNU3SyFqnhy2xMWaa4o,,uuid:dfcb024c-2ea8-45d4-a214-dfd8ccc1f788,314,Bengaluru,Bengaluru,13.01314,77.567673,device_gps,OK
2026-06-29T22:47:57.828000+05:30,2026-06-29T22:50:54.612000+05:30,2026-06-29T22:50:00+05:30,B Channasandra Bridge(Ramamurthy Nagara Ring Road) Towards Nagawara),13.013346 77.661976 845.7000122070312 9.918999671936035,13.013346,77.661976,845.7000122070312,9.918999671936035,,No Shelter and No Signboard,,"Set back from the road – against a wall, compound, or building edge On the road edge / footpath edge – directly adjacent to traffic",1,1,0,,No,No,No,,,At the bus stop – buses pull up to the shelter/marked stop Away from the bus stop – buses stop before or beyond the shelter/marked location Bus stop not clearly marked,1,1,1,0,One Step Out (30 cm to 1 meter): Passengers have to step down onto the road surface first to board.,Footpath available to reach the bus stop from both directions,1,0,0,0,0,0,0,,"Partially encroached – e.g., vendors, parked two-wheelers, auto-rickshaws, construction material","Yes – signs of standing water, algae, or drainage issues visible","Somewhat safe – some concerns (e.g., poor visibility, isolated location)",,,No – exposed to full sun,Partially – some light but insufficient,,,,,None of the Above,0,0,0,0,0,0,0,1,"Mixed Use - A mix of commercial/residential/office, etc",,Needs shelter and signage,Shelter seating and signage,1000599301-22_50_39.jpg,https://kf.kobotoolbox.org/api/v2/assets/am66CJhKEj8dCTL49UQSNG/data/796100693/attachments/attEB4Dk6eSim2yTGKYEXruH/,,,,,,,796100693,d5cfa4ff-5358-40d1-a6e9-d6fcd24ac6fe,2026-06-29T22:50:58+05:30,,,submitted_via_web,,vNRRNU3SyFqnhy2xMWaa4o,,uuid:d5cfa4ff-5358-40d1-a6e9-d6fcd24ac6fe,315,Bengaluru,Bengaluru,13.013346,77.661976,device_gps,OK
2026-06-29T16:28:02.473000+05:30,2026-06-29T16:30:42.252000+05:30,2026-06-29T16:28:00+05:30,MARUTHI SEVANAGAR (TOWARDS KR PURAM),13.002639 77.634606 844.3999633789062 6,13.002639,77.634606,844.3999633789062,6,,Other Metal Bus Shelter (Other than Stainless Steel),Satisfactory – minor wear/dusty but usable,On the road edge / footpath edge – directly adjacent to traffic,0,1,0,,Yes,No,No,Yes - It's free of obstructions and feels safe to use,1 - this is a standalone shelter ,At the bus stop – buses pull up to the shelter/marked stop,1,0,0,0,One Step Out (30 cm to 1 meter): Passengers have to step down onto the road surface first to board.,Footpath available to reach the bus stop from both directions,1,0,0,0,0,0,0,,"Partially encroached – e.g., vendors, parked two-wheelers, auto-rickshaws, construction material",No – area appears well-drained,"Safe – well-lit, visible, and active surroundings",Yes – adequate space for passengers,Yes – roof is intact and effective,Yes – sufficient shade from the bus shelter,Unsure / Not observed,Yes – clear sightline to see the approaching buses,"Yes - the seating is of the right height, width, and depth to sit comfortably while waiting for the bus",No – name is missing,No information displayed at all,Seating / bench Sufficient seating for the number of people typically waiting,1,1,0,0,0,0,0,0,"Mixed Use - A mix of commercial/residential/office, etc",Yes – advertisements dominate; passenger information is secondary,No information and no dustbin,Dustbin and information,1000145364-16_30_27.jpg,https://kf.kobotoolbox.org/api/v2/assets/am66CJhKEj8dCTL49UQSNG/data/796111020/attachments/attPidCFTxoNtAzezZnMKfVv/,1000145365-16_30_31.jpg,https://kf.kobotoolbox.org/api/v2/assets/am66CJhKEj8dCTL49UQSNG/data/796111020/attachments/atttBEm7PAhWK6tfhqqW8DVe/,1000145364-16_30_36.jpg,https://kf.kobotoolbox.org/api/v2/assets/am66CJhKEj8dCTL49UQSNG/data/796111020/attachments/attkZR2JH8WuSspJKerwJc34/,1000145365-16_30_39.jpg,https://kf.kobotoolbox.org/api/v2/assets/am66CJhKEj8dCTL49UQSNG/data/796111020/attachments/attCg35A3uBeVtX4o5h4w9jQ/,796111020,a626a765-d152-416e-8d9b-08e565c7609f,2026-06-29T23:02:21+05:30,,,submitted_via_web,,vNRRNU3SyFqnhy2xMWaa4o,,uuid:a626a765-d152-416e-8d9b-08e565c7609f,316,Bengaluru,Bengaluru,13.002639,77.634606,device_gps,OK
2026-06-29T16:30:42.377000+05:30,2026-06-29T23:05:21.061000+05:30,2026-06-29T23:02:00+05:30,Maruthi Sevanagar (Towards Shivajinagar),,,,,,https://maps.app.goo.gl/M589no2KDwArfFu49?g_st=ac,Other Metal Bus Shelter (Other than Stainless Steel),Unclean/Poorly Maintained,"Set back from the road – against a wall, compound, or building edge On the road edge / footpath edge – directly adjacent to traffic",1,1,0,,No,No,No,,2,At the bus stop – buses pull up to the shelter/marked stop,1,0,0,0,One Step Out (30 cm to 1 meter): Passengers have to step down onto the road surface first to board.,Footpath available to reach the bus stop from both directions,1,0,0,0,0,0,0,,"Partially encroached – e.g., vendors, parked two-wheelers, auto-rickshaws, construction material","Yes – signs of standing water, algae, or drainage issues visible","Somewhat safe – some concerns (e.g., poor visibility, isolated location)", No – overcrowded or high number of people standing on the road,Yes – roof is intact and effective,Yes – sufficient shade from the bus shelter,Unsure / Not observed,Yes – clear sightline to see the approaching buses,"Yes - the seating is of the right height, width, and depth to sit comfortably while waiting for the bus",No – name is missing,No information displayed at all,Seating / bench,1,0,0,0,0,0,0,0,"Mixed Use - A mix of commercial/residential/office, etc",Yes – advertisements dominate; passenger information is secondary,No route information and looks bad,Route information and dustbin,1000145360-23_5_1.jpg,https://kf.kobotoolbox.org/api/v2/assets/am66CJhKEj8dCTL49UQSNG/data/796132365/attachments/attqedkwFdchp2TdjnFT9nto/,1000145361-23_5_7.jpg,https://kf.kobotoolbox.org/api/v2/assets/am66CJhKEj8dCTL49UQSNG/data/796132365/attachments/attooqPptXnGs7mzgtzcdJAn/,1000145362-23_5_13.jpg,https://kf.kobotoolbox.org/api/v2/assets/am66CJhKEj8dCTL49UQSNG/data/796132365/attachments/attdxkMPPu5qnJb9jFaxKdLy/,1000145363-23_5_19.jpg,https://kf.kobotoolbox.org/api/v2/assets/am66CJhKEj8dCTL49UQSNG/data/796132365/attachments/attY2vhgQNogPaM24hoSBZ4q/,796132365,72b048d8-ede8-4514-b543-357e9c1d428e,2026-06-29T23:32:00+05:30,,,submitted_via_web,,vNRRNU3SyFqnhy2xMWaa4o,,uuid:72b048d8-ede8-4514-b543-357e9c1d428e,317,Bengaluru,Bengaluru,13.0020057,77.6332422,gmaps_link,OK
2026-06-29T23:49:09.673000+05:30,2026-06-29T23:52:58.544000+05:30,2026-06-29T19:00:00+05:30,Avalahalli BDA Park,12.943346 77.542869 0 0,12.943346,77.542869,0,0,,Stainless Steel Bus Shelter,Unclean/Poorly Maintained,The road/footpath is too narrow ,0,0,1,,No,No,No,,1 - this is a standalone shelter ,At the bus stop – buses pull up to the shelter/marked stop,1,0,0,0,"Way Out in the Road (More than 1 meter): The bus stops far from the footpath, blocking a lane of traffic, forcing people to walk across active traffic to board the bus",None of the above,0,0,0,0,0,0,1,,"Partially encroached – e.g., vendors, parked two-wheelers, auto-rickshaws, construction material",Unsure,"Somewhat safe – some concerns (e.g., poor visibility, isolated location)",Yes – adequate space for passengers,Yes – roof is intact and effective,Yes - from both bus shelter AND trees,Partially – some light but insufficient,"No – sightline is blocked (by structure, advertisement boards, trees, or parked vehicles)",No - the seating is too slippery,Yes – name is prominently visible and legible,"Yes – but information is unclear, faded, or partially missing",Seating / bench Sufficient seating for the number of people typically waiting,1,1,0,0,0,0,0,0,"Mostly commercial - Retail shops. restaurants, cafes, markets, etc",Yes – advertisements dominate; passenger information is secondary,,,IMG_20260629_190019-23_52_52.jpg,https://kf.kobotoolbox.org/api/v2/assets/am66CJhKEj8dCTL49UQSNG/data/796147268/attachments/attqfSW3L9n9C5E4LMWfPsVr/,,,,,,,796147268,92e21c30-000f-4324-9c5f-69e2e995e5c9,2026-06-29T23:53:00+05:30,,,submitted_via_web,,vNRRNU3SyFqnhy2xMWaa4o,,uuid:92e21c30-000f-4324-9c5f-69e2e995e5c9,318,Bengaluru,Bengaluru,12.943346,77.542869,device_gps,OK
2026-06-29T23:52:58.631000+05:30,2026-06-29T23:56:49.912000+05:30,2026-06-28T16:52:00+05:30,Yediyur (Towards South End Circle),12.930155 77.576353 0 0,12.930155,77.576353,0,0,,Stainless Steel Bus Shelter,Satisfactory – minor wear/dusty but usable,On the road edge / footpath edge – directly adjacent to traffic,0,1,0,,Yes,No,No,No - It's obstructed due to encroachment ,1 - this is a standalone shelter ,At the bus stop – buses pull up to the shelter/marked stop,1,0,0,0,One Step Out (30 cm to 1 meter): Passengers have to step down onto the road surface first to board.,None of the above,0,0,0,0,0,0,1,,"Partially encroached – e.g., vendors, parked two-wheelers, auto-rickshaws, construction material",No – area appears well-drained,"Safe – well-lit, visible, and active surroundings",Yes – adequate space for passengers,Yes – roof is intact and effective,Yes – sufficient shade from the bus shelter,Unsure / Not observed,"No – sightline is blocked (by structure, advertisement boards, trees, or parked vehicles)","Yes - the seating is of the right height, width, and depth to sit comfortably while waiting for the bus",No – name is missing,No information displayed at all,Seating / bench Sufficient seating for the number of people typically waiting,1,1,0,0,0,0,0,0,"Mostly commercial - Retail shops. restaurants, cafes, markets, etc",Yes – advertisements dominate; passenger information is secondary,,,IMG_20260628_165247-23_56_46.jpg,https://kf.kobotoolbox.org/api/v2/assets/am66CJhKEj8dCTL49UQSNG/data/796149732/attachments/attPrt83n8ouEggpUe2J7xM2/,,,,,,,796149732,807453d2-2c36-456f-9ecc-01839792691b,2026-06-29T23:56:52+05:30,,,submitted_via_web,,vNRRNU3SyFqnhy2xMWaa4o,,uuid:807453d2-2c36-456f-9ecc-01839792691b,319,Bengaluru,Bengaluru,12.930155,77.576353,device_gps,OK
2026-06-29T23:56:49.987000+05:30,2026-06-29T23:59:16.063000+05:30,2026-06-28T16:53:00+05:30,Deepak Nursing Home (Towards Yediyur),12.926516 77.576938 0 0,12.926516,77.576938,0,0,,Stainless Steel Bus Shelter,Satisfactory – minor wear/dusty but usable,The road/footpath is too narrow ,0,0,1,,No,No,No,,1 - this is a standalone shelter ,At the bus stop – buses pull up to the shelter/marked stop,1,0,0,0,"Way Out in the Road (More than 1 meter): The bus stops far from the footpath, blocking a lane of traffic, forcing people to walk across active traffic to board the bus",Footpath available to reach the bus stop from both directions,1,0,0,0,0,0,0,,"Partially encroached – e.g., vendors, parked two-wheelers, auto-rickshaws, construction material",No – area appears well-drained,"Unsafe – poorly lit, isolated, or has a history of feeling threatening",Yes – adequate space for passengers,Yes – roof is intact and effective,Yes – sufficient shade from the bus shelter,Unsure / Not observed,"No – sightline is blocked (by structure, advertisement boards, trees, or parked vehicles)","Yes - the seating is of the right height, width, and depth to sit comfortably while waiting for the bus",No – name is missing,No information displayed at all,Seating / bench Sufficient seating for the number of people typically waiting,1,1,0,0,0,0,0,0,"Mostly Institutional - Schools, Hospitals, Govt. Offices, etc",Yes – advertisements dominate; passenger information is secondary,,,IMG_20260628_165355-23_59_13.jpg,https://kf.kobotoolbox.org/api/v2/assets/am66CJhKEj8dCTL49UQSNG/data/796151706/attachments/attnXdVBEmj8jYKVhgzjr5RS/,,,,,,,796151706,33b47fa0-3fd9-4d7a-be16-6b822d286604,2026-06-29T23:59:18+05:30,,,submitted_via_web,,vNRRNU3SyFqnhy2xMWaa4o,,uuid:33b47fa0-3fd9-4d7a-be16-6b822d286604,320,Bengaluru,Bengaluru,12.926516,77.576938,device_gps,OK
2026-06-29T23:59:16.178000+05:30,2026-06-30T00:02:41.395000+05:30,2026-06-27T12:22:00+05:30,Apex Bank (Towards Ganesha Bhavan),12.94184 77.556109 0 0,12.94184,77.556109,0,0,,Other Metal Bus Shelter (Other than Stainless Steel),Severely Damaged / Unusable,The road/footpath is too narrow ,0,0,1,,No,No,No,,1 - this is a standalone shelter ,At the bus stop – buses pull up to the shelter/marked stop,1,0,0,0,"Way Out in the Road (More than 1 meter): The bus stops far from the footpath, blocking a lane of traffic, forcing people to walk across active traffic to board the bus",None of the above,0,0,0,0,0,0,1,,Heavily encroached – the stop is largely unusable because of obstructions,"Yes – signs of standing water, algae, or drainage issues visible","Unsafe – poorly lit, isolated, or has a history of feeling threatening", No – overcrowded or high number of people standing on the road,No – The roof is too damaged or broken to provide shelter,Partial – some shade but insufficient,No – inadequate or no lighting at all,"No – sightline is blocked (by structure, advertisement boards, trees, or parked vehicles)",No seating available,No – name is missing,No information displayed at all,None of the Above,0,0,0,0,0,0,0,1,"Mostly commercial - Retail shops. restaurants, cafes, markets, etc",No advertisements,The bus stop is in very worst condition. Autos occupy the bus stop and people are forced to cross the autos to board a bus,,IMG_20260627_122210-0_2_21.jpg,https://kf.kobotoolbox.org/api/v2/assets/am66CJhKEj8dCTL49UQSNG/data/796153906/attachments/attRfswLWoSuzhnWX5U5Jwr5/,,,,,,,796153906,e8746f4d-86fa-4a41-a963-6080532b2dd1,2026-06-30T00:02:43+05:30,,,submitted_via_web,,vNRRNU3SyFqnhy2xMWaa4o,,uuid:e8746f4d-86fa-4a41-a963-6080532b2dd1,321,Bengaluru,Bengaluru,12.94184,77.556109,device_gps,OK
2026-06-27T16:51:54.691000+05:30,2026-06-27T17:03:08.919000+05:30,2026-06-27T07:52:00+05:30,Bilekahalli,12.8999942 77.6008126 0 0,12.8999942,77.6008126,0,0,,No Shelter and No Signboard,,"Set back from the road – against a wall, compound, or building edge On the road edge / footpath edge – directly adjacent to traffic",1,1,0,,No,No,No,,,At the bus stop – buses pull up to the shelter/marked stop,1,0,0,0,One Step Out (30 cm to 1 meter): Passengers have to step down onto the road surface first to board.,Footpath available to reach the bus stop from both directions Pedestrian crossing at/close to the bus stop to cross the road?,1,0,0,0,0,1,0,,Heavily encroached – the stop is largely unusable because of obstructions,"Yes – signs of standing water, algae, or drainage issues visible","Unsafe – poorly lit, isolated, or has a history of feeling threatening",,,No – exposed to full sun,No – inadequate or no lighting at all,,,,,None of the Above,0,0,0,0,0,0,0,1,"Mixed Use - A mix of commercial/residential/office, etc",,"No shelter, signage and speeding buses comes with waves of dust. Too much crowded in early morning here","Remove all enchroachments of nearby shops, parked autos and personal vehicles etc",1000045116-17_2_56.jpg,https://kf.kobotoolbox.org/api/v2/assets/am66CJhKEj8dCTL49UQSNG/data/796428198/attachments/attsP6B6kSxNxzG5SgwNe9t8/,1000045115-17_3_1.jpg,https://kf.kobotoolbox.org/api/v2/assets/am66CJhKEj8dCTL49UQSNG/data/796428198/attachments/attWYZ5GcCoWU9xWJ5aQwawc/,1000045114-17_3_5.jpg,https://kf.kobotoolbox.org/api/v2/assets/am66CJhKEj8dCTL49UQSNG/data/796428198/attachments/attdqvR3kWUBKPq2FpZJmNuc/,,,796428198,f9b745ba-7f9c-4c3f-9fb7-13cc5e58612c,2026-06-30T10:23:34+05:30,,,submitted_via_web,,vNRRNU3SyFqnhy2xMWaa4o,,uuid:f9b745ba-7f9c-4c3f-9fb7-13cc5e58612c,322,Bengaluru,Bengaluru,12.8999942,77.6008126,device_gps,OK
2026-06-28T16:51:30.742000+05:30,2026-06-30T11:47:19.440000+05:30,2026-06-30T11:43:00+05:30,South end circle,,,,,,https://maps.app.goo.gl/ztPcJzLVRC38EkRE7?g_st=ac,Other Metal Bus Shelter (Other than Stainless Steel),Unclean/Poorly Maintained,On the road edge / footpath edge – directly adjacent to traffic,0,1,0,,Yes,No,No,No - It's very unhygienic or feels unsafe to use,1 - this is a standalone shelter ,At the bus stop – buses pull up to the shelter/marked stop,1,0,0,0,One Step Out (30 cm to 1 meter): Passengers have to step down onto the road surface first to board.,Footpath available to reach the bus stop from both directions,1,0,0,0,0,0,0,," Yes – fully accessible, no obstructions",No – area appears well-drained,"Somewhat safe – some concerns (e.g., poor visibility, isolated location)",Yes – adequate space for passengers,No – The roof is too damaged or broken to provide shelter,Yes - sufficient shade from surrounding trees,Partially – some light but insufficient,Yes – clear sightline to see the approaching buses,No - the seating is too high ,"Yes – but faded, small, or difficult to read",No information displayed at all,Seating / bench,1,0,0,0,0,0,0,0,Compound Wall / Dead Edge - No activity near the stop,No advertisements,whole side footpath at the back of bus stop is fenced making that area seems very caged in and unsafe even in the day. Whole area has been made unhygienic with trash and urination since people don't walk that side and it's beside a high compound wall.  Openings area few and far between.,This fence is useless and the foot path should just be joined to made it wider. Remove the landscaping separating both as well. It just makes people throw more trash since it looks like those fenced in tree saplings,1000166313-11_46_29.jpg,https://kf.kobotoolbox.org/api/v2/assets/am66CJhKEj8dCTL49UQSNG/data/796497409/attachments/attsMV8CPJgfiKayQ9Mp59cs/,1000166316-11_46_41.jpg,https://kf.kobotoolbox.org/api/v2/assets/am66CJhKEj8dCTL49UQSNG/data/796497409/attachments/attZFDebdTxmRBzDCdTN8NWF/,1000166306-11_46_52.jpg,https://kf.kobotoolbox.org/api/v2/assets/am66CJhKEj8dCTL49UQSNG/data/796497409/attachments/attjPvkgzMnu9oQNRUB3mYLP/,1000166319-11_47_16.jpg,https://kf.kobotoolbox.org/api/v2/assets/am66CJhKEj8dCTL49UQSNG/data/796497409/attachments/att82v75PNWnWz6xDJk8xtfe/,796497409,2af18091-4f00-409d-8047-180df69a8335,2026-06-30T11:47:23+05:30,,,submitted_via_web,,vNRRNU3SyFqnhy2xMWaa4o,,uuid:2af18091-4f00-409d-8047-180df69a8335,323,Bengaluru,Bengaluru,12.936313,77.580223,gmaps_link,OK
2026-06-30T11:47:19.656000+05:30,2026-06-30T11:52:36.335000+05:30,2026-06-30T11:48:00+05:30,Ranadheera Kanteerava park,,,,,,https://maps.app.goo.gl/NiM5Frn6ozfyfTrU7,Other Metal Bus Shelter (Other than Stainless Steel),Unclean/Poorly Maintained,On the road edge / footpath edge – directly adjacent to traffic,0,1,0,,Yes,No,No,No - It's very unhygienic or feels unsafe to use,1 - this is a standalone shelter ,Unsure / not observed,0,0,0,1,Unsure / not observed,Footpath available to reach the bus stop from both directions Pedestrian crossing at/close to the bus stop to cross the road?,1,0,0,0,0,1,0,," Yes – fully accessible, no obstructions",No – area appears well-drained,"Unsafe – poorly lit, isolated, or has a history of feeling threatening",Yes – adequate space for passengers,No – The roof is too damaged or broken to provide shelter,Yes - sufficient shade from surrounding trees,No – inadequate or no lighting at all,Yes – clear sightline to see the approaching buses,No - the seating is too high ,"Yes – but faded, small, or difficult to read",No information displayed at all,Seating / bench,1,0,0,0,0,0,0,0,Compound Wall / Dead Edge - No activity near the stop,No advertisements,Isolated non active area foot traffic wise. Only moving vehicular traffic surrounding by compound walls of park on both sides.  Spoke to college students eating outside the park. The park was closed at 11am when I was doing the audit. Despite gov order. It opens from 8am to 10am and 4pm to 10pm.  Despite park timings at night area is unsafe due to being surrounded by only park compound walls on either side of the road.,,1000166326-11_51_24.jpg,https://kf.kobotoolbox.org/api/v2/assets/am66CJhKEj8dCTL49UQSNG/data/796503373/attachments/attWX4ssJffRNYWVoAjKTpjN/,1000166327-11_52_11.jpg,https://kf.kobotoolbox.org/api/v2/assets/am66CJhKEj8dCTL49UQSNG/data/796503373/attachments/attRvZawDTgRW5ZogzTfjKPx/,1000166329-11_52_21.jpg,https://kf.kobotoolbox.org/api/v2/assets/am66CJhKEj8dCTL49UQSNG/data/796503373/attachments/attoDzK24wEpRQDJsgCNXceY/,1000166324-11_52_34.jpg,https://kf.kobotoolbox.org/api/v2/assets/am66CJhKEj8dCTL49UQSNG/data/796503373/attachments/att3Z4TLX8WyFXxeBYtuYwgB/,796503373,0b9a9095-c0ac-4a64-be61-6f8a1f4739f8,2026-06-30T11:52:40+05:30,,,submitted_via_web,,vNRRNU3SyFqnhy2xMWaa4o,,uuid:0b9a9095-c0ac-4a64-be61-6f8a1f4739f8,324,Bengaluru,Bengaluru,12.934088,77.580038,gmaps_link,OK
2026-06-30T11:52:36.580000+05:30,2026-06-30T12:01:37.744000+05:30,2026-06-30T11:53:00+05:30,Nanda Talkies,,,,,,https://maps.app.goo.gl/qGqP5sF7j3Q3y3vM9?g_st=ac,Other Metal Bus Shelter (Other than Stainless Steel),Unclean/Poorly Maintained,On the road edge / footpath edge – directly adjacent to traffic,0,1,0,,Yes,No,No,No - It's very unhygienic or feels unsafe to use,2,At the bus stop – buses pull up to the shelter/marked stop,1,0,0,0,One Step Out (30 cm to 1 meter): Passengers have to step down onto the road surface first to board.,Footpath available to reach the bus stop from both directions,1,0,0,0,0,0,0,,"Partially encroached – e.g., vendors, parked two-wheelers, auto-rickshaws, construction material",No – area appears well-drained,"Unsafe – poorly lit, isolated, or has a history of feeling threatening",Yes – adequate space for passengers,Yes – roof is intact and effective,Yes - from both bus shelter AND trees,No – inadequate or no lighting at all,"No – sightline is blocked (by structure, advertisement boards, trees, or parked vehicles)",No - the seating is too high ,"Yes – but faded, small, or difficult to read",No information displayed at all,Seating / bench,1,0,0,0,0,0,0,0,Compound Wall / Dead Edge - No activity near the stop,No advertisements,Frequency of buses is very low despite couple of area being served only from this bus stand from this side ( as told by a college student who uses the bus stop regularly),It's right next to the biogas plant due to which a bad smell prevades the entire area even to the ranadheera park and south end bus stops. Basically the entire street below the metro is affected. That along with low foot traffic at night and low street lights make this entire street very unsafe to use.,1000166333-12_0_40.jpg,https://kf.kobotoolbox.org/api/v2/assets/am66CJhKEj8dCTL49UQSNG/data/796512774/attachments/attW76bsoqW9jLrdrjmKRAZE/,1000166339-12_1_9.jpg,https://kf.kobotoolbox.org/api/v2/assets/am66CJhKEj8dCTL49UQSNG/data/796512774/attachments/attCYQDpWmLE9gjmiWeSkFx9/,1000166360-12_1_23.jpg,https://kf.kobotoolbox.org/api/v2/assets/am66CJhKEj8dCTL49UQSNG/data/796512774/attachments/att7Ea4SkJWeRA6anbbbtGZG/,1000166335-12_1_34.jpg,https://kf.kobotoolbox.org/api/v2/assets/am66CJhKEj8dCTL49UQSNG/data/796512774/attachments/attt73ZQw2SefKjWnYjGzb3o/,796512774,0d082be6-5cf3-4351-acae-263bb4c31ccc,2026-06-30T12:01:41+05:30,,,submitted_via_web,,vNRRNU3SyFqnhy2xMWaa4o,,uuid:0d082be6-5cf3-4351-acae-263bb4c31ccc,325,Bengaluru,Bengaluru,12.932521,77.580239,gmaps_link,OK
2026-06-30T12:01:37.970000+05:30,2026-06-30T12:15:50.214000+05:30,2026-06-30T12:08:00+05:30,Jayanagar 3rd block,,,,,,https://maps.app.goo.gl/bx113z159ipgDL1o8,Other Metal Bus Shelter (Other than Stainless Steel),Satisfactory – minor wear/dusty but usable,On the road edge / footpath edge – directly adjacent to traffic,0,1,0,,No,No,No,,2,At the bus stop – buses pull up to the shelter/marked stop,1,0,0,0,One Step Out (30 cm to 1 meter): Passengers have to step down onto the road surface first to board.,Footpath available to reach the bus stop from both directions Pedestrian crossing at/close to the bus stop to cross the road?,1,0,0,0,0,1,0,,"Partially encroached – e.g., vendors, parked two-wheelers, auto-rickshaws, construction material",No – area appears well-drained,"Safe – well-lit, visible, and active surroundings",Yes – adequate space for passengers,Yes – roof is intact and effective,Yes - from both bus shelter AND trees,"Yes – lit by nearby street lights, shop fronts, or advertisement boards",Yes – clear sightline to see the approaching buses,No - the seating is too high ,"Yes – but faded, small, or difficult to read",No information displayed at all,Seating / bench Sufficient seating for the number of people typically waiting,1,1,0,0,0,0,0,0,"Mixed Use - A mix of commercial/residential/office, etc",Yes – advertisements dominate; passenger information is secondary,,,1000166383-12_14_55.jpg,https://kf.kobotoolbox.org/api/v2/assets/am66CJhKEj8dCTL49UQSNG/data/796529917/attachments/attdstKNmJa6WEdr3GqVzYke/,1000166397-12_15_5.jpg,https://kf.kobotoolbox.org/api/v2/assets/am66CJhKEj8dCTL49UQSNG/data/796529917/attachments/attdYSCjAa55QdVm8z3HYB4Q/,1000166392-12_15_20.jpg,https://kf.kobotoolbox.org/api/v2/assets/am66CJhKEj8dCTL49UQSNG/data/796529917/attachments/attC7uKXaYCCjtbs5tfQV5rh/,1000166387-12_15_35.jpg,https://kf.kobotoolbox.org/api/v2/assets/am66CJhKEj8dCTL49UQSNG/data/796529917/attachments/attrecXKMHhzMosCp39Ds4Fy/,796529917,8721710f-dc9c-45ba-8f9b-0dc014207b3d,2026-06-30T12:15:54+05:30,,,submitted_via_web,,vNRRNU3SyFqnhy2xMWaa4o,,uuid:8721710f-dc9c-45ba-8f9b-0dc014207b3d,326,Bengaluru,Bengaluru,12.933642,77.58405,gmaps_link,OK
2026-06-29T17:37:44.155000+05:30,2026-06-30T12:33:25.477000+05:30,2026-06-29T12:30:00+05:30,Doddakanneli (Towards Ibbaluru),12.907167 77.695312 0 0,12.907167,77.695312,0,0,,No Shelter and No Signboard,,On the road edge / footpath edge – directly adjacent to traffic,0,1,0,,No,No,No,,,Bus stop not clearly marked,0,0,1,0,"Way Out in the Road (More than 1 meter): The bus stops far from the footpath, blocking a lane of traffic, forcing people to walk across active traffic to board the bus",None of the above,0,0,0,0,0,0,1,,Heavily encroached – the stop is largely unusable because of obstructions,No – area appears well-drained,Unable to assess (audit done only in daytime),,,No – exposed to full sun,Unsure / Not observed,,,,,Public toilet nearby (within eyesight),0,0,0,0,1,0,0,0,"Mostly commercial - Retail shops. restaurants, cafes, markets, etc",,The shelter exists but it is too far away from the road and buses don't go into the bay because of encroachments and major traffic at this junction. And it is hard for people to cross the road as well. So buses actually stop on the road a little before the big tree,,20260623_133510-12_32_58.jpg,https://kf.kobotoolbox.org/api/v2/assets/am66CJhKEj8dCTL49UQSNG/data/796551799/attachments/att5GJgzd64bttcnvWLGu8hV/,20260623_133449-12_33_23.jpg,https://kf.kobotoolbox.org/api/v2/assets/am66CJhKEj8dCTL49UQSNG/data/796551799/attachments/attXWTaq9kA33LgViCQ5PuoG/,,,,,796551799,0530cddd-f683-4b6e-9eaf-f7e3a68c924e,2026-06-30T12:33:28+05:30,,,submitted_via_web,,vNRRNU3SyFqnhy2xMWaa4o,,uuid:0530cddd-f683-4b6e-9eaf-f7e3a68c924e,327,Bengaluru,Bengaluru,12.907167,77.695312,device_gps,OK
2026-06-30T12:33:25.540000+05:30,2026-06-30T12:41:13.389000+05:30,2026-06-30T12:45:00+05:30,Carmelram Gate (Towards Ibbaluru),12.903346 77.703936 0 0,12.903346,77.703936,0,0,,Stainless Steel Bus Shelter,Unclean/Poorly Maintained,On the road edge / footpath edge – directly adjacent to traffic,0,1,0,,No,No,No,,1 - this is a standalone shelter ,At the bus stop – buses pull up to the shelter/marked stop,1,0,0,0,"Way Out in the Road (More than 1 meter): The bus stops far from the footpath, blocking a lane of traffic, forcing people to walk across active traffic to board the bus",None of the above,0,0,0,0,0,0,1,,"Partially encroached – e.g., vendors, parked two-wheelers, auto-rickshaws, construction material",No – area appears well-drained,Unable to assess (audit done only in daytime), No – overcrowded or high number of people standing on the road,"Yes – but the roof is inadequate (too tall, too small, gaps, or partial coverage)",Partial – some shade but insufficient,Unsure / Not observed,Yes – clear sightline to see the approaching buses,No - the seating is too small to sit comfortably ,No – name is missing,No information displayed at all,Seating / bench,1,0,0,0,0,0,0,0,"Mixed Use - A mix of commercial/residential/office, etc",Yes – advertisements dominate; passenger information is secondary,"There are 2 bus shelters but far apart, bus only stops at the old one and not the new one. So people who wait at the new one don't know that the old one is the active bus stop. Took photos of both",,20260623_132753-12_41_5.jpg,https://kf.kobotoolbox.org/api/v2/assets/am66CJhKEj8dCTL49UQSNG/data/796561277/attachments/attY68arAQL55bwzRvDXsBQV/,,,20260623_133014-12_41_10.jpg,https://kf.kobotoolbox.org/api/v2/assets/am66CJhKEj8dCTL49UQSNG/data/796561277/attachments/attYTGUdYULxEXFweSof6FGN/,,,796561277,cfbe38bd-ccfd-4067-a27d-d5df4b941963,2026-06-30T12:41:15+05:30,,,submitted_via_web,,vNRRNU3SyFqnhy2xMWaa4o,,uuid:cfbe38bd-ccfd-4067-a27d-d5df4b941963,328,Bengaluru,Bengaluru,12.903346,77.703936,device_gps,OK
2026-06-30T12:41:13.436000+05:30,2026-06-30T12:54:19.132000+05:30,2026-06-30T12:45:00+05:30,Amedkar Nagar (towards Ibbaluru) Display name Railway gate (not used),12.900739 77.709243 0 0,12.900739,77.709243,0,0,,Other Metal Bus Shelter (Other than Stainless Steel),Severely Damaged / Unusable,"Set back from the road – against a wall, compound, or building edge",1,0,0,,No,No,No,,1 - this is a standalone shelter ,Away from the bus stop – buses stop before or beyond the shelter/marked location,0,1,0,0,"Way Out in the Road (More than 1 meter): The bus stops far from the footpath, blocking a lane of traffic, forcing people to walk across active traffic to board the bus",None of the above,0,0,0,0,0,0,1,," Yes – fully accessible, no obstructions",Unsure,"Unsafe – poorly lit, isolated, or has a history of feeling threatening",Yes – adequate space for passengers,No – The roof is too damaged or broken to provide shelter,No – exposed to full sun,Unsure / Not observed,Yes – clear sightline to see the approaching buses,No seating available,"Yes – but faded, small, or difficult to read",No information displayed at all,None of the Above,0,0,0,0,0,0,0,1,"Mixed Use - A mix of commercial/residential/office, etc",Yes – advertisements dominate; passenger information is secondary,"Severly damaged condition, but major bus stop for Carmelram gate",,20260623_132548-12_53_54.jpg,https://kf.kobotoolbox.org/api/v2/assets/am66CJhKEj8dCTL49UQSNG/data/796576852/attachments/attX64cMU26bEfWsojUZcFX8/,20260623_132523-12_54_1.jpg,https://kf.kobotoolbox.org/api/v2/assets/am66CJhKEj8dCTL49UQSNG/data/796576852/attachments/attttYjDxg5gYTWcRun4ypm5/,20260623_132545-12_54_7.jpg,https://kf.kobotoolbox.org/api/v2/assets/am66CJhKEj8dCTL49UQSNG/data/796576852/attachments/attfCTdkMLk39pSE9t7fHvMW/,,,796576852,febe4b75-7c66-4f53-9690-8ed87f68d7ab,2026-06-30T12:54:21+05:30,,,submitted_via_web,,vNRRNU3SyFqnhy2xMWaa4o,,uuid:febe4b75-7c66-4f53-9690-8ed87f68d7ab,329,Bengaluru,Bengaluru,12.900739,77.709243,device_gps,OK
2026-06-30T12:54:19.201000+05:30,2026-06-30T13:13:50.094000+05:30,2026-06-30T13:00:00+05:30,Wipro Kodathi / Kodathi Gate / Ambedkar Nagar towards Ibbaluru,12.899075 77.712654 0 0,12.899075,77.712654,0,0,,Other Metal Bus Shelter (Other than Stainless Steel),Unclean/Poorly Maintained,On the road edge / footpath edge – directly adjacent to traffic,0,1,0,,Yes,No,Yes,No - It's obstructed due to encroachment ,2,Away from the bus stop – buses stop before or beyond the shelter/marked location,0,1,0,0,"Way Out in the Road (More than 1 meter): The bus stops far from the footpath, blocking a lane of traffic, forcing people to walk across active traffic to board the bus",Footpath available to reach the bus stop from both directions,1,0,0,0,0,0,0,,"Partially encroached – e.g., vendors, parked two-wheelers, auto-rickshaws, construction material","Yes – signs of standing water, algae, or drainage issues visible",Unable to assess (audit done only in daytime), No – overcrowded or high number of people standing on the road,"Yes – but the roof is inadequate (too tall, too small, gaps, or partial coverage)",Partial – some shade but insufficient,No – inadequate or no lighting at all,"No – sightline is blocked (by structure, advertisement boards, trees, or parked vehicles)","Yes - the seating is of the right height, width, and depth to sit comfortably while waiting for the bus","Yes – but faded, small, or difficult to read","Yes – but information is unclear, faded, or partially missing",Seating / bench,1,0,0,0,0,0,0,0,"Mostly commercial - Office buildings, malls, large stores, etc",Yes – advertisements dominate; passenger information is secondary,"Buses usually stop in front of the first shelter, so sitting at the older green shelter is useless so people usually stand in front of the bus stop",,20260623_132258-13_13_21.jpg,https://kf.kobotoolbox.org/api/v2/assets/am66CJhKEj8dCTL49UQSNG/data/796600352/attachments/att5LbhLFzU7BnWfeFohRSHw/,,,20260623_132339-13_13_27.jpg,https://kf.kobotoolbox.org/api/v2/assets/am66CJhKEj8dCTL49UQSNG/data/796600352/attachments/att6EMu3dYRdHi8N65ik3odM/,20260623_132250-13_13_33.jpg,https://kf.kobotoolbox.org/api/v2/assets/am66CJhKEj8dCTL49UQSNG/data/796600352/attachments/attqsdJUF3JQjtgvXuv9FGGf/,796600352,2efdb7e2-73a5-4cda-af09-384cdaad6c97,2026-06-30T13:13:52+05:30,,,submitted_via_web,,vNRRNU3SyFqnhy2xMWaa4o,,uuid:2efdb7e2-73a5-4cda-af09-384cdaad6c97,330,Bengaluru,Bengaluru,12.899075,77.712654,device_gps,OK
2026-06-30T13:13:50.158000+05:30,2026-06-30T13:20:53.652000+05:30,2026-06-30T13:30:00+05:30,Wipro Kodathi /Kodathi gate/Ambedkar nagar (Towards Sarjapura),12.898996 77.713918 0 0,12.898996,77.713918,0,0,,Other Metal Bus Shelter (Other than Stainless Steel),Severely Damaged / Unusable,On the road edge / footpath edge – directly adjacent to traffic,0,1,0,,No,No,No,,1 - this is a standalone shelter ,Away from the bus stop – buses stop before or beyond the shelter/marked location,0,1,0,0,"Way Out in the Road (More than 1 meter): The bus stops far from the footpath, blocking a lane of traffic, forcing people to walk across active traffic to board the bus",None of the above,0,0,0,0,0,0,1,,"Partially encroached – e.g., vendors, parked two-wheelers, auto-rickshaws, construction material","Yes – signs of standing water, algae, or drainage issues visible","Unsafe – poorly lit, isolated, or has a history of feeling threatening", No – overcrowded or high number of people standing on the road,"Yes – but the roof is inadequate (too tall, too small, gaps, or partial coverage)",Partial – some shade but insufficient,Partially – some light but insufficient,"No – sightline is blocked (by structure, advertisement boards, trees, or parked vehicles)",No - the seating is too small to sit comfortably ,No – name is missing,No information displayed at all,Seating / bench,1,0,0,0,0,0,0,0,"Mostly commercial - Office buildings, malls, large stores, etc",No advertisements,Major bus stop for Wipro HQ Office and their employees but they have done nothing to help impove it.,,Screenshot 2026-06-30 131610-13_20_27.png,https://kf.kobotoolbox.org/api/v2/assets/am66CJhKEj8dCTL49UQSNG/data/796608335/attachments/attiEyM6Zpjs82qbwMsj2ZuS/,,,,,,,796608335,6bc72d7f-3da6-414d-b72b-920eea391652,2026-06-30T13:20:56+05:30,,,submitted_via_web,,vNRRNU3SyFqnhy2xMWaa4o,,uuid:6bc72d7f-3da6-414d-b72b-920eea391652,331,Bengaluru,Bengaluru,12.898996,77.713918,device_gps,OK
2026-06-30T13:20:53.697000+05:30,2026-06-30T13:26:28.091000+05:30,2026-06-30T13:30:00+05:30,Ambedar Nagar/Hospital bus stop (towards Sarjapura),12.901149 77.708771 0 0,12.901149,77.708771,0,0,,No Shelter and No Signboard,,On the road edge / footpath edge – directly adjacent to traffic,0,1,0,,No,No,No,,,Bus stop not clearly marked,0,0,1,0,"Way Out in the Road (More than 1 meter): The bus stops far from the footpath, blocking a lane of traffic, forcing people to walk across active traffic to board the bus",None of the above,0,0,0,0,0,0,1,,"Partially encroached – e.g., vendors, parked two-wheelers, auto-rickshaws, construction material","Yes – signs of standing water, algae, or drainage issues visible",Unable to assess (audit done only in daytime),,,No – exposed to full sun,Unsure / Not observed,,,,,None of the Above,0,0,0,0,0,0,0,1,"Mostly commercial - Retail shops. restaurants, cafes, markets, etc",,No shelter and confusion about bus stop name.,,Screenshot 2026-06-30 132557-13_26_12.png,https://kf.kobotoolbox.org/api/v2/assets/am66CJhKEj8dCTL49UQSNG/data/796615553/attachments/attFbuUSFNMa2iAhyh9BjhN3/,20260623_131023-13_26_18.jpg,https://kf.kobotoolbox.org/api/v2/assets/am66CJhKEj8dCTL49UQSNG/data/796615553/attachments/attkUGkVPgJRWA5w9tcoJ6aZ/,,,,,796615553,b657bc1b-f0b2-4c39-9548-c3d4c2cc68cf,2026-06-30T13:26:30+05:30,,,submitted_via_web,,vNRRNU3SyFqnhy2xMWaa4o,,uuid:b657bc1b-f0b2-4c39-9548-c3d4c2cc68cf,332,Bengaluru,Bengaluru,12.901149,77.708771,device_gps,OK
2026-06-30T12:15:50.448000+05:30,2026-06-30T13:32:29.183000+05:30,2026-06-30T12:16:00+05:30,Jayanagar 3rd block (towards lalbagh),,,,,,https://maps.app.goo.gl/TkgSehQZXUyyUwyp8?g_st=ac,Other Metal Bus Shelter (Other than Stainless Steel), Clean and Well Maintained,On the road edge / footpath edge – directly adjacent to traffic,0,1,0,,Yes,No,No,Yes - It's free of obstructions and feels safe to use,1 - this is a standalone shelter ,At the bus stop – buses pull up to the shelter/marked stop,1,0,0,0,One Step Out (30 cm to 1 meter): Passengers have to step down onto the road surface first to board.,Footpath available to reach the bus stop from both directions,1,0,0,0,0,0,0,," Yes – fully accessible, no obstructions",No – area appears well-drained,"Safe – well-lit, visible, and active surroundings",Yes – adequate space for passengers,Yes – roof is intact and effective,Yes – sufficient shade from the bus shelter,"Yes – lit by nearby street lights, shop fronts, or advertisement boards",Yes – clear sightline to see the approaching buses,"Yes - the seating is of the right height, width, and depth to sit comfortably while waiting for the bus","Yes – but faded, small, or difficult to read",No information displayed at all,Seating / bench Sufficient seating for the number of people typically waiting,1,1,0,0,0,0,0,0,"Mostly commercial - Retail shops. restaurants, cafes, markets, etc",No advertisements,,,1000166401-13_31_47.jpg,https://kf.kobotoolbox.org/api/v2/assets/am66CJhKEj8dCTL49UQSNG/data/796623019/attachments/attYYyosbANDQmZsLBuB2qfk/,1000166404-13_31_55.jpg,https://kf.kobotoolbox.org/api/v2/assets/am66CJhKEj8dCTL49UQSNG/data/796623019/attachments/attNaZtPuxzRNVY3d3KpNwAK/,1000166398-13_32_8.jpg,https://kf.kobotoolbox.org/api/v2/assets/am66CJhKEj8dCTL49UQSNG/data/796623019/attachments/attMaWTqyw6K895TzwRnS83m/,1000166407-13_32_26.jpg,https://kf.kobotoolbox.org/api/v2/assets/am66CJhKEj8dCTL49UQSNG/data/796623019/attachments/attxzJ5bHSge8uxuGg77upCp/,796623019,78b51a21-ae7a-407e-b122-8b8d675b11ff,2026-06-30T13:32:33+05:30,,,submitted_via_web,,vNRRNU3SyFqnhy2xMWaa4o,,uuid:78b51a21-ae7a-407e-b122-8b8d675b11ff,333,Bengaluru,Bengaluru,12.931846,77.5838414,gmaps_link,OK
2026-06-26T19:34:13.082000+05:30,2026-06-30T14:06:27.225000+05:30,2026-06-30T13:59:00+05:30,St Joseph's University (Richmond circle)towards lal bagh,12.9633 77.59592 833.8999633789062 13.270000457763672,12.9633,77.59592,833.8999633789062,13.270000457763672,,Other Metal Bus Shelter (Other than Stainless Steel),Satisfactory – minor wear/dusty but usable,"Set back from the road – against a wall, compound, or building edge",1,0,0,,No,No,No,,2,At the bus stop – buses pull up to the shelter/marked stop Away from the bus stop – buses stop before or beyond the shelter/marked location,1,1,0,0,One Step Out (30 cm to 1 meter): Passengers have to step down onto the road surface first to board.,"Footpath available to reach the bus stop from both directions Footpath is walkable and free of encroachment like parking, vendors, utility boxes, garbage, etc Ramp for wheelchair users to access the bus stop",1,1,1,0,0,0,0,," Yes – fully accessible, no obstructions","Yes – signs of standing water, algae, or drainage issues visible","Safe – well-lit, visible, and active surroundings", No – overcrowded or high number of people standing on the road,Yes – roof is intact and effective,Yes – sufficient shade from the bus shelter,"Yes – lit by nearby street lights, shop fronts, or advertisement boards",Yes – clear sightline to see the approaching buses,"Yes - the seating is of the right height, width, and depth to sit comfortably while waiting for the bus",Yes – name is prominently visible and legible,No information displayed at all,Seating / bench,1,0,0,0,0,0,0,0,"Mostly Institutional - Schools, Hospitals, Govt. Offices, etc",Yes – advertisements dominate; passenger information is secondary,Footpath is too narrow,Dustbin and route information,1000088958-14_6_21.jpg,https://kf.kobotoolbox.org/api/v2/assets/am66CJhKEj8dCTL49UQSNG/data/796666016/attachments/att97qtZeNgB3Ui2Kx8fkRQp/,1000088959-14_6_25.jpg,https://kf.kobotoolbox.org/api/v2/assets/am66CJhKEj8dCTL49UQSNG/data/796666016/attachments/att7UEApDEWYBnNYshN9aiQd/,,,,,796666016,84cd60ed-31ef-4434-bebc-2135213cf366,2026-06-30T14:06:30+05:30,,,submitted_via_web,,vNRRNU3SyFqnhy2xMWaa4o,,uuid:84cd60ed-31ef-4434-bebc-2135213cf366,334,Bengaluru,Bengaluru,12.9633,77.59592,device_gps,OK
2026-06-30T13:32:29.452000+05:30,2026-06-30T14:11:23.555000+05:30,2026-06-30T13:32:00+05:30,Rmv 2nd stage (towards BEL circle),,,,,,https://maps.app.goo.gl/bBSzhk7hnEhPBDRt9?g_st=ac,Other Metal Bus Shelter (Other than Stainless Steel),Satisfactory – minor wear/dusty but usable,On the road edge / footpath edge – directly adjacent to traffic,0,1,0,,No,No,No,,1 - this is a standalone shelter ,At the bus stop – buses pull up to the shelter/marked stop,1,0,0,0,One Step Out (30 cm to 1 meter): Passengers have to step down onto the road surface first to board.,Footpath available to reach the bus stop from both directions,1,0,0,0,0,0,0,,"Partially encroached – e.g., vendors, parked two-wheelers, auto-rickshaws, construction material",No – area appears well-drained,"Safe – well-lit, visible, and active surroundings",Yes – adequate space for passengers,Yes – roof is intact and effective,Yes – sufficient shade from the bus shelter,"Yes – lit by nearby street lights, shop fronts, or advertisement boards",Yes – clear sightline to see the approaching buses,No - the seating is too high ,No – name is missing,No information displayed at all,Seating / bench,1,0,0,0,0,0,0,0,"Mostly commercial - Retail shops. restaurants, cafes, markets, etc",Yes – advertisements dominate; passenger information is secondary,,,1000167146-14_11_0.jpg,https://kf.kobotoolbox.org/api/v2/assets/am66CJhKEj8dCTL49UQSNG/data/796673447/attachments/attQ2ren86HHEZbxt73QrMiD/,1000167148-14_11_12.jpg,https://kf.kobotoolbox.org/api/v2/assets/am66CJhKEj8dCTL49UQSNG/data/796673447/attachments/attnBpSVTJhPo8NmpbL9ehN5/,1000167144-14_11_21.jpg,https://kf.kobotoolbox.org/api/v2/assets/am66CJhKEj8dCTL49UQSNG/data/796673447/attachments/attqif77FVKLdTZuQmT2LbEe/,,,796673447,ea61dc34-3953-486c-937e-afc0ad70303c,2026-06-30T14:11:26+05:30,,,submitted_via_web,,vNRRNU3SyFqnhy2xMWaa4o,,uuid:ea61dc34-3953-486c-937e-afc0ad70303c,335,Bengaluru,Bengaluru,13.039555,77.563872,gmaps_link,OK
2026-06-30T14:11:23.709000+05:30,2026-06-30T14:15:32.270000+05:30,2026-06-30T14:11:00+05:30,BEL circle (towards vidyaranapura),,,,,,https://maps.app.goo.gl/St5ivqddEiubzu6q6?g_st=ac,Other Metal Bus Shelter (Other than Stainless Steel), Clean and Well Maintained,"Set back from the road – against a wall, compound, or building edge",1,0,0,,No,Yes,Yes,,1 - this is a standalone shelter ,At the bus stop – buses pull up to the shelter/marked stop,1,0,0,0,"Way Out in the Road (More than 1 meter): The bus stops far from the footpath, blocking a lane of traffic, forcing people to walk across active traffic to board the bus","Footpath available to reach the bus stop from both directions Footpath is walkable and free of encroachment like parking, vendors, utility boxes, garbage, etc Ramp for wheelchair users to access the bus stop Ramp is in usable condition (not too steep, not broken, nor blocked)",1,1,1,1,0,0,0,," Yes – fully accessible, no obstructions",No – area appears well-drained,"Somewhat safe – some concerns (e.g., poor visibility, isolated location)",Yes – adequate space for passengers,Yes – roof is intact and effective,Yes - from both bus shelter AND trees,Unsure / Not observed,Yes – clear sightline to see the approaching buses,"Yes - the seating is of the right height, width, and depth to sit comfortably while waiting for the bus",No – name is missing,No information displayed at all,Seating / bench Sufficient seating for the number of people typically waiting,1,1,0,0,0,0,0,0,Compound Wall / Dead Edge - No activity near the stop,No advertisements,,,1000167157-14_15_13.jpg,https://kf.kobotoolbox.org/api/v2/assets/am66CJhKEj8dCTL49UQSNG/data/796679059/attachments/attSN4hXcJRoe9LyZcRbpGEn/,1000167154-14_15_21.jpg,https://kf.kobotoolbox.org/api/v2/assets/am66CJhKEj8dCTL49UQSNG/data/796679059/attachments/attYAJUbyTN8xVYNLy7qfnVu/,1000167155-14_15_30.jpg,https://kf.kobotoolbox.org/api/v2/assets/am66CJhKEj8dCTL49UQSNG/data/796679059/attachments/attzVrPrvnQ4r89iNzktRjnz/,,,796679059,19bbbc57-2c9e-40ee-9fd5-7ad8331ce901,2026-06-30T14:15:35+05:30,,,submitted_via_web,,vNRRNU3SyFqnhy2xMWaa4o,,uuid:19bbbc57-2c9e-40ee-9fd5-7ad8331ce901,336,Bengaluru,Bengaluru,13.046495,77.556675,gmaps_link,OK
2026-06-30T13:26:28.141000+05:30,2026-06-30T15:00:07.340000+05:30,2026-06-30T13:30:00+05:30,Carmelram gate / D-Mart (towards Sarjapura),12.903447 77.70424 0 0,12.903447,77.70424,0,0,,No Shelter and No Signboard,,On the road edge / footpath edge – directly adjacent to traffic,0,1,0,,No,No,No,,,Bus stop not clearly marked,0,0,1,0,"Way Out in the Road (More than 1 meter): The bus stops far from the footpath, blocking a lane of traffic, forcing people to walk across active traffic to board the bus",None of the above,0,0,0,0,0,0,1,,Heavily encroached – the stop is largely unusable because of obstructions,Unsure,Unable to assess (audit done only in daytime),,,No – exposed to full sun,Unsure / Not observed,,,,,None of the Above,0,0,0,0,0,0,0,1,"Mostly commercial - Retail shops. restaurants, cafes, markets, etc",,"Buses stop before the flyover, next to the red car and then take the flyover. Hence they sometimes stop in the middle of the road to climb the flyover easily. There is a shelter but it is situated way before this stop so no one uses it",,20260623_130846-14_57_58.jpg,https://kf.kobotoolbox.org/api/v2/assets/am66CJhKEj8dCTL49UQSNG/data/796744243/attachments/attUPbvyn6b3xz9qcsenH8eq/,,,20260623_130750-15_0_5.jpg,https://kf.kobotoolbox.org/api/v2/assets/am66CJhKEj8dCTL49UQSNG/data/796744243/attachments/att4aW6se9dMJjDCwVmwfVAK/,,,796744243,f954b05b-71f0-4725-bf1e-7228f1515911,2026-06-30T14:58:48+05:30,,,submitted_via_web,,vNRRNU3SyFqnhy2xMWaa4o,,uuid:a7c47a4e-45a0-4f9b-801f-bac629d0cf82,337,Bengaluru,Bengaluru,12.903447,77.70424,device_gps,OK
2026-06-30T14:58:45.430000+05:30,2026-06-30T15:04:26.276000+05:30,2026-06-30T15:15:00+05:30,Doddakanneli (Towards Sarjapura),12.907433 77.695346 0 0,12.907433,77.695346,0,0,,No Shelter and No Signboard,,"Set back from the road – against a wall, compound, or building edge",1,0,0,,No,No,No,,,Bus stop not clearly marked,0,0,1,0,"Way Out in the Road (More than 1 meter): The bus stops far from the footpath, blocking a lane of traffic, forcing people to walk across active traffic to board the bus",None of the above,0,0,0,0,0,0,1,,Heavily encroached – the stop is largely unusable because of obstructions,"Yes – signs of standing water, algae, or drainage issues visible",Unable to assess (audit done only in daytime),,,No – exposed to full sun,Unsure / Not observed,,,,,Public toilet nearby (within eyesight),0,0,0,0,1,0,0,0,"Mostly commercial - Retail shops. restaurants, cafes, markets, etc",,"There is a shelter but it is set to far back so it is fully encroached and no one uses it. Everyone stands at the edge of the road as buses stop there. Also there is a major left after the bus stop, so buses have to stop in the middle of the road, sometimes to the right, closer to divider, to avoid stream of vehicles going left. Passengers have to cross the road to climb on the buses that go straight. No buses take left. Overall a messed up junction.",,20260623_130232-15_4_17.jpg,https://kf.kobotoolbox.org/api/v2/assets/am66CJhKEj8dCTL49UQSNG/data/796753084/attachments/attaBorSdFx3oE3P3o7i9xga/,20260623_130230-15_4_23.jpg,https://kf.kobotoolbox.org/api/v2/assets/am66CJhKEj8dCTL49UQSNG/data/796753084/attachments/atti998TPLPwZzNJyZ7PjBhQ/,,,,,796753084,2ec987b8-7ecd-464b-b564-480025cd6559,2026-06-30T15:04:27+05:30,,,submitted_via_web,,vNRRNU3SyFqnhy2xMWaa4o,,uuid:2ec987b8-7ecd-464b-b564-480025cd6559,338,Bengaluru,Bengaluru,12.907433,77.695346,device_gps,OK
2026-06-30T15:11:28.132000+05:30,2026-06-30T15:16:09.120000+05:30,2026-06-30T15:15:00+05:30,Wipro Mori Gate (Towards Sarjapura),12.911082 77.683966 0 0,12.911082,77.683966,0,0,,Other Metal Bus Shelter (Other than Stainless Steel),Unclean/Poorly Maintained,On the road edge / footpath edge – directly adjacent to traffic,0,1,0,,No,No,No,,3,Away from the bus stop – buses stop before or beyond the shelter/marked location,0,1,0,0,"Way Out in the Road (More than 1 meter): The bus stops far from the footpath, blocking a lane of traffic, forcing people to walk across active traffic to board the bus",Pedestrian crossing at/close to the bus stop to cross the road?,0,0,0,0,0,1,0,,Heavily encroached – the stop is largely unusable because of obstructions,"Yes – signs of standing water, algae, or drainage issues visible",Unable to assess (audit done only in daytime), No – overcrowded or high number of people standing on the road,"Yes – but the roof is inadequate (too tall, too small, gaps, or partial coverage)",Partial – some shade but insufficient,Unsure / Not observed,"No – sightline is blocked (by structure, advertisement boards, trees, or parked vehicles)",No - the seating is too small to sit comfortably ,"Yes – but faded, small, or difficult to read",No information displayed at all,Seating / bench,1,0,0,0,0,0,0,0,"Mixed Use - A mix of commercial/residential/office, etc",Yes – advertisements dominate; passenger information is secondary,"The main bus stop is next to Wipro office, and is completely encroached, and at a busy u-turn. The new shelters next to it are unused and encroached again",,20260623_125807-15_15_53.jpg,https://kf.kobotoolbox.org/api/v2/assets/am66CJhKEj8dCTL49UQSNG/data/796770566/attachments/att5cKUUuJqwaDspAcdV9Nbt/,,,20260623_125828-15_16_1.jpg,https://kf.kobotoolbox.org/api/v2/assets/am66CJhKEj8dCTL49UQSNG/data/796770566/attachments/attnmioj3eagLj7HhpZJbNMR/,,,796770566,738a9e05-b5b0-493c-8715-c5f7ece2d6ee,2026-06-30T15:16:10+05:30,,,submitted_via_web,,vNRRNU3SyFqnhy2xMWaa4o,,uuid:738a9e05-b5b0-493c-8715-c5f7ece2d6ee,339,Bengaluru,Bengaluru,12.911082,77.683966,device_gps,OK
2026-06-30T15:16:09.191000+05:30,2026-06-30T15:21:03.764000+05:30,2026-06-30T15:30:00+05:30,Kaikondrahalli (towards Sarjapura),12.914396 77.676611 0 0,12.914396,77.676611,0,0,,No Shelter and No Signboard,,On the road edge / footpath edge – directly adjacent to traffic,0,1,0,,Yes,No,Yes,No - It's obstructed due to encroachment ,,Bus stop not clearly marked,0,0,1,0,One Step Out (30 cm to 1 meter): Passengers have to step down onto the road surface first to board.,None of the above,0,0,0,0,0,0,1,,"Partially encroached – e.g., vendors, parked two-wheelers, auto-rickshaws, construction material",Unsure,Unable to assess (audit done only in daytime),,,No – exposed to full sun,Unsure / Not observed,,,,,Public toilet nearby (within eyesight) None of the Above,0,0,0,0,1,0,0,1,"Mostly commercial - Retail shops. restaurants, cafes, markets, etc",,Free drinking water is provided by Bharatiya Jalpan next door,,Screenshot 2026-06-30 152051-15_21_2.png,https://kf.kobotoolbox.org/api/v2/assets/am66CJhKEj8dCTL49UQSNG/data/796777732/attachments/attamKGctTn8JwHwYpwLGtWZ/,20260623_125204-15_20_13.jpg,https://kf.kobotoolbox.org/api/v2/assets/am66CJhKEj8dCTL49UQSNG/data/796777732/attachments/attg5nyGyf8SDmSMMWSRRBx8/,,,,,796777732,b4d8f745-516b-490d-96fc-ab3cabbd6620,2026-06-30T15:21:06+05:30,,,submitted_via_web,,vNRRNU3SyFqnhy2xMWaa4o,,uuid:b4d8f745-516b-490d-96fc-ab3cabbd6620,340,Bengaluru,Bengaluru,12.914396,77.676611,device_gps,OK
2026-06-30T14:06:27.350000+05:30,2026-06-30T15:31:15.528000+05:30,2026-06-30T15:27:00+05:30,Clarence school,13.001562 77.618622 838.8999633789062 5.686999797821045,13.001562,77.618622,838.8999633789062,5.686999797821045,,Other Metal Bus Shelter (Other than Stainless Steel),Unclean/Poorly Maintained,"Set back from the road – against a wall, compound, or building edge",1,0,0,,No,No,No,,1 - this is a standalone shelter ,At the bus stop – buses pull up to the shelter/marked stop,1,0,0,0,"Way Out in the Road (More than 1 meter): The bus stops far from the footpath, blocking a lane of traffic, forcing people to walk across active traffic to board the bus",Footpath available to reach the bus stop from both directions,1,0,0,0,0,0,0,,"Partially encroached – e.g., vendors, parked two-wheelers, auto-rickshaws, construction material","Yes – signs of standing water, algae, or drainage issues visible","Somewhat safe – some concerns (e.g., poor visibility, isolated location)", No – overcrowded or high number of people standing on the road,Yes – roof is intact and effective,Partial – some shade but insufficient,Partially – some light but insufficient,Yes – clear sightline to see the approaching buses,"Yes - the seating is of the right height, width, and depth to sit comfortably while waiting for the bus",No – name is missing,No information displayed at all,Seating / bench,1,0,0,0,0,0,0,0,"Mostly Institutional - Schools, Hospitals, Govt. Offices, etc",Yes – advertisements dominate; passenger information is secondary,"Really dirty, kerb height is last 15cm no ramp",,1000088973-15_31_11.jpg,https://kf.kobotoolbox.org/api/v2/assets/am66CJhKEj8dCTL49UQSNG/data/796791662/attachments/attaW4hx2snWarUnEtFUzMu4/,,,,,,,796791662,87e6946f-1f81-46cd-9a4e-e119f2a0927a,2026-06-30T15:31:18+05:30,,,submitted_via_web,,vNRRNU3SyFqnhy2xMWaa4o,,uuid:87e6946f-1f81-46cd-9a4e-e119f2a0927a,341,Bengaluru,Bengaluru,13.001562,77.618622,device_gps,OK
2026-06-24T12:05:05.953000+05:30,2026-06-30T16:04:16.877000+05:30,2026-06-24T12:27:00+05:30,Dairy Circle (towards NIMHANS/KBS),,,,,,https://maps.app.goo.gl/SRa7akw1CGXMihPv6,Other Metal Bus Shelter (Other than Stainless Steel),Satisfactory – minor wear/dusty but usable,On the road edge / footpath edge – directly adjacent to traffic,0,1,0,,No,No,Yes,,3,At the bus stop – buses pull up to the shelter/marked stop,1,0,0,0,One Step Out (30 cm to 1 meter): Passengers have to step down onto the road surface first to board.,Footpath available to reach the bus stop from both directions Pedestrian crossing at/close to the bus stop to cross the road?,1,0,0,0,0,1,0,,"Partially encroached – e.g., vendors, parked two-wheelers, auto-rickshaws, construction material",No – area appears well-drained,"Somewhat safe – some concerns (e.g., poor visibility, isolated location)",Yes – adequate space for passengers,Yes – roof is intact and effective,Yes – sufficient shade from the bus shelter,Unsure / Not observed,Yes – clear sightline to see the approaching buses,"Yes - the seating is of the right height, width, and depth to sit comfortably while waiting for the bus",Yes – name is prominently visible and legible,No information displayed at all,Seating / bench Sufficient seating for the number of people typically waiting Digital information boards with real time arrival information and service alerts,1,1,0,0,0,0,1,0,Compound Wall / Dead Edge - No activity near the stop,Yes – advertisements present but passenger information is still clearly visible,"While buses stop one meter or so near footpath/bus stop, sometimes traffic (two wheelers and auto) come in that space too, so not always safe, but not much more could be done by bus drivers. While there are limited ads, the only passenger info is a not super easy to catch digital board and bus stop name in one of the two shelters.","Name on both shelters, route info/map",20260627_223751-16_3_51.jpg,https://kf.kobotoolbox.org/api/v2/assets/am66CJhKEj8dCTL49UQSNG/data/796846034/attachments/attktxUubYm7zBvfQw6xGr4k/,20260624_122619-12_33_57.jpg,https://kf.kobotoolbox.org/api/v2/assets/am66CJhKEj8dCTL49UQSNG/data/796846034/attachments/att9cYH97279wYfYHW3woHs5/,20260624_122427-12_34_4.jpg,https://kf.kobotoolbox.org/api/v2/assets/am66CJhKEj8dCTL49UQSNG/data/796846034/attachments/attF6RCqQNtbJ3zLikRaFpCv/,20260627_223754-16_4_13.jpg,https://kf.kobotoolbox.org/api/v2/assets/am66CJhKEj8dCTL49UQSNG/data/796846034/attachments/att5WxLRb9PzpDGbPY8t2QvY/,796846034,f0dee2f1-7729-4b0d-8d5d-8bbc7bd9abab,2026-06-30T16:04:24+05:30,,,submitted_via_web,,vNRRNU3SyFqnhy2xMWaa4o,,uuid:f0dee2f1-7729-4b0d-8d5d-8bbc7bd9abab,342,Bengaluru,Bengaluru,12.935323,77.601258,gmaps_link,OK
2026-06-30T14:15:32.431000+05:30,2026-06-30T16:14:31.940000+05:30,2026-06-30T16:10:00+05:30,HMT post office,,,,,,https://maps.app.goo.gl/z7ksbzaZMmz26uPc7?g_st=ac,Concrete/Masonry Bus Shelter,Severely Damaged / Unusable,On the road edge / footpath edge – directly adjacent to traffic,0,1,0,,No,No,No,,1 - this is a standalone shelter ,At the bus stop – buses pull up to the shelter/marked stop,1,0,0,0,One Step Out (30 cm to 1 meter): Passengers have to step down onto the road surface first to board.,Footpath available to reach the bus stop from both directions,1,0,0,0,0,0,0,," Yes – fully accessible, no obstructions",Unsure,"Unsafe – poorly lit, isolated, or has a history of feeling threatening",Yes – adequate space for passengers,No – The roof is too damaged or broken to provide shelter,Yes - sufficient shade from surrounding trees,No – inadequate or no lighting at all,Yes – clear sightline to see the approaching buses,No seating available,No – name is missing,No information displayed at all,None of the Above,0,0,0,0,0,0,0,1,Compound Wall / Dead Edge - No activity near the stop,No advertisements,,,1000167213-16_13_59.jpg,https://kf.kobotoolbox.org/api/v2/assets/am66CJhKEj8dCTL49UQSNG/data/796864562/attachments/attbtYHtbFjHbF6nyUAyKvbK/,1000167210-16_14_9.jpg,https://kf.kobotoolbox.org/api/v2/assets/am66CJhKEj8dCTL49UQSNG/data/796864562/attachments/atto59VFADoknmKNTBvkXeFR/,1000167212-16_14_16.jpg,https://kf.kobotoolbox.org/api/v2/assets/am66CJhKEj8dCTL49UQSNG/data/796864562/attachments/att2ViwgQVwJXUoBFuoxYvD2/,,,796864562,90a12baa-83b9-42dd-96a3-849968673cf0,2026-06-30T16:14:36+05:30,,,submitted_via_web,,vNRRNU3SyFqnhy2xMWaa4o,,uuid:90a12baa-83b9-42dd-96a3-849968673cf0,343,Bengaluru,Bengaluru,13.050698,77.541572,gmaps_link,OK
2026-06-30T16:14:32.221000+05:30,2026-06-30T16:23:00.384000+05:30,2026-06-30T16:18:00+05:30,Y's Men International- Peenya,,,,,,https://maps.app.goo.gl/GSvvdjz8E6BW6rhF8?g_st=ac,Other Metal Bus Shelter (Other than Stainless Steel),Unclean/Poorly Maintained,On the road edge / footpath edge – directly adjacent to traffic The road/footpath is too narrow ,0,1,1,,No,No,No,,2,At the bus stop – buses pull up to the shelter/marked stop,1,0,0,0,No footpath available,None of the above,0,0,0,0,0,0,1,,Heavily encroached – the stop is largely unusable because of obstructions,Unsure,"Unsafe – poorly lit, isolated, or has a history of feeling threatening", No – overcrowded or high number of people standing on the road,"Yes – but the roof is inadequate (too tall, too small, gaps, or partial coverage)",Partial – some shade but insufficient,No – inadequate or no lighting at all,Yes – clear sightline to see the approaching buses,No - the seating is too high ,"Yes – but faded, small, or difficult to read",No information displayed at all,Seating / bench,1,0,0,0,0,0,0,0,Compound Wall / Dead Edge - No activity near the stop,No advertisements,,Both bus stops are unusable and highly unsafe to stand at night because of lack of adequate lighting.  Constructing a working footpath on this side would be a start,1000167183-16_21_40.jpg,https://kf.kobotoolbox.org/api/v2/assets/am66CJhKEj8dCTL49UQSNG/data/796879963/attachments/att3SknWW9sieCxEn4RUtYCV/,1000167195-16_21_50.jpg,https://kf.kobotoolbox.org/api/v2/assets/am66CJhKEj8dCTL49UQSNG/data/796879963/attachments/attddTrGm5zdpkmbqMYVJNpR/,1000167190-16_22_5.jpg,https://kf.kobotoolbox.org/api/v2/assets/am66CJhKEj8dCTL49UQSNG/data/796879963/attachments/attHxaYDtn2zATCC6SWDvLHN/,1000167188-16_22_56.jpg,https://kf.kobotoolbox.org/api/v2/assets/am66CJhKEj8dCTL49UQSNG/data/796879963/attachments/attfZtoDPhDP2B6E9BuUqcdH/,796879963,f75dbf87-b242-47a6-af02-68491477a65d,2026-06-30T16:23:16+05:30,,,submitted_via_web,,vNRRNU3SyFqnhy2xMWaa4o,,uuid:f75dbf87-b242-47a6-af02-68491477a65d,344,Bengaluru,Bengaluru,13.056083,77.546175,gmaps_link,OK
2026-06-30T16:23:00.632000+05:30,2026-06-30T16:28:30.828000+05:30,2026-06-30T16:23:00+05:30,Ayyappa Temple Jalahalli Cross,,,,,,https://maps.app.goo.gl/zsmEarcVuqrvjUXZ9,Other Metal Bus Shelter (Other than Stainless Steel),Unclean/Poorly Maintained,On the road edge / footpath edge – directly adjacent to traffic,0,1,0,,No,No,No,,1 - this is a standalone shelter ,At the bus stop – buses pull up to the shelter/marked stop,1,0,0,0,Unsure / not observed,None of the above,0,0,0,0,0,0,1,,Heavily encroached – the stop is largely unusable because of obstructions,No – area appears well-drained,"Safe – well-lit, visible, and active surroundings",Yes – adequate space for passengers,"Yes – but the roof is inadequate (too tall, too small, gaps, or partial coverage)",Partial – some shade but insufficient,"Yes – lit by nearby street lights, shop fronts, or advertisement boards",Yes – clear sightline to see the approaching buses,No - the seating is too high ,No – name is missing,No information displayed at all,Seating / bench,1,0,0,0,0,0,0,0,"Mostly commercial - Retail shops. restaurants, cafes, markets, etc",No advertisements,,,1000164984-16_28_0.jpg,https://kf.kobotoolbox.org/api/v2/assets/am66CJhKEj8dCTL49UQSNG/data/796895111/attachments/attCZVgFUoqXTE4FWNLSES35/,1000164983-16_28_13.jpg,https://kf.kobotoolbox.org/api/v2/assets/am66CJhKEj8dCTL49UQSNG/data/796895111/attachments/attEnuQtvkPwsJitZgVwbgKG/,,,,,796895111,868b13d9-4e0c-4b19-85a5-3277bb8900f8,2026-06-30T16:30:19+05:30,,,submitted_via_web,,vNRRNU3SyFqnhy2xMWaa4o,,uuid:868b13d9-4e0c-4b19-85a5-3277bb8900f8,345,Bengaluru,Bengaluru,13.046856,77.522896,gmaps_link,OK
2026-06-30T16:28:30.960000+05:30,2026-06-30T16:32:49.700000+05:30,2026-06-30T16:29:00+05:30,KG halli (towards Jalahalli cross),,,,,,https://maps.app.goo.gl/ZZezoMRUSLrZtU2s7?g_st=ac,No Shelter and No Signboard,,On the road edge / footpath edge – directly adjacent to traffic,0,1,0,,No,No,No,,,Bus stop not clearly marked,0,0,1,0,No footpath available,None of the above,0,0,0,0,0,0,1,,"Partially encroached – e.g., vendors, parked two-wheelers, auto-rickshaws, construction material",Unsure,"Somewhat safe – some concerns (e.g., poor visibility, isolated location)",,,No – exposed to full sun,Partially – some light but insufficient,,,,,None of the Above,0,0,0,0,0,0,0,1,"Mostly commercial - Retail shops. restaurants, cafes, markets, etc",,,,1000164973-16_31_51.jpg,https://kf.kobotoolbox.org/api/v2/assets/am66CJhKEj8dCTL49UQSNG/data/796900092/attachments/attVxaXs8ELbvMLE8ezjEHzm/,1000164960-16_32_6.jpg,https://kf.kobotoolbox.org/api/v2/assets/am66CJhKEj8dCTL49UQSNG/data/796900092/attachments/attc88uZQ9xbBqfXVw28U4QV/,1000164950-16_32_25.jpg,https://kf.kobotoolbox.org/api/v2/assets/am66CJhKEj8dCTL49UQSNG/data/796900092/attachments/attRECLaARvhnMKHKbnBsAvu/,1000164955-16_32_47.jpg,https://kf.kobotoolbox.org/api/v2/assets/am66CJhKEj8dCTL49UQSNG/data/796900092/attachments/attDdCtmCui55CjucYydu9i4/,796900092,8acc37da-ac19-448b-89ac-8113f817aed8,2026-06-30T16:32:55+05:30,,,submitted_via_web,,vNRRNU3SyFqnhy2xMWaa4o,,uuid:8acc37da-ac19-448b-89ac-8113f817aed8,346,Bengaluru,Bengaluru,13.054877,77.534577,gmaps_link,OK
2026-06-30T10:25:13.513000+05:30,2026-06-30T17:31:47.892000+05:30,2026-06-30T10:30:00+05:30,Baglur cross,13.12234 77.611433 0 0,13.12234,77.611433,0,0,,Stainless Steel Bus Shelter, Clean and Well Maintained,"Set back from the road – against a wall, compound, or building edge",1,0,0,,No,Yes,Yes,,1 - this is a standalone shelter ,At the bus stop – buses pull up to the shelter/marked stop,1,0,0,0,One Step Out (30 cm to 1 meter): Passengers have to step down onto the road surface first to board.,"Footpath available to reach the bus stop from both directions Footpath is walkable and free of encroachment like parking, vendors, utility boxes, garbage, etc",1,1,0,0,0,0,0,," Yes – fully accessible, no obstructions",No – area appears well-drained,Unable to assess (audit done only in daytime),Yes – adequate space for passengers,Yes – roof is intact and effective,Yes – sufficient shade from the bus shelter,Unsure / Not observed,Yes – clear sightline to see the approaching buses,"Yes - the seating is of the right height, width, and depth to sit comfortably while waiting for the bus",Yes – name is prominently visible and legible,No information displayed at all,Seating / bench Sufficient seating for the number of people typically waiting Dustbin / waste bin,1,1,1,0,0,0,0,0,Compound Wall / Dead Edge - No activity near the stop,Yes – advertisements present but passenger information is still clearly visible,,,1000162967-17_31_9.jpg,https://kf.kobotoolbox.org/api/v2/assets/am66CJhKEj8dCTL49UQSNG/data/797004634/attachments/att4VWVw4dAG3nERBRHNkMcc/,1000162966-17_31_27.jpg,https://kf.kobotoolbox.org/api/v2/assets/am66CJhKEj8dCTL49UQSNG/data/797004634/attachments/attsUz4cTeMQjonQqmCnPwey/,,,,,797004634,6fa3bb86-be21-414d-8212-8f25098fb8af,2026-06-30T17:31:51+05:30,,,submitted_via_web,,vNRRNU3SyFqnhy2xMWaa4o,,uuid:6fa3bb86-be21-414d-8212-8f25098fb8af,347,Bengaluru,Bengaluru,13.12234,77.611433,device_gps,OK
2026-06-23T17:47:28.828000+05:30,2026-06-30T18:10:57.294000+05:30,2026-06-23T18:29:00+05:30,Dairy Circle (Towards Bannerghatta),,,,,,https://maps.app.goo.gl/Rjng5H2TR6aZba41A,Other Metal Bus Shelter (Other than Stainless Steel),Satisfactory – minor wear/dusty but usable,"Set back from the road – against a wall, compound, or building edge",1,0,0,,No,No,No,,3,At the bus stop – buses pull up to the shelter/marked stop,1,0,0,0,One Step Out (30 cm to 1 meter): Passengers have to step down onto the road surface first to board.,"Footpath available to reach the bus stop from both directions Footpath is walkable and free of encroachment like parking, vendors, utility boxes, garbage, etc",1,1,0,0,0,0,0,," Yes – fully accessible, no obstructions",No – area appears well-drained,"Somewhat safe – some concerns (e.g., poor visibility, isolated location)",Yes – adequate space for passengers,Yes – roof is intact and effective,Yes – sufficient shade from the bus shelter,Partially – some light but insufficient,Yes – clear sightline to see the approaching buses,"Yes - the seating is of the right height, width, and depth to sit comfortably while waiting for the bus",Yes – name is prominently visible and legible,Yes – route list is prominently displayed and appears current,Seating / bench,1,0,0,0,0,0,0,0,Compound Wall / Dead Edge - No activity near the stop,Yes – advertisements dominate; passenger information is secondary,,Lighting. Buses to stop slowly and close to footpath. Clear marking of stop name and routes,17822197344656906894227666729203-18_32_40.jpg,https://kf.kobotoolbox.org/api/v2/assets/am66CJhKEj8dCTL49UQSNG/data/797067233/attachments/attfy9zCC3Zx7Uis3Tvtq6No/,17822197174394724695870231282644-18_32_10.jpg,https://kf.kobotoolbox.org/api/v2/assets/am66CJhKEj8dCTL49UQSNG/data/797067233/attachments/attB4wmMvatf55PjniLWce6b/,,,17822197631342553061423726501463-18_32_52.jpg,https://kf.kobotoolbox.org/api/v2/assets/am66CJhKEj8dCTL49UQSNG/data/797067233/attachments/att8ggPquNSEpvDq6sdXNyjV/,797067233,76446d51-1b66-4b63-8038-81f4585a309d,2026-06-30T18:11:00+05:30,,,submitted_via_web,,vNRRNU3SyFqnhy2xMWaa4o,,uuid:76446d51-1b66-4b63-8038-81f4585a309d,348,Bengaluru,Bengaluru,12.935586,77.601569,gmaps_link,OK
2026-06-30T18:10:57.393000+05:30,2026-06-30T18:25:12.501000+05:30,2026-06-30T18:20:00+05:30,Sophiya School (Towards KBS),,,,,,https://maps.app.goo.gl/BFt76b6Fa3iNFskSA,No Shelter and No Signboard,,"Set back from the road – against a wall, compound, or building edge",1,0,0,,No,Yes,Yes,,,Bus stop not clearly marked,0,0,1,0,One Step Out (30 cm to 1 meter): Passengers have to step down onto the road surface first to board.,"Footpath available to reach the bus stop from both directions Footpath is walkable and free of encroachment like parking, vendors, utility boxes, garbage, etc Pedestrian crossing at/close to the bus stop to cross the road?",1,1,0,0,0,1,0,," Yes – fully accessible, no obstructions",Unsure,Unable to assess (audit done only in daytime),,,Partial – some shade but insufficient,Unsure / Not observed,,,,,None of the Above,0,0,0,0,0,0,0,1,"Mostly Institutional - Schools, Hospitals, Govt. Offices, etc",,No marked stop,Proper shelter with information,20260630_182002-18_25_4.jpg,https://kf.kobotoolbox.org/api/v2/assets/am66CJhKEj8dCTL49UQSNG/data/797094812/attachments/attuzwZsWnWwr98iaKqMJ5id/,20260630_182013-18_25_10.jpg,https://kf.kobotoolbox.org/api/v2/assets/am66CJhKEj8dCTL49UQSNG/data/797094812/attachments/att7Sdg83JxLrZctx7T2hB8h/,,,,,797094812,d36a5922-e68a-405a-82a5-9b7b79e21050,2026-06-30T18:25:17+05:30,,,submitted_via_web,,vNRRNU3SyFqnhy2xMWaa4o,,uuid:d36a5922-e68a-405a-82a5-9b7b79e21050,349,Bengaluru,Bengaluru,12.985672,77.589371,gmaps_link,OK
2026-06-30T15:31:15.657000+05:30,2026-06-30T18:28:51.115000+05:30,2026-06-30T18:26:00+05:30,Nagavara/manyatha tech park,13.041351 77.622686 814.7000122070312 19.79400062561035,13.041351,77.622686,814.7000122070312,19.79400062561035,,No Shelter and No Signboard,,On the road edge / footpath edge – directly adjacent to traffic,0,1,0,,No,No,No,,,At the bus stop – buses pull up to the shelter/marked stop Away from the bus stop – buses stop before or beyond the shelter/marked location Bus stop not clearly marked,1,1,1,0,"Way Out in the Road (More than 1 meter): The bus stops far from the footpath, blocking a lane of traffic, forcing people to walk across active traffic to board the bus",None of the above,0,0,0,0,0,0,1,," Yes – fully accessible, no obstructions",Unsure,"Somewhat safe – some concerns (e.g., poor visibility, isolated location)",,,No – exposed to full sun,Partially – some light but insufficient,,,,,None of the Above,0,0,0,0,0,0,0,1,"Mixed Use - A mix of commercial/residential/office, etc",,No safe busstop for ppl to wait at,Shelter and information board,1000088980-18_28_28.jpg,https://kf.kobotoolbox.org/api/v2/assets/am66CJhKEj8dCTL49UQSNG/data/797102113/attachments/attP4k6MopCW8yh2EGcXpYNk/,,,,,,,797102113,4be03e8f-26d6-4f6c-a14b-16faa3d2bf36,2026-06-30T18:28:54+05:30,,,submitted_via_web,,vNRRNU3SyFqnhy2xMWaa4o,,uuid:4be03e8f-26d6-4f6c-a14b-16faa3d2bf36,350,Bengaluru,Bengaluru,13.041351,77.622686,device_gps,OK
2026-06-30T18:28:51.344000+05:30,2026-06-30T18:34:32.689000+05:30,2026-06-30T18:32:00+05:30,Nagawara towards tannery road,13.04024 77.624398 812.5999755859375 21.773000717163086,13.04024,77.624398,812.5999755859375,21.773000717163086,,No Shelter and No Signboard,,On the road edge / footpath edge – directly adjacent to traffic,0,1,0,,No,No,No,,,At the bus stop – buses pull up to the shelter/marked stop Away from the bus stop – buses stop before or beyond the shelter/marked location Bus stop not clearly marked,1,1,1,0,One Step Out (30 cm to 1 meter): Passengers have to step down onto the road surface first to board.,None of the above,0,0,0,0,0,0,1,,Heavily encroached – the stop is largely unusable because of obstructions,"Yes – signs of standing water, algae, or drainage issues visible","Somewhat safe – some concerns (e.g., poor visibility, isolated location)",,,No – exposed to full sun,"Yes – lit by nearby street lights, shop fronts, or advertisement boards",,,,,None of the Above,0,0,0,0,0,0,0,1,"Mostly commercial - Retail shops. restaurants, cafes, markets, etc",,"Was never a busstop to begin with, but now is because of metro construction changing the route",A sign is the bare minimum,1000088981-18_34_29.jpg,https://kf.kobotoolbox.org/api/v2/assets/am66CJhKEj8dCTL49UQSNG/data/797113000/attachments/attFp7Ez3zAUiWQk8rpRqiEL/,,,,,,,797113000,fe8408c9-eddb-4c10-abbf-1e2b343a7f21,2026-06-30T18:34:35+05:30,,,submitted_via_web,,vNRRNU3SyFqnhy2xMWaa4o,,uuid:fe8408c9-eddb-4c10-abbf-1e2b343a7f21,351,Bengaluru,Bengaluru,13.04024,77.624398,device_gps,OK
2026-06-30T18:34:32.803000+05:30,2026-06-30T18:41:23.554000+05:30,2026-06-30T18:35:00+05:30,Nagawara towards tin factory,13.037883 77.626377 811.5 3.4000000953674316,13.037883,77.626377,811.5,3.4000000953674316,,Other Metal Bus Shelter (Other than Stainless Steel),Unclean/Poorly Maintained,"Set back from the road – against a wall, compound, or building edge",1,0,0,,No,No,No,,1 - this is a standalone shelter ,At the bus stop – buses pull up to the shelter/marked stop Away from the bus stop – buses stop before or beyond the shelter/marked location,1,1,0,0,"Way Out in the Road (More than 1 meter): The bus stops far from the footpath, blocking a lane of traffic, forcing people to walk across active traffic to board the bus",None of the above,0,0,0,0,0,0,1,,Heavily encroached – the stop is largely unusable because of obstructions,"Yes – signs of standing water, algae, or drainage issues visible","Somewhat safe – some concerns (e.g., poor visibility, isolated location)", No – overcrowded or high number of people standing on the road,No – The roof is too damaged or broken to provide shelter,No – exposed to full sun,"Yes – lit by nearby street lights, shop fronts, or advertisement boards","No – sightline is blocked (by structure, advertisement boards, trees, or parked vehicles)","Yes - the seating is of the right height, width, and depth to sit comfortably while waiting for the bus",No – name is missing,No information displayed at all,Seating / bench,1,0,0,0,0,0,0,0,"Mostly commercial - Retail shops. restaurants, cafes, markets, etc",Yes – advertisements dominate; passenger information is secondary,"Busses never stop where they are supposed to, heavily crowded",Roof fixes and another shelter,1000088983-18_40_51.jpg,https://kf.kobotoolbox.org/api/v2/assets/am66CJhKEj8dCTL49UQSNG/data/797125916/attachments/attPANK3XkNGTSvDz8wxUzZB/,1000088984-18_40_54.jpg,https://kf.kobotoolbox.org/api/v2/assets/am66CJhKEj8dCTL49UQSNG/data/797125916/attachments/attRfhZp7AqAB3GiATDEvqXS/,1000088985-18_40_58.jpg,https://kf.kobotoolbox.org/api/v2/assets/am66CJhKEj8dCTL49UQSNG/data/797125916/attachments/attatGZSFTYMAiTcfoFuio4m/,,,797125916,628755cf-1671-4feb-92fc-a53bb7976f60,2026-06-30T18:41:26+05:30,,,submitted_via_web,,vNRRNU3SyFqnhy2xMWaa4o,,uuid:628755cf-1671-4feb-92fc-a53bb7976f60,352,Bengaluru,Bengaluru,13.037883,77.626377,device_gps,OK
2026-06-30T18:41:23.703000+05:30,2026-06-30T18:45:02.878000+05:30,2026-06-30T18:42:00+05:30,Nagawara towards silk board,13.038057 77.625374 818.0999755859375 37.39400100708008,13.038057,77.625374,818.0999755859375,37.39400100708008,,No Shelter and No Signboard,,On the road edge / footpath edge – directly adjacent to traffic,0,1,0,,No,No,No,,,Away from the bus stop – buses stop before or beyond the shelter/marked location Bus stop not clearly marked,0,1,1,0,"Way Out in the Road (More than 1 meter): The bus stops far from the footpath, blocking a lane of traffic, forcing people to walk across active traffic to board the bus",Footpath available to reach the bus stop from both directions,1,0,0,0,0,0,0,,Heavily encroached – the stop is largely unusable because of obstructions,"Yes – signs of standing water, algae, or drainage issues visible","Somewhat safe – some concerns (e.g., poor visibility, isolated location)",,,No – exposed to full sun,Partially – some light but insufficient,,,,,None of the Above,0,0,0,0,0,0,0,1,"Mostly commercial - Retail shops. restaurants, cafes, markets, etc",,"Not exactly the busstop, currently being used because the road is blocked/reconstructed",A sign would suffice,1000088986-18_45_0.jpg,https://kf.kobotoolbox.org/api/v2/assets/am66CJhKEj8dCTL49UQSNG/data/797132516/attachments/att8L3XRDyiRtw269HWrWAXe/,,,,,,,797132516,70d1f588-a89d-4f67-9881-2b2c11dab7ae,2026-06-30T18:45:05+05:30,,,submitted_via_web,,vNRRNU3SyFqnhy2xMWaa4o,,uuid:70d1f588-a89d-4f67-9881-2b2c11dab7ae,353,Bengaluru,Bengaluru,13.038057,77.625374,device_gps,OK
2026-06-30T18:45:03.047000+05:30,2026-06-30T18:50:05.320000+05:30,2026-06-30T18:45:00+05:30,Nagawara towards silk board (currently not in use),13.040144 77.624148 813.0999755859375 19.695999145507812,13.040144,77.624148,813.0999755859375,19.695999145507812,,No Shelter and No Signboard,,On the road edge / footpath edge – directly adjacent to traffic,0,1,0,,No,Yes,Yes,,,Away from the bus stop – buses stop before or beyond the shelter/marked location Bus stop not clearly marked,0,1,1,0,"Way Out in the Road (More than 1 meter): The bus stops far from the footpath, blocking a lane of traffic, forcing people to walk across active traffic to board the bus","Footpath available to reach the bus stop from both directions Ramp for wheelchair users to access the bus stop Ramp is in usable condition (not too steep, not broken, nor blocked)",1,0,1,1,0,0,0,,"Partially encroached – e.g., vendors, parked two-wheelers, auto-rickshaws, construction material","Yes – signs of standing water, algae, or drainage issues visible","Somewhat safe – some concerns (e.g., poor visibility, isolated location)",,,No – exposed to full sun,"Yes – lit by nearby street lights, shop fronts, or advertisement boards",,,,,None of the Above,0,0,0,0,0,0,0,1,"Mostly commercial - Retail shops. restaurants, cafes, markets, etc",,,"Shelter and information board when in use, also dustbins",1000088987-18_50_2.jpg,https://kf.kobotoolbox.org/api/v2/assets/am66CJhKEj8dCTL49UQSNG/data/797141737/attachments/attWStqLq2njWRMrVTLrx7G7/,,,,,,,797141737,43ac574f-2b20-4ff1-852a-0ca5834dc7bb,2026-06-30T18:50:08+05:30,,,submitted_via_web,,vNRRNU3SyFqnhy2xMWaa4o,,uuid:43ac574f-2b20-4ff1-852a-0ca5834dc7bb,354,Bengaluru,Bengaluru,13.040144,77.624148,device_gps,OK
2026-06-30T18:50:05.502000+05:30,2026-06-30T18:54:37.942000+05:30,2026-06-30T18:50:00+05:30,Nagawara towards tannery road(currently not in use),13.038359 77.623638 816.2000122070312 15.71500015258789,13.038359,77.623638,816.2000122070312,15.71500015258789,,No Shelter and No Signboard,,"Set back from the road – against a wall, compound, or building edge",1,0,0,,No,No,No,,,At the bus stop – buses pull up to the shelter/marked stop Away from the bus stop – buses stop before or beyond the shelter/marked location Bus stop not clearly marked,1,1,1,0,One Step Out (30 cm to 1 meter): Passengers have to step down onto the road surface first to board.,Footpath available to reach the bus stop from both directions,1,0,0,0,0,0,0,,Heavily encroached – the stop is largely unusable because of obstructions,"Yes – signs of standing water, algae, or drainage issues visible","Somewhat safe – some concerns (e.g., poor visibility, isolated location)",,,No – exposed to full sun,Partially – some light but insufficient,,,,,None of the Above,0,0,0,0,0,0,0,1,"Mostly commercial - Retail shops. restaurants, cafes, markets, etc",,"Not in use currently but used to get easily over crowded, not enough space for commuters to wait","Shelter, dustbins, usable footpath and ramps",1000088989-18_54_34.jpg,https://kf.kobotoolbox.org/api/v2/assets/am66CJhKEj8dCTL49UQSNG/data/797149887/attachments/attnS8RwTEgqA2T7b5kgmHbX/,,,,,,,797149887,2718123c-734b-4dc4-b8b2-5f60b0273e65,2026-06-30T18:54:42+05:30,,,submitted_via_web,,vNRRNU3SyFqnhy2xMWaa4o,,uuid:2718123c-734b-4dc4-b8b2-5f60b0273e65,355,Bengaluru,Bengaluru,13.038359,77.623638,device_gps,OK
2026-06-30T18:54:38.111000+05:30,2026-06-30T18:58:23.834000+05:30,2026-06-30T18:55:00+05:30,Nagawara towards Yelahanka,13.037844 77.623372 817.7000122070312 12.91100025177002,13.037844,77.623372,817.7000122070312,12.91100025177002,,No Shelter and No Signboard,,On the road edge / footpath edge – directly adjacent to traffic,0,1,0,,No,No,No,,,Away from the bus stop – buses stop before or beyond the shelter/marked location Bus stop not clearly marked,0,1,1,0,One Step Out (30 cm to 1 meter): Passengers have to step down onto the road surface first to board.,None of the above,0,0,0,0,0,0,1,,"Partially encroached – e.g., vendors, parked two-wheelers, auto-rickshaws, construction material","Yes – signs of standing water, algae, or drainage issues visible","Somewhat safe – some concerns (e.g., poor visibility, isolated location)",,,No – exposed to full sun,Partially – some light but insufficient,,,,,None of the Above,0,0,0,0,0,0,0,1,"Mostly commercial - Retail shops. restaurants, cafes, markets, etc",,A shelter for this busstop exists but is not in use as busses stop atleast 100 metres away from it,Maintenance and busses to actually stop at the shelter or the shelter to be relocated,1000088990-18_58_13.jpg,https://kf.kobotoolbox.org/api/v2/assets/am66CJhKEj8dCTL49UQSNG/data/797156754/attachments/attipAdQ2DY5vA39MRoB7FtQ/,,,1000088991-18_58_21.jpg,https://kf.kobotoolbox.org/api/v2/assets/am66CJhKEj8dCTL49UQSNG/data/797156754/attachments/attR8CJwXPgoyHpZAV9xwRt4/,,,797156754,93a3efd2-9034-4a85-8c85-ad91473c80f7,2026-06-30T18:58:28+05:30,,,submitted_via_web,,vNRRNU3SyFqnhy2xMWaa4o,,uuid:93a3efd2-9034-4a85-8c85-ad91473c80f7,356,Bengaluru,Bengaluru,13.037844,77.623372,device_gps,OK
2026-06-30T18:58:24.024000+05:30,2026-06-30T19:11:10.067000+05:30,2026-06-30T19:08:00+05:30,Nagawara junction towards Yelahanka,13.040628 77.624358 812.5999755859375 16.13800048828125,13.040628,77.624358,812.5999755859375,16.13800048828125,,No Shelter and No Signboard,,On the road edge / footpath edge – directly adjacent to traffic,0,1,0,,No,Yes,Yes,,,At the bus stop – buses pull up to the shelter/marked stop Away from the bus stop – buses stop before or beyond the shelter/marked location Bus stop not clearly marked,1,1,1,0,One Step Out (30 cm to 1 meter): Passengers have to step down onto the road surface first to board.,Footpath available to reach the bus stop from both directions Ramp for wheelchair users to access the bus stop,1,0,1,0,0,0,0,,"Partially encroached – e.g., vendors, parked two-wheelers, auto-rickshaws, construction material","Yes – signs of standing water, algae, or drainage issues visible","Safe – well-lit, visible, and active surroundings",,,No – exposed to full sun,"Yes – lit by nearby street lights, shop fronts, or advertisement boards",,,,,None of the Above,0,0,0,0,0,0,0,1,"Mixed Use - A mix of commercial/residential/office, etc",,,Shelter and information board,1000088999-19_11_4.jpg,https://kf.kobotoolbox.org/api/v2/assets/am66CJhKEj8dCTL49UQSNG/data/797180510/attachments/attyXWnVRAQT6G48qLHrDSTv/,,,,,,,797180510,768bd77a-0c62-445d-88c2-8b9dd5d26010,2026-06-30T19:11:12+05:30,,,submitted_via_web,,vNRRNU3SyFqnhy2xMWaa4o,,uuid:768bd77a-0c62-445d-88c2-8b9dd5d26010,357,Bengaluru,Bengaluru,13.040628,77.624358,device_gps,OK
2026-06-30T18:25:12.689000+05:30,2026-06-30T19:26:23.680000+05:30,2026-06-30T19:15:00+05:30,Muneshwara Temple (Towards Koramangala/St Johns),,,,,,https://maps.app.goo.gl/HitpgcjNeX2zwTZGA,Other Metal Bus Shelter (Other than Stainless Steel),Satisfactory – minor wear/dusty but usable,"Set back from the road – against a wall, compound, or building edge",1,0,0,,No,Yes,No,,2,At the bus stop – buses pull up to the shelter/marked stop,1,0,0,0,"Way Out in the Road (More than 1 meter): The bus stops far from the footpath, blocking a lane of traffic, forcing people to walk across active traffic to board the bus",Tactile paving for visually impaired users Pedestrian crossing at/close to the bus stop to cross the road?,0,0,0,0,1,1,0,,"Partially encroached – e.g., vendors, parked two-wheelers, auto-rickshaws, construction material",No – area appears well-drained,"Safe – well-lit, visible, and active surroundings",Yes – adequate space for passengers,Yes – roof is intact and effective,Yes – sufficient shade from the bus shelter,"Yes – lit by nearby street lights, shop fronts, or advertisement boards","No – sightline is blocked (by structure, advertisement boards, trees, or parked vehicles)",No - the seating is too small to sit comfortably ,No – name is missing,No information displayed at all,Seating / bench,1,0,0,0,0,0,0,0,"Mixed Use - A mix of commercial/residential/office, etc",Yes – advertisements dominate; passenger information is secondary,"There is a digital board but it is not functional. There is bus bay, in which buses stop, which is good, however, otherwise vehicles also pass by it, making it unsafe/stressful to be careful to get to. Also, intercity/interstate private buses also stop here. On both sides of the stop are entry/exit to an office building, with some vehicular traffic there too. While the stop is big and sheltered well, the seating is limited thus many stand/sit on the edge of the stop near road. Also, tactile paving only at stop not around (a feature in many stops, thus not sure how useful)",Block vehicles from using the bus bay. Digital board up to date with lighting at the stop.,20260630_191207-19_24_49.jpg,https://kf.kobotoolbox.org/api/v2/assets/am66CJhKEj8dCTL49UQSNG/data/797206084/attachments/attpdDJcUWLj57JWQyAYeMUL/,,,20260630_191215-19_25_2.jpg,https://kf.kobotoolbox.org/api/v2/assets/am66CJhKEj8dCTL49UQSNG/data/797206084/attachments/att4xtBnbp5XEUkhNa6J7Nt8/,20260630_192235-19_25_11.jpg,https://kf.kobotoolbox.org/api/v2/assets/am66CJhKEj8dCTL49UQSNG/data/797206084/attachments/attynomTA75RnkhvFhM5SX66/,797206084,de47a816-348a-46b3-902e-b73e969ef0bf,2026-06-30T19:26:28+05:30,,,submitted_via_web,,vNRRNU3SyFqnhy2xMWaa4o,,uuid:de47a816-348a-46b3-902e-b73e969ef0bf,358,Bengaluru,Bengaluru,12.936593,77.606667,gmaps_link,OK
2026-06-30T19:26:23.862000+05:30,2026-06-30T19:53:01.096000+05:30,2026-06-30T19:27:00+05:30,Muneeshwara Temple (Towards KBS),,,,,,https://maps.app.goo.gl/uN2VWg5pgpPowkxt8,Other Metal Bus Shelter (Other than Stainless Steel),Satisfactory – minor wear/dusty but usable,On the road edge / footpath edge – directly adjacent to traffic,0,1,0,,No,Yes,No,,2,At the bus stop – buses pull up to the shelter/marked stop,1,0,0,0,"Way Out in the Road (More than 1 meter): The bus stops far from the footpath, blocking a lane of traffic, forcing people to walk across active traffic to board the bus","Footpath available to reach the bus stop from both directions Footpath is walkable and free of encroachment like parking, vendors, utility boxes, garbage, etc Ramp for wheelchair users to access the bus stop Pedestrian crossing at/close to the bus stop to cross the road?",1,1,1,0,0,1,0,,"Partially encroached – e.g., vendors, parked two-wheelers, auto-rickshaws, construction material",No – area appears well-drained,"Somewhat safe – some concerns (e.g., poor visibility, isolated location)", No – overcrowded or high number of people standing on the road,Yes – roof is intact and effective,Yes – sufficient shade from the bus shelter,Yes – the bus shelter itself has a working light,Yes – clear sightline to see the approaching buses,"Yes - the seating is of the right height, width, and depth to sit comfortably while waiting for the bus",Yes – name is prominently visible and legible,Yes – route list is prominently displayed and appears current,Seating / bench Digital information boards with real time arrival information and service alerts,1,0,0,0,0,0,1,0,"Mixed Use - A mix of commercial/residential/office, etc",Yes – advertisements present but passenger information is still clearly visible,Pedestrian crossing near by is a footover bridge. This is the same as for the opposite side as well.,,20260630_193018-19_52_38.jpg,https://kf.kobotoolbox.org/api/v2/assets/am66CJhKEj8dCTL49UQSNG/data/797250584/attachments/att9iYYxf84JDPtjDXqBMiTz/,,,20260630_192943-19_52_50.jpg,https://kf.kobotoolbox.org/api/v2/assets/am66CJhKEj8dCTL49UQSNG/data/797250584/attachments/attAMuyApgjcmdsQ4FJTgSPo/,,,797250584,c28b8ffc-64a7-429d-9687-94108d9067cc,2026-06-30T19:53:09+05:30,,,submitted_via_web,,vNRRNU3SyFqnhy2xMWaa4o,,uuid:c28b8ffc-64a7-429d-9687-94108d9067cc,359,Bengaluru,Bengaluru,12.9360727,77.607238,gmaps_link,OK
2026-06-30T20:49:09.489000+05:30,2026-06-30T20:55:34.586000+05:30,2026-06-30T10:37:00+05:30,Apex Bank (Towards Srinagara),12.941735 77.555668 0 0,12.941735,77.555668,0,0,,Stainless Steel Bus Shelter,Unclean/Poorly Maintained,The road/footpath is too narrow ,0,0,1,,No,No,No,,1 - this is a standalone shelter ,At the bus stop – buses pull up to the shelter/marked stop,1,0,0,0,One Step Out (30 cm to 1 meter): Passengers have to step down onto the road surface first to board.,Footpath available to reach the bus stop from both directions,1,0,0,0,0,0,0,,"Partially encroached – e.g., vendors, parked two-wheelers, auto-rickshaws, construction material",No – area appears well-drained,"Somewhat safe – some concerns (e.g., poor visibility, isolated location)",Yes – adequate space for passengers,Yes – roof is intact and effective,Yes – sufficient shade from the bus shelter,"Yes – lit by nearby street lights, shop fronts, or advertisement boards",Yes – clear sightline to see the approaching buses,"Yes - the seating is of the right height, width, and depth to sit comfortably while waiting for the bus",No – name is missing,No information displayed at all,Seating / bench,1,0,0,0,0,0,0,0,"Mostly commercial - Retail shops. restaurants, cafes, markets, etc",No advertisements,The bus stop is in absolute shambles,,IMG_20260630_103713-20_55_32.jpg,https://kf.kobotoolbox.org/api/v2/assets/am66CJhKEj8dCTL49UQSNG/data/797357408/attachments/attdGivJ3Rbi8kGBZF68eR2J/,,,,,,,797357408,8da10676-7538-45f6-92ee-28ea4bf5eab9,2026-06-30T20:55:37+05:30,,,submitted_via_web,,vNRRNU3SyFqnhy2xMWaa4o,,uuid:8da10676-7538-45f6-92ee-28ea4bf5eab9,360,Bengaluru,Bengaluru,12.941735,77.555668,device_gps,OK
2026-06-30T20:55:34.679000+05:30,2026-06-30T20:57:30.626000+05:30,2026-06-30T10:44:00+05:30,Maruthi Circle,12.943543 77.558375 0 0,12.943543,77.558375,0,0,,No Shelter and No Signboard,,The road/footpath is too narrow ,0,0,1,,No,No,No,,,Bus stop not clearly marked,0,0,1,0,"Way Out in the Road (More than 1 meter): The bus stops far from the footpath, blocking a lane of traffic, forcing people to walk across active traffic to board the bus",Footpath available to reach the bus stop from both directions,1,0,0,0,0,0,0,,"Partially encroached – e.g., vendors, parked two-wheelers, auto-rickshaws, construction material",No – area appears well-drained,"Somewhat safe – some concerns (e.g., poor visibility, isolated location)",,,Yes - sufficient shade from surrounding trees,Partially – some light but insufficient,,,,,None of the Above,0,0,0,0,0,0,0,1,"Mostly commercial - Retail shops. restaurants, cafes, markets, etc",,There is no shelter,Bus shelter needed,IMG_20260630_104428-20_57_28.jpg,https://kf.kobotoolbox.org/api/v2/assets/am66CJhKEj8dCTL49UQSNG/data/797360045/attachments/attCWbj9XP8fnU6BpvhyUtbZ/,,,,,,,797360045,e461fc5c-78da-4b36-a072-e2568925a84d,2026-06-30T20:57:33+05:30,,,submitted_via_web,,vNRRNU3SyFqnhy2xMWaa4o,,uuid:e461fc5c-78da-4b36-a072-e2568925a84d,361,Bengaluru,Bengaluru,12.943543,77.558375,device_gps,OK
2026-06-30T20:57:30.726000+05:30,2026-06-30T21:00:03.676000+05:30,2026-06-30T10:56:00+05:30,Ganesha Bhavan (Towards Ramakrishna Ashrama),12.944149 77.564217 0 0,12.944149,77.564217,0,0,,Other Metal Bus Shelter (Other than Stainless Steel),Severely Damaged / Unusable,The road/footpath is too narrow ,0,0,1,,No,No,No,,1 - this is a standalone shelter ,Away from the bus stop – buses stop before or beyond the shelter/marked location,0,1,0,0,"Way Out in the Road (More than 1 meter): The bus stops far from the footpath, blocking a lane of traffic, forcing people to walk across active traffic to board the bus",None of the above,0,0,0,0,0,0,1,,"Partially encroached – e.g., vendors, parked two-wheelers, auto-rickshaws, construction material",No – area appears well-drained,"Somewhat safe – some concerns (e.g., poor visibility, isolated location)", No – overcrowded or high number of people standing on the road,No – The roof is too damaged or broken to provide shelter,Yes - sufficient shade from surrounding trees,Partially – some light but insufficient,"No – sightline is blocked (by structure, advertisement boards, trees, or parked vehicles)",No - poor back support / posture,No – name is missing,No information displayed at all,Seating / bench,1,0,0,0,0,0,0,0,"Mostly commercial - Retail shops. restaurants, cafes, markets, etc",No advertisements,Bus stop in absolute shambles,,IMG_20260630_105643-21_0_1.jpg,https://kf.kobotoolbox.org/api/v2/assets/am66CJhKEj8dCTL49UQSNG/data/797364057/attachments/attr6Nt2QgnzrKZnTRnYGtTh/,,,,,,,797364057,0de97cba-85d5-4c03-8988-0f69c78b4b0d,2026-06-30T21:00:06+05:30,,,submitted_via_web,,vNRRNU3SyFqnhy2xMWaa4o,,uuid:0de97cba-85d5-4c03-8988-0f69c78b4b0d,362,Bengaluru,Bengaluru,12.944149,77.564217,device_gps,OK
2026-06-30T21:00:03.795000+05:30,2026-06-30T21:01:31.804000+05:30,2026-06-30T10:59:00+05:30,Ganesha Bhavan (Towards Hanumanthanagara),12.943325 77.565846 0 0,12.943325,77.565846,0,0,,No Shelter and No Signboard,,The road/footpath is too narrow ,0,0,1,,No,No,No,,,Bus stop not clearly marked,0,0,1,0,One Step Out (30 cm to 1 meter): Passengers have to step down onto the road surface first to board.,Footpath available to reach the bus stop from both directions,1,0,0,0,0,0,0,,"Partially encroached – e.g., vendors, parked two-wheelers, auto-rickshaws, construction material",No – area appears well-drained,"Somewhat safe – some concerns (e.g., poor visibility, isolated location)",,,Yes - sufficient shade from surrounding trees,Partially – some light but insufficient,,,,,None of the Above,0,0,0,0,0,0,0,1,"Mostly commercial - Retail shops. restaurants, cafes, markets, etc",,No Shelter available,Need shelter,IMG_20260630_105951-21_1_25.jpg,https://kf.kobotoolbox.org/api/v2/assets/am66CJhKEj8dCTL49UQSNG/data/797366265/attachments/attmWCBqNUhYf4xbkJHbkgz7/,,,,,,,797366265,2023389c-7567-4b45-8eeb-c59777d4c2ff,2026-06-30T21:01:34+05:30,,,submitted_via_web,,vNRRNU3SyFqnhy2xMWaa4o,,uuid:2023389c-7567-4b45-8eeb-c59777d4c2ff,363,Bengaluru,Bengaluru,12.943325,77.565846,device_gps,OK
2026-06-30T21:01:31.860000+05:30,2026-06-30T21:02:52.498000+05:30,2026-06-30T11:08:00+05:30,Ramakrishna Ashrama (Towards Ganesha Bhavan),12.947153 77.567817 0 0,12.947153,77.567817,0,0,,No Shelter and No Signboard,,The road/footpath is too narrow ,0,0,1,,No,No,No,,,Bus stop not clearly marked,0,0,1,0,One Step Out (30 cm to 1 meter): Passengers have to step down onto the road surface first to board.,Footpath available to reach the bus stop from both directions Pedestrian crossing at/close to the bus stop to cross the road?,1,0,0,0,0,1,0,,"Partially encroached – e.g., vendors, parked two-wheelers, auto-rickshaws, construction material",No – area appears well-drained,"Somewhat safe – some concerns (e.g., poor visibility, isolated location)",,,Yes - sufficient shade from surrounding trees,"Yes – lit by nearby street lights, shop fronts, or advertisement boards",,,,,None of the Above,0,0,0,0,0,0,0,1,"Mostly commercial - Retail shops. restaurants, cafes, markets, etc",,No Shelter available,Need Shelter,IMG_20260630_110812-21_2_50.jpg,https://kf.kobotoolbox.org/api/v2/assets/am66CJhKEj8dCTL49UQSNG/data/797368236/attachments/attJXJnRx7HsLmF44sAb9KAA/,,,,,,,797368236,724d076e-eb3c-459e-a048-cb53a2a3e9de,2026-06-30T21:02:56+05:30,,,submitted_via_web,,vNRRNU3SyFqnhy2xMWaa4o,,uuid:724d076e-eb3c-459e-a048-cb53a2a3e9de,364,Bengaluru,Bengaluru,12.947153,77.567817,device_gps,OK
2026-06-30T21:02:52.607000+05:30,2026-06-30T21:04:54.941000+05:30,2026-06-30T13:06:00+05:30,Chamarajapete (Towards Binny Mill),12.957696 77.567336 0 0,12.957696,77.567336,0,0,,Stainless Steel Bus Shelter,Satisfactory – minor wear/dusty but usable,The road/footpath is too narrow ,0,0,1,,Yes,Yes,Yes,Yes - It's free of obstructions and feels safe to use,1 - this is a standalone shelter ,At the bus stop – buses pull up to the shelter/marked stop,1,0,0,0,One Step Out (30 cm to 1 meter): Passengers have to step down onto the road surface first to board.,"Footpath available to reach the bus stop from both directions Footpath is walkable and free of encroachment like parking, vendors, utility boxes, garbage, etc",1,1,0,0,0,0,0,," Yes – fully accessible, no obstructions",No – area appears well-drained,"Safe – well-lit, visible, and active surroundings",Yes – adequate space for passengers,Yes – roof is intact and effective,Yes - from both bus shelter AND trees,Yes – the bus shelter itself has a working light,Yes – clear sightline to see the approaching buses,"Yes - the seating is of the right height, width, and depth to sit comfortably while waiting for the bus",Yes – name is prominently visible and legible,No information displayed at all,Seating / bench Sufficient seating for the number of people typically waiting,1,1,0,0,0,0,0,0,"Mostly commercial - Retail shops. restaurants, cafes, markets, etc",Yes – advertisements dominate; passenger information is secondary,,,IMG_20260630_130628-21_4_51.jpg,https://kf.kobotoolbox.org/api/v2/assets/am66CJhKEj8dCTL49UQSNG/data/797371150/attachments/atthjwgSvbeQUYGEwcqW6h2H/,,,,,,,797371150,d285492a-1ab7-4215-9bc0-48de4703b053,2026-06-30T21:04:56+05:30,,,submitted_via_web,,vNRRNU3SyFqnhy2xMWaa4o,,uuid:d285492a-1ab7-4215-9bc0-48de4703b053,365,Bengaluru,Bengaluru,12.957696,77.567336,device_gps,OK
2026-06-27T17:03:09.145000+05:30,2026-06-30T22:53:42.431000+05:30,2026-06-30T10:23:00+05:30,Central (Malleshwaram),,,,,,https://maps.app.goo.gl/1LDVXdqyaSQk96Jk9,Stainless Steel Bus Shelter,Unclean/Poorly Maintained,On the road edge / footpath edge – directly adjacent to traffic,0,1,0,,No,No,No,,2,At the bus stop – buses pull up to the shelter/marked stop,1,0,0,0,One Step Out (30 cm to 1 meter): Passengers have to step down onto the road surface first to board.,Footpath available to reach the bus stop from both directions Pedestrian crossing at/close to the bus stop to cross the road?,1,0,0,0,0,1,0,,"Partially encroached – e.g., vendors, parked two-wheelers, auto-rickshaws, construction material",No – area appears well-drained,"Unsafe – poorly lit, isolated, or has a history of feeling threatening",Yes – adequate space for passengers,"Yes – but the roof is inadequate (too tall, too small, gaps, or partial coverage)",Partial – some shade but insufficient,No – inadequate or no lighting at all,Yes – clear sightline to see the approaching buses,"Yes - the seating is of the right height, width, and depth to sit comfortably while waiting for the bus",No – name is missing,No information displayed at all,Seating / bench Sufficient seating for the number of people typically waiting Dustbin / waste bin,1,1,1,0,0,0,0,0,"Mostly commercial - Office buildings, malls, large stores, etc",Yes – advertisements dominate; passenger information is secondary,"This is the stop towards KBS, close to Sampige Metro station",The enchroachments needs to fined and needs a proper pavement or footpath,1000045404-22_53_17.jpg,https://kf.kobotoolbox.org/api/v2/assets/am66CJhKEj8dCTL49UQSNG/data/797488121/attachments/attuJSzbvs6qMS4gcQeDQSFS/,1000045405-22_53_24.jpg,https://kf.kobotoolbox.org/api/v2/assets/am66CJhKEj8dCTL49UQSNG/data/797488121/attachments/attM3fR34xV3ncyjn4smHr7T/,,,,,797488121,ff4de1c8-fabd-42e9-8bad-88c4c5e9352f,2026-06-30T22:53:46+05:30,,,submitted_via_web,,vNRRNU3SyFqnhy2xMWaa4o,,uuid:ff4de1c8-fabd-42e9-8bad-88c4c5e9352f,366,Bengaluru,Bengaluru,12.9899569,77.5716947,gmaps_link,OK
2026-06-30T22:53:42.615000+05:30,2026-06-30T23:00:07.995000+05:30,2026-06-25T13:32:00+05:30,Yeshwantpur Circle,,,,,,https://maps.app.goo.gl/kZLE2fMVtc95B3DH9,No Shelter and No Signboard,,On the road edge / footpath edge – directly adjacent to traffic,0,1,0,,No,No,No,,,At the bus stop – buses pull up to the shelter/marked stop,1,0,0,0,Perfect / Flush (Less than 30 cm): Passengers can step directly from the footpath onto the bus.,Pedestrian crossing at/close to the bus stop to cross the road?,0,0,0,0,0,1,0,,"Partially encroached – e.g., vendors, parked two-wheelers, auto-rickshaws, construction material",No – area appears well-drained,"Unsafe – poorly lit, isolated, or has a history of feeling threatening",,,Partial – some shade but insufficient,No – inadequate or no lighting at all,,,,,None of the Above,0,0,0,0,0,0,0,1,"Mostly commercial - Retail shops. restaurants, cafes, markets, etc",,Right below the Yeshwantpur Flyover,Proper signage of bus stop and make the area well lit and free of enchroachments,1000045476-22_59_45.png,https://kf.kobotoolbox.org/api/v2/assets/am66CJhKEj8dCTL49UQSNG/data/797494234/attachments/atteswDBUZb9SB8Y5vCpsYCf/,1000045442-22_59_52.jpg,https://kf.kobotoolbox.org/api/v2/assets/am66CJhKEj8dCTL49UQSNG/data/797494234/attachments/attUpyyJm5rJb4262afoJgLn/,1000045445-23_0_4.jpg,https://kf.kobotoolbox.org/api/v2/assets/am66CJhKEj8dCTL49UQSNG/data/797494234/attachments/attsXUuYgYKuLPDnL48TLTSv/,,,797494234,b847a618-caae-4739-8849-f57e2265d0d1,2026-06-30T23:00:15+05:30,,,submitted_via_web,,vNRRNU3SyFqnhy2xMWaa4o,,uuid:b847a618-caae-4739-8849-f57e2265d0d1,367,Bengaluru,Bengaluru,13.018755,77.558102,gmaps_link,OK
2026-06-30T23:00:08.179000+05:30,2026-06-30T23:17:38.806000+05:30,2026-06-30T14:00:00+05:30,Jal Bhavan (Towards KBS),,,,,,https://maps.app.goo.gl/ZaXGzXeijTsr96c59,"Only ""Bus Stop"" Signboard - No Bus Shelter",,"Set back from the road – against a wall, compound, or building edge On the road edge / footpath edge – directly adjacent to traffic The road/footpath is too narrow ",1,1,1,,No,No,No,,,Bus stop not clearly marked,0,0,1,0,"Way Out in the Road (More than 1 meter): The bus stops far from the footpath, blocking a lane of traffic, forcing people to walk across active traffic to board the bus",None of the above,0,0,0,0,0,0,1,,Heavily encroached – the stop is largely unusable because of obstructions,"Yes – signs of standing water, algae, or drainage issues visible","Unsafe – poorly lit, isolated, or has a history of feeling threatening",,,No – exposed to full sun,No – inadequate or no lighting at all,,,"Yes – but faded, small, or difficult to read",No information displayed at all,None of the Above,0,0,0,0,0,0,0,1,Other,,"Stop is in middle of a dumpyard, buses do stop right in front of the dumpyard for the stop.","Clear the dumpyard and enchroachments like private vehicles, autos and taxis drivers",1000045477-23_17_0.jpg,https://kf.kobotoolbox.org/api/v2/assets/am66CJhKEj8dCTL49UQSNG/data/797509502/attachments/attbGcZBUSr4WhZkct3poSZC/,1000045391-23_17_20.jpg,https://kf.kobotoolbox.org/api/v2/assets/am66CJhKEj8dCTL49UQSNG/data/797509502/attachments/attirLkvyzhjnp4dGw9qtXTK/,,,,,797509502,613d4561-402a-48e3-a25a-a3e10c07195d,2026-06-30T23:17:43+05:30,,,submitted_via_web,,vNRRNU3SyFqnhy2xMWaa4o,,uuid:613d4561-402a-48e3-a25a-a3e10c07195d,368,Bengaluru,Bengaluru,12.9246913,77.6000985,gmaps_link,OK
2026-06-30T15:21:03.835000+05:30,2026-07-01T13:47:46.641000+05:30,2026-06-30T13:45:00+05:30,Netkallappa circle,12.939211 77.571972 0 0,12.939211,77.571972,0,0,,Other Metal Bus Shelter (Other than Stainless Steel),Unclean/Poorly Maintained,"Set back from the road – against a wall, compound, or building edge",1,0,0,,No,No,No,,1 - this is a standalone shelter ,Unsure / not observed,0,0,0,1,One Step Out (30 cm to 1 meter): Passengers have to step down onto the road surface first to board.,Footpath available to reach the bus stop from both directions,1,0,0,0,0,0,0,,Heavily encroached – the stop is largely unusable because of obstructions,Unsure,"Unsafe – poorly lit, isolated, or has a history of feeling threatening",Yes – adequate space for passengers,Yes – roof is intact and effective,Yes - from both bus shelter AND trees,"Yes – lit by nearby street lights, shop fronts, or advertisement boards",Yes – clear sightline to see the approaching buses,No - the seating is too small to sit comfortably ,Yes – name is prominently visible and legible,Yes – but information seems outdated or unreliable,Seating / bench,1,0,0,0,0,0,0,0,"Mostly commercial - Retail shops. restaurants, cafes, markets, etc",Yes – advertisements dominate; passenger information is secondary,There is a liquor store right behind the bus stop which might make this bus stop a bit unsafe.,,20260620_194135-13_40_38.jpg,https://kf.kobotoolbox.org/api/v2/assets/am66CJhKEj8dCTL49UQSNG/data/798002717/attachments/attZ4bTWD3uRtwPD5s5RtXMT/,20260618_104524-13_47_44.jpg,https://kf.kobotoolbox.org/api/v2/assets/am66CJhKEj8dCTL49UQSNG/data/798002717/attachments/attrdujfP3tT8MiTxKTXLYna/,,,,,798002717,6ce1f7de-a0ce-4a97-bbef-87b67da3388d,2026-07-01T13:40:43+05:30,,,submitted_via_web,,vNRRNU3SyFqnhy2xMWaa4o,,uuid:a0c2c919-9c0e-4c38-9129-01deff3b3244,369,Bengaluru,Bengaluru,12.939211,77.571972,device_gps,OK
2026-07-01T13:40:40.999000+05:30,2026-07-01T13:46:14.675000+05:30,2026-06-30T13:45:00+05:30,Basavangudi police station (towards Netkallappa circle/KR road),12.941616 77.573891 0 0,12.941616,77.573891,0,0,,Other Metal Bus Shelter (Other than Stainless Steel),Unclean/Poorly Maintained,On the road edge / footpath edge – directly adjacent to traffic,0,1,0,,No,No,No,,4+,At the bus stop – buses pull up to the shelter/marked stop,1,0,0,0,One Step Out (30 cm to 1 meter): Passengers have to step down onto the road surface first to board.,Footpath available to reach the bus stop from both directions,1,0,0,0,0,0,0,,"Partially encroached – e.g., vendors, parked two-wheelers, auto-rickshaws, construction material",No – area appears well-drained,"Somewhat safe – some concerns (e.g., poor visibility, isolated location)", No – overcrowded or high number of people standing on the road,Yes – roof is intact and effective,Yes - from both bus shelter AND trees,Partially – some light but insufficient,Yes – clear sightline to see the approaching buses,No - the seating is too small to sit comfortably ,Yes – name is prominently visible and legible,No information displayed at all,Seating / bench,1,0,0,0,0,0,0,0,"Mixed Use - A mix of commercial/residential/office, etc",Yes – advertisements dominate; passenger information is secondary,"Hugely crowded bus stop that needs more facilities, 4 shelters next to each other",,20260620_194028 (1)-13_46_2.jpg,https://kf.kobotoolbox.org/api/v2/assets/am66CJhKEj8dCTL49UQSNG/data/798009778/attachments/attmvRvHxsWscmybMihfjgA3/,Screenshot 2026-07-01 134256-13_46_13.png,https://kf.kobotoolbox.org/api/v2/assets/am66CJhKEj8dCTL49UQSNG/data/798009778/attachments/attnJWsdYkMTcbpTvcYUPJZo/,,,,,798009778,a55d310f-5905-4605-8a91-4c76b728a4d6,2026-07-01T13:46:20+05:30,,,submitted_via_web,,vNRRNU3SyFqnhy2xMWaa4o,,uuid:a55d310f-5905-4605-8a91-4c76b728a4d6,370,Bengaluru,Bengaluru,12.941616,77.573891,device_gps,OK
2026-07-01T13:46:14.725000+05:30,2026-07-01T14:07:22.107000+05:30,2026-06-30T14:15:00+05:30,Madhavan park bus stand (towards Ashoka Pillar),12.937661 77.585008 0 0,12.937661,77.585008,0,0,,Other Metal Bus Shelter (Other than Stainless Steel),Unclean/Poorly Maintained,"Set back from the road – against a wall, compound, or building edge",1,0,0,,No,No,No,,3,At the bus stop – buses pull up to the shelter/marked stop,1,0,0,0,One Step Out (30 cm to 1 meter): Passengers have to step down onto the road surface first to board.,Footpath available to reach the bus stop from both directions,1,0,0,0,0,0,0,,"Partially encroached – e.g., vendors, parked two-wheelers, auto-rickshaws, construction material",No – area appears well-drained,Unable to assess (audit done only in daytime),Yes – adequate space for passengers,Yes – roof is intact and effective,Yes – sufficient shade from the bus shelter,Unsure / Not observed,Yes – clear sightline to see the approaching buses,"Yes - the seating is of the right height, width, and depth to sit comfortably while waiting for the bus","Yes – but faded, small, or difficult to read",Yes – but information seems outdated or unreliable,Seating / bench,1,0,0,0,0,0,0,0,"Mostly commercial - Office buildings, malls, large stores, etc",Yes – advertisements dominate; passenger information is secondary,,,20260618_112132-14_7_12.jpg,https://kf.kobotoolbox.org/api/v2/assets/am66CJhKEj8dCTL49UQSNG/data/798035708/attachments/atthS3SZExPdZcAtmdGyZFZt/,20260618_112129-14_7_20.jpg,https://kf.kobotoolbox.org/api/v2/assets/am66CJhKEj8dCTL49UQSNG/data/798035708/attachments/attfXKH6pFFVk8zcFQUhxL7g/,,,,,798035708,cdfc1c5b-3946-45c3-8e8a-089760584f34,2026-07-01T14:07:24+05:30,,,submitted_via_web,,vNRRNU3SyFqnhy2xMWaa4o,,uuid:cdfc1c5b-3946-45c3-8e8a-089760584f34,371,Bengaluru,Bengaluru,12.937661,77.585008,device_gps,OK
2026-07-01T14:07:22.158000+05:30,2026-07-01T14:18:26.971000+05:30,2026-06-30T14:15:00+05:30,"Madhavan park (Towards South end, madhavan park)",12.938123 77.585201 0 0,12.938123,77.585201,0,0,,Other Metal Bus Shelter (Other than Stainless Steel), Clean and Well Maintained,"Set back from the road – against a wall, compound, or building edge",1,0,0,,Yes,Yes,Yes,Yes - It's free of obstructions and feels safe to use,3,At the bus stop – buses pull up to the shelter/marked stop,1,0,0,0,One Step Out (30 cm to 1 meter): Passengers have to step down onto the road surface first to board.,Footpath available to reach the bus stop from both directions,1,0,0,0,0,0,0,," Yes – fully accessible, no obstructions",No – area appears well-drained,Unable to assess (audit done only in daytime),Yes – adequate space for passengers,Yes – roof is intact and effective,Yes - from both bus shelter AND trees,Unsure / Not observed,"No – sightline is blocked (by structure, advertisement boards, trees, or parked vehicles)","Yes - the seating is of the right height, width, and depth to sit comfortably while waiting for the bus",Yes – name is prominently visible and legible,No information displayed at all,Seating / bench Sufficient seating for the number of people typically waiting,1,1,0,0,0,0,0,0,"Mostly commercial - Office buildings, malls, large stores, etc",Yes – advertisements dominate; passenger information is secondary,,,Screenshot 2026-07-01 141809-14_18_24.png,https://kf.kobotoolbox.org/api/v2/assets/am66CJhKEj8dCTL49UQSNG/data/798051917/attachments/attnQox6uZC5qwd49hKRSQJ2/,20260618_112039-14_17_14.jpg,https://kf.kobotoolbox.org/api/v2/assets/am66CJhKEj8dCTL49UQSNG/data/798051917/attachments/attcJNJtCu2xNAAaMQjwdSWm/,,,,,798051917,48037513-ade6-4502-b087-8f0d5b5992f2,2026-07-01T14:18:32+05:30,,,submitted_via_web,,vNRRNU3SyFqnhy2xMWaa4o,,uuid:48037513-ade6-4502-b087-8f0d5b5992f2,372,Bengaluru,Bengaluru,12.938123,77.585201,device_gps,OK
2026-07-01T14:18:27.026000+05:30,2026-07-01T14:38:55.494000+05:30,2026-06-30T14:30:00+05:30,Krishna Rao Park bus stop (Towards South End),12.940679 77.576147 0 0,12.940679,77.576147,0,0,,Other Metal Bus Shelter (Other than Stainless Steel),Unclean/Poorly Maintained,"Set back from the road – against a wall, compound, or building edge",1,0,0,,No,No,No,,2,At the bus stop – buses pull up to the shelter/marked stop,1,0,0,0,One Step Out (30 cm to 1 meter): Passengers have to step down onto the road surface first to board.,Footpath available to reach the bus stop from both directions,1,0,0,0,0,0,0,,"Partially encroached – e.g., vendors, parked two-wheelers, auto-rickshaws, construction material",No – area appears well-drained,Unable to assess (audit done only in daytime),Yes – adequate space for passengers,Yes – roof is intact and effective,Yes - from both bus shelter AND trees,Unsure / Not observed,"No – sightline is blocked (by structure, advertisement boards, trees, or parked vehicles)",No - the seating is too small to sit comfortably ,Yes – name is prominently visible and legible,Yes – route list is prominently displayed and appears current,Seating / bench Sufficient seating for the number of people typically waiting Digital information boards with real time arrival information and service alerts,1,1,0,0,0,0,1,0,"Mostly commercial - Retail shops. restaurants, cafes, markets, etc",Yes – advertisements present but passenger information is still clearly visible,"Has an LED sign board with current route info, supposed to be accurate",,Screenshot 2026-07-01 143247-14_32_54.png,https://kf.kobotoolbox.org/api/v2/assets/am66CJhKEj8dCTL49UQSNG/data/798072523/attachments/att5YTobuFyQ7MqNfJeVKpZo/,20260618_104911-14_31_43.jpg,https://kf.kobotoolbox.org/api/v2/assets/am66CJhKEj8dCTL49UQSNG/data/798072523/attachments/attYLwWy93jA5eKkTko3Jnm4/,20260625_112703-14_30_57.jpg,https://kf.kobotoolbox.org/api/v2/assets/am66CJhKEj8dCTL49UQSNG/data/798072523/attachments/attBpBTyuavJrPY5ocvL9j9L/,,,798072523,3059a132-046b-4ba2-b638-a7867b9d2d2b,2026-07-01T14:33:05+05:30,,,submitted_via_web,,vNRRNU3SyFqnhy2xMWaa4o,,uuid:0ead6565-987b-4c3f-bf35-4301d2dc19c6,373,Bengaluru,Bengaluru,12.940679,77.576147,device_gps,OK
2026-07-09T12:44:15.824000+05:30,2026-07-09T13:13:31.773000+05:30,2026-07-09T13:15:00+05:30,Padmanabha Nagara,12.918438 77.55981 820 21.829999923706055,12.918438,77.55981,820,21.829999923706055,,Stainless Steel Bus Shelter,Satisfactory – minor wear/dusty but usable,On the road edge / footpath edge – directly adjacent to traffic,0,1,0,,No,Yes,No,,3,At the bus stop – buses pull up to the shelter/marked stop,1,0,0,0,One Step Out (30 cm to 1 meter): Passengers have to step down onto the road surface first to board.,Footpath available to reach the bus stop from both directions Tactile paving for visually impaired users,1,0,0,0,1,0,0,,"Partially encroached – e.g., vendors, parked two-wheelers, auto-rickshaws, construction material",No – area appears well-drained,"Safe – well-lit, visible, and active surroundings",Yes – adequate space for passengers,Yes – roof is intact and effective,Yes – sufficient shade from the bus shelter,"Yes – lit by nearby street lights, shop fronts, or advertisement boards",Yes – clear sightline to see the approaching buses,"Yes - the seating is of the right height, width, and depth to sit comfortably while waiting for the bus",Yes – name is prominently visible and legible,Yes – but information seems outdated or unreliable,Seating / bench Sufficient seating for the number of people typically waiting Public toilet nearby (within eyesight),1,1,0,0,1,0,0,0,"Mostly Institutional - Schools, Hospitals, Govt. Offices, etc",Yes – advertisements dominate; passenger information is secondary,"Close to temple, school, hospital, public toilet adjacent to stop but no prominent stink.","Digital signboard damaged/not working, Clearer route information poster, Broken footpath can be fixed",17835830016099018212741334900350-13_13_28.jpg,https://kf.kobotoolbox.org/api/v2/assets/am66CJhKEj8dCTL49UQSNG/data/806028227/attachments/attjzLFd8hydRVcp2CSkCNWW/,17835828571963488951316665788115-13_11_24.jpg,https://kf.kobotoolbox.org/api/v2/assets/am66CJhKEj8dCTL49UQSNG/data/806028227/attachments/attfHKaeVgVb27pygjRiGmq6/,17835829229898746158956884750527-13_12_16.jpg,https://kf.kobotoolbox.org/api/v2/assets/am66CJhKEj8dCTL49UQSNG/data/806028227/attachments/attUWXUVG5LuyugLmbKMELsF/,1783582942567665819049777049002-13_13_11.jpg,https://kf.kobotoolbox.org/api/v2/assets/am66CJhKEj8dCTL49UQSNG/data/806028227/attachments/attgAJnYgJLyB2uKs34pxTTR/,806028227,75c82a99-aeb6-4f24-87dc-3030e9f20d4a,2026-07-09T13:13:34+05:30,,,submitted_via_web,,vNRRNU3SyFqnhy2xMWaa4o,,uuid:75c82a99-aeb6-4f24-87dc-3030e9f20d4a,374,Bengaluru,Bengaluru,12.918438,77.55981,device_gps,OK
2026-07-09T13:13:32.030000+05:30,2026-07-09T13:19:31.577000+05:30,2026-07-09T13:25:00+05:30,Padmanabha Nagara (towards Uttarahalli),12.917832 77.559523 824.2999877929688 18.795000076293945,12.917832,77.559523,824.2999877929688,18.795000076293945,,"Only ""Bus Stop"" Signboard - No Bus Shelter",,On the road edge / footpath edge – directly adjacent to traffic The road/footpath is too narrow ,0,1,1,,No,No,No,,,At the bus stop – buses pull up to the shelter/marked stop,1,0,0,0,No footpath available,None of the above,0,0,0,0,0,0,1,,"Partially encroached – e.g., vendors, parked two-wheelers, auto-rickshaws, construction material",No – area appears well-drained,Unable to assess (audit done only in daytime),,,No – exposed to full sun,"Yes – lit by nearby street lights, shop fronts, or advertisement boards",,,No – name is missing,No information displayed at all,Public toilet nearby (within eyesight),0,0,0,0,1,0,0,0,"Mostly commercial - Retail shops. restaurants, cafes, markets, etc",,Shelter present until 2 years back. Removed due to construction on adjacent site. Only signpost exists. Footpath full of C&D waste.,Footpath needs to be cleared. Shelter to be put up.,17835833195615686482201112620823-13_19_2.jpg,https://kf.kobotoolbox.org/api/v2/assets/am66CJhKEj8dCTL49UQSNG/data/806034011/attachments/attfETWXjhAcignregCX9afD/,17835833106636200863656203995969-13_18_36.jpg,https://kf.kobotoolbox.org/api/v2/assets/am66CJhKEj8dCTL49UQSNG/data/806034011/attachments/attXJrud4pq3fv2pmZQHcmaz/,1783583346774247680257524925238-13_19_27.jpg,https://kf.kobotoolbox.org/api/v2/assets/am66CJhKEj8dCTL49UQSNG/data/806034011/attachments/attxHndbPr4PYaeA6R8ounDy/,,,806034011,864a4595-b4df-4726-8235-941dc59edb57,2026-07-09T13:19:35+05:30,,,submitted_via_web,,vNRRNU3SyFqnhy2xMWaa4o,,uuid:864a4595-b4df-4726-8235-941dc59edb57,375,Bengaluru,Bengaluru,12.917832,77.559523,device_gps,OK
2026-07-09T13:19:31.771000+05:30,2026-07-09T13:31:43.973000+05:30,2026-07-09T13:30:00+05:30,Padmanabha Nagara (Choice Bakery),12.918469 77.557428 818.5999755859375 17.447999954223633,12.918469,77.557428,818.5999755859375,17.447999954223633,,Stainless Steel Bus Shelter,Satisfactory – minor wear/dusty but usable,"Set back from the road – against a wall, compound, or building edge",1,0,0,,No,No,No,,1 - this is a standalone shelter ,At the bus stop – buses pull up to the shelter/marked stop,1,0,0,0,One Step Out (30 cm to 1 meter): Passengers have to step down onto the road surface first to board.,Footpath available to reach the bus stop from both directions,1,0,0,0,0,0,0,,"Partially encroached – e.g., vendors, parked two-wheelers, auto-rickshaws, construction material",No – area appears well-drained,"Safe – well-lit, visible, and active surroundings",Yes – adequate space for passengers,Yes – roof is intact and effective,Yes - from both bus shelter AND trees,"Yes – lit by nearby street lights, shop fronts, or advertisement boards",Yes – clear sightline to see the approaching buses,"Yes - the seating is of the right height, width, and depth to sit comfortably while waiting for the bus",No – name is missing,No information displayed at all,Seating / bench Sufficient seating for the number of people typically waiting,1,1,0,0,0,0,0,0,"Mostly commercial - Retail shops. restaurants, cafes, markets, etc",Yes – advertisements dominate; passenger information is secondary,"Adjacent to post office, next to BBMP office, Existing public toilet next to bus stop has been demolished and is being reconstructed. Postbox next to bus stop. Origin point for 13B and 15A buses.","Broken flooring, stop name, route info poster, revamp and painting.",17835840141258122332987342605979-13_30_28.jpg,https://kf.kobotoolbox.org/api/v2/assets/am66CJhKEj8dCTL49UQSNG/data/806045479/attachments/atth3sF4eGe4nJXG7A2ieMQT/,17835838124836257622654903835052-13_27_5.jpg,https://kf.kobotoolbox.org/api/v2/assets/am66CJhKEj8dCTL49UQSNG/data/806045479/attachments/atthutrtB9gdvf3959mdtr8L/,IMG_20260709_132820-13_28_28.jpg,https://kf.kobotoolbox.org/api/v2/assets/am66CJhKEj8dCTL49UQSNG/data/806045479/attachments/attTzQjwpTR48Fj3FKCM76nY/,17835840472352675007424244650475-13_31_11.jpg,https://kf.kobotoolbox.org/api/v2/assets/am66CJhKEj8dCTL49UQSNG/data/806045479/attachments/atttK7mjQi5WbtAJoMhYr9Rq/,806045479,7dd77c9f-ab9d-4ded-ac8d-55e803c3de9d,2026-07-09T13:31:50+05:30,,,submitted_via_web,,vNRRNU3SyFqnhy2xMWaa4o,,uuid:7dd77c9f-ab9d-4ded-ac8d-55e803c3de9d,376,Bengaluru,Bengaluru,12.918469,77.557428,device_gps,OK
2026-07-09T13:31:44.285000+05:30,2026-07-09T13:42:57.514000+05:30,2026-07-09T13:45:00+05:30,Chikkallasandra Aralimara / Shani Temple (towards Kadirenahalli),12.911434 77.553445 811.5999755859375 22.160999298095703,12.911434,77.553445,811.5999755859375,22.160999298095703,,Stainless Steel Bus Shelter,Satisfactory – minor wear/dusty but usable,On the road edge / footpath edge – directly adjacent to traffic The road/footpath is too narrow ,0,1,1,,No,No,No,,1 - this is a standalone shelter ,At the bus stop – buses pull up to the shelter/marked stop Away from the bus stop – buses stop before or beyond the shelter/marked location,1,1,0,0,Perfect / Flush (Less than 30 cm): Passengers can step directly from the footpath onto the bus.,Footpath available to reach the bus stop from both directions,1,0,0,0,0,0,0,," Yes – fully accessible, no obstructions","Yes – signs of standing water, algae, or drainage issues visible","Somewhat safe – some concerns (e.g., poor visibility, isolated location)",Yes – adequate space for passengers,"Yes – but the roof is inadequate (too tall, too small, gaps, or partial coverage)",No – exposed to full sun,Partially – some light but insufficient,Yes – clear sightline to see the approaching buses,No - poor back support / posture,No – name is missing,No information displayed at all,Seating / bench Sufficient seating for the number of people typically waiting,1,1,0,0,0,0,0,0,"Mixed Use - A mix of commercial/residential/office, etc",Yes – advertisements dominate; passenger information is secondary,"Bus stop was recently moved 100m from existing stop. Construction behind bus stop. Very narrow, totally impractical roof. Frequent flooding during rains on opposite lane.","Route signboard, proper roofing.",17835846999164590704203050225223-13_41_56.jpg,https://kf.kobotoolbox.org/api/v2/assets/am66CJhKEj8dCTL49UQSNG/data/806056062/attachments/att4hGEsoMPzrqLLHLrcfnrw/,17835846541044113438780538613371-13_41_31.jpg,https://kf.kobotoolbox.org/api/v2/assets/am66CJhKEj8dCTL49UQSNG/data/806056062/attachments/attsNxTfaSAr6JR332gBE6AM/,17835847452902739196248028984359-13_42_31.jpg,https://kf.kobotoolbox.org/api/v2/assets/am66CJhKEj8dCTL49UQSNG/data/806056062/attachments/attjgFKVRPcp4iMgtvThU3Hr/,17835847572439222603371817991180-13_42_43.jpg,https://kf.kobotoolbox.org/api/v2/assets/am66CJhKEj8dCTL49UQSNG/data/806056062/attachments/attSTA8XEQo79eeGd9fvR9E8/,806056062,1604c8d1-f910-4511-aedd-54c5ef598ae8,2026-07-09T13:43:01+05:30,,,submitted_via_web,,vNRRNU3SyFqnhy2xMWaa4o,,uuid:1604c8d1-f910-4511-aedd-54c5ef598ae8,377,Bengaluru,Bengaluru,12.911434,77.553445,device_gps,OK
2026-07-09T13:42:57.792000+05:30,2026-07-09T13:52:20.048000+05:30,2026-07-09T13:55:00+05:30,Gowdanapalya (towards Kadirenahalli),12.91149 77.555709 815.7000122070312 15.26099967956543,12.91149,77.555709,815.7000122070312,15.26099967956543,,Stainless Steel Bus Shelter,Unclean/Poorly Maintained,On the road edge / footpath edge – directly adjacent to traffic The road/footpath is too narrow ,0,1,1,,No,No,No,,1 - this is a standalone shelter ,Away from the bus stop – buses stop before or beyond the shelter/marked location,0,1,0,0,No footpath available,None of the above,0,0,0,0,0,0,1,,"Partially encroached – e.g., vendors, parked two-wheelers, auto-rickshaws, construction material",No – area appears well-drained,"Safe – well-lit, visible, and active surroundings", No – overcrowded or high number of people standing on the road,"Yes – but the roof is inadequate (too tall, too small, gaps, or partial coverage)",No – exposed to full sun,Partially – some light but insufficient,Yes – clear sightline to see the approaching buses,No - the seating is too high ,No – name is missing,No information displayed at all,Seating / bench,1,0,0,0,0,0,0,0,"Mostly Residential - Housing, Apartments, etc",Yes – advertisements dominate; passenger information is secondary,"At a busy junction. Bus stopping at the curve severely hindering traffic. Footpath totally absent from stop. Half a feet footpath, making people waiting roadside.","Roofing, slight widening of kerb.",17835848786021321782344212375170-13_44_43.jpg,https://kf.kobotoolbox.org/api/v2/assets/am66CJhKEj8dCTL49UQSNG/data/806065666/attachments/attfBNXNk9L5sWC7xNbBSaFx/,1783584868043654327389030414787-13_44_34.jpg,https://kf.kobotoolbox.org/api/v2/assets/am66CJhKEj8dCTL49UQSNG/data/806065666/attachments/attNfyU3KYDcTmfFPwMCjYtC/,17835852561031713137556409028905-13_51_33.jpg,https://kf.kobotoolbox.org/api/v2/assets/am66CJhKEj8dCTL49UQSNG/data/806065666/attachments/attsQdm8mgQkja43DRpcNPd3/,17835849446418811735719742861627-13_45_57.jpg,https://kf.kobotoolbox.org/api/v2/assets/am66CJhKEj8dCTL49UQSNG/data/806065666/attachments/attUNyWS6j2KMa7QK2GtXFsz/,806065666,6adebda9-f46d-40a9-8331-523a42927418,2026-07-09T13:52:24+05:30,,,submitted_via_web,,vNRRNU3SyFqnhy2xMWaa4o,,uuid:6adebda9-f46d-40a9-8331-523a42927418,378,Bengaluru,Bengaluru,12.91149,77.555709,device_gps,OK
2026-07-09T13:52:20.392000+05:30,2026-07-09T13:56:48.996000+05:30,2026-07-09T14:00:00+05:30,Gowdanapalya (towards Uttarahalli),12.91147 77.555818 815.7000122070312 15.229999542236328,12.91147,77.555818,815.7000122070312,15.229999542236328,,No Shelter and No Signboard,,On the road edge / footpath edge – directly adjacent to traffic,0,1,0,,No,Yes,No,,,At the bus stop – buses pull up to the shelter/marked stop Bus stop not clearly marked,1,0,1,0,"Way Out in the Road (More than 1 meter): The bus stops far from the footpath, blocking a lane of traffic, forcing people to walk across active traffic to board the bus","Footpath is walkable and free of encroachment like parking, vendors, utility boxes, garbage, etc",0,1,0,0,0,0,0,,"Partially encroached – e.g., vendors, parked two-wheelers, auto-rickshaws, construction material",No – area appears well-drained,"Safe – well-lit, visible, and active surroundings",,,No – exposed to full sun,"Yes – lit by nearby street lights, shop fronts, or advertisement boards",,,,,None of the Above,0,0,0,0,0,0,0,1,"Mixed Use - A mix of commercial/residential/office, etc",,"No shelter, no signboard. The spot where the bus doors open, leads onto the road.",Shelter,17835855377266960964177100519855-13_55_56.jpg,https://kf.kobotoolbox.org/api/v2/assets/am66CJhKEj8dCTL49UQSNG/data/806070341/attachments/attfubKRv5sntfJQDaZjUj5u/,17835855606247697715671882837578-13_56_32.jpg,https://kf.kobotoolbox.org/api/v2/assets/am66CJhKEj8dCTL49UQSNG/data/806070341/attachments/attfHKmfRJfYRSbpA9TWTdUf/,17835855993073038105208762205813-13_56_46.jpg,https://kf.kobotoolbox.org/api/v2/assets/am66CJhKEj8dCTL49UQSNG/data/806070341/attachments/attrCNUbRKUYkeHQ7Vx4MwPJ/,,,806070341,f79c307f-75a8-4b25-9222-20abc3e9d855,2026-07-09T13:56:52+05:30,,,submitted_via_web,,vNRRNU3SyFqnhy2xMWaa4o,,uuid:f79c307f-75a8-4b25-9222-20abc3e9d855,379,Bengaluru,Bengaluru,12.91147,77.555818,device_gps,OK
2026-07-09T13:56:49.181000+05:30,2026-07-09T14:02:28.153000+05:30,2026-07-09T14:05:00+05:30,Prarthana (towards Uttarahalli),12.911473 77.557294 816.3999633789062 20.518999099731445,12.911473,77.557294,816.3999633789062,20.518999099731445,,No Shelter and No Signboard,,On the road edge / footpath edge – directly adjacent to traffic,0,1,0,,Yes,No,No,Yes - It's free of obstructions and feels safe to use,,Bus stop not clearly marked,0,0,1,0,One Step Out (30 cm to 1 meter): Passengers have to step down onto the road surface first to board.,"Footpath available to reach the bus stop from both directions Footpath is walkable and free of encroachment like parking, vendors, utility boxes, garbage, etc Pedestrian crossing at/close to the bus stop to cross the road?",1,1,0,0,0,1,0,,"Partially encroached – e.g., vendors, parked two-wheelers, auto-rickshaws, construction material",No – area appears well-drained,"Safe – well-lit, visible, and active surroundings",,,No – exposed to full sun,"Yes – lit by nearby street lights, shop fronts, or advertisement boards",,,,,None of the Above,0,0,0,0,0,0,0,1,"Mixed Use - A mix of commercial/residential/office, etc",,"Dense traffic at the junction, located to a factory nearby hence high footfall.",Shelter and signboard,17835858545168966514234708820781-14_1_14.jpg,https://kf.kobotoolbox.org/api/v2/assets/am66CJhKEj8dCTL49UQSNG/data/806076033/attachments/attrVqMfj93vpzmkJ3KFZhNu/,17835858786891572206365487791050-14_1_27.jpg,https://kf.kobotoolbox.org/api/v2/assets/am66CJhKEj8dCTL49UQSNG/data/806076033/attachments/att5s45L8LyuBf3FJDTD22KW/,1783585910730613378988712120550-14_2_25.jpg,https://kf.kobotoolbox.org/api/v2/assets/am66CJhKEj8dCTL49UQSNG/data/806076033/attachments/attqe4Jw4XjLRcBaTA8rJ256/,,,806076033,1d0148e7-6fb1-4c3a-8431-866993088a9f,2026-07-09T14:02:30+05:30,,,submitted_via_web,,vNRRNU3SyFqnhy2xMWaa4o,,uuid:1d0148e7-6fb1-4c3a-8431-866993088a9f,380,Bengaluru,Bengaluru,12.911473,77.557294,device_gps,OK
2026-07-09T14:02:28.340000+05:30,2026-07-09T14:07:33.469000+05:30,2026-07-09T14:10:00+05:30,Kumarans / Prarthana (towards Kadirenahalli),12.912121 77.558616 817.7000122070312 16.163999557495117,12.912121,77.558616,817.7000122070312,16.163999557495117,,"Only ""Bus Stop"" Signboard - No Bus Shelter",,On the road edge / footpath edge – directly adjacent to traffic,0,1,0,,Yes,No,Yes,Yes - It's free of obstructions and feels safe to use,,At the bus stop – buses pull up to the shelter/marked stop,1,0,0,0,One Step Out (30 cm to 1 meter): Passengers have to step down onto the road surface first to board.,"Footpath is walkable and free of encroachment like parking, vendors, utility boxes, garbage, etc",0,1,0,0,0,0,0,,"Partially encroached – e.g., vendors, parked two-wheelers, auto-rickshaws, construction material",No – area appears well-drained,"Safe – well-lit, visible, and active surroundings",,,No – exposed to full sun,"Yes – lit by nearby street lights, shop fronts, or advertisement boards",,,No – name is missing,No information displayed at all,Dustbin / waste bin,0,0,1,0,0,0,0,0,"Mixed Use - A mix of commercial/residential/office, etc",,"100m from Prarthana school and Kumarans PU College, hence high footfall. Footpath uneven.",Wide footpath with scope for a shelter.,1783586227943677122914469191312-14_7_18.jpg,https://kf.kobotoolbox.org/api/v2/assets/am66CJhKEj8dCTL49UQSNG/data/806081360/attachments/attZyWv8keVGYSv3YSbWoY44/,,,17835862424144669217365369831507-14_7_30.jpg,https://kf.kobotoolbox.org/api/v2/assets/am66CJhKEj8dCTL49UQSNG/data/806081360/attachments/attENe8HozMGbK247FDfiv25/,,,806081360,51689ce6-a9b7-4f96-ac45-92336a62434d,2026-07-09T14:07:40+05:30,,,submitted_via_web,,vNRRNU3SyFqnhy2xMWaa4o,,uuid:51689ce6-a9b7-4f96-ac45-92336a62434d,381,Bengaluru,Bengaluru,12.912121,77.558616,device_gps,OK
2026-07-09T14:07:33.650000+05:30,2026-07-09T14:15:19.022000+05:30,2026-07-09T14:15:00+05:30,Chikkallasandra Aralimara / Shani Temple (towards Uttarahalli),12.911774 77.552741 811 13.217000007629395,12.911774,77.552741,811,13.217000007629395,,Stainless Steel Bus Shelter,Satisfactory – minor wear/dusty but usable,On the road edge / footpath edge – directly adjacent to traffic,0,1,0,,Yes,No,No,Yes - It's free of obstructions and feels safe to use,1 - this is a standalone shelter ,At the bus stop – buses pull up to the shelter/marked stop,1,0,0,0,Perfect / Flush (Less than 30 cm): Passengers can step directly from the footpath onto the bus.,"Footpath available to reach the bus stop from both directions Footpath is walkable and free of encroachment like parking, vendors, utility boxes, garbage, etc Tactile paving for visually impaired users",1,1,0,0,1,0,0,," Yes – fully accessible, no obstructions",No – area appears well-drained,"Safe – well-lit, visible, and active surroundings",Yes – adequate space for passengers,Yes – roof is intact and effective,Yes - sufficient shade from surrounding trees,"Yes – lit by nearby street lights, shop fronts, or advertisement boards",Yes – clear sightline to see the approaching buses,"Yes - the seating is of the right height, width, and depth to sit comfortably while waiting for the bus",No – name is missing,No information displayed at all,Seating / bench Sufficient seating for the number of people typically waiting,1,1,0,0,0,0,0,0,"Mixed Use - A mix of commercial/residential/office, etc",Yes – advertisements dominate; passenger information is secondary,Shelter at a feet height from road.,Footpath height can be utilized to build an accessibility ramp.,17835866558151822932341988011946-14_15_4.jpg,https://kf.kobotoolbox.org/api/v2/assets/am66CJhKEj8dCTL49UQSNG/data/806089834/attachments/attLHDxR83kdHc7a775DnWoL/,17835864997768713536189833974391-14_11_48.jpg,https://kf.kobotoolbox.org/api/v2/assets/am66CJhKEj8dCTL49UQSNG/data/806089834/attachments/attGvcCtBK3T6SEWNGV3jt9G/,17835866321026542168645090554173-14_14_9.jpg,https://kf.kobotoolbox.org/api/v2/assets/am66CJhKEj8dCTL49UQSNG/data/806089834/attachments/attu9Wpbv5SGkvC36k8CHncc/,17835864864406757814527624305094-14_11_35.jpg,https://kf.kobotoolbox.org/api/v2/assets/am66CJhKEj8dCTL49UQSNG/data/806089834/attachments/att29rQnqVzN3uzH7oFhdRUE/,806089834,689b6dc0-9a7e-40a7-b7b0-bc752192e7e8,2026-07-09T14:15:22+05:30,,,submitted_via_web,,vNRRNU3SyFqnhy2xMWaa4o,,uuid:689b6dc0-9a7e-40a7-b7b0-bc752192e7e8,382,Bengaluru,Bengaluru,12.911774,77.552741,device_gps,OK
2026-07-09T14:15:19.254000+05:30,2026-07-09T14:23:59.609000+05:30,2026-07-09T14:20:00+05:30,Chikkallasandra Bank Colony (towards Kadirenahalli),12.909247 77.549221 811.2999877929688 7.480999946594238,12.909247,77.549221,811.2999877929688,7.480999946594238,,Stainless Steel Bus Shelter,Satisfactory – minor wear/dusty but usable,On the road edge / footpath edge – directly adjacent to traffic,0,1,0,,No,No,No,,1 - this is a standalone shelter ,Away from the bus stop – buses stop before or beyond the shelter/marked location,0,1,0,0,"Way Out in the Road (More than 1 meter): The bus stops far from the footpath, blocking a lane of traffic, forcing people to walk across active traffic to board the bus",None of the above,0,0,0,0,0,0,1,,"Partially encroached – e.g., vendors, parked two-wheelers, auto-rickshaws, construction material",No – area appears well-drained,"Safe – well-lit, visible, and active surroundings",Yes – adequate space for passengers,Yes – roof is intact and effective,Yes - from both bus shelter AND trees,"Yes – lit by nearby street lights, shop fronts, or advertisement boards",Yes – clear sightline to see the approaching buses,"Yes - the seating is of the right height, width, and depth to sit comfortably while waiting for the bus",Yes – name is prominently visible and legible,No information displayed at all,Seating / bench,1,0,0,0,0,0,0,0,"Mixed Use - A mix of commercial/residential/office, etc",Yes – advertisements dominate; passenger information is secondary,"The bus stopping point is just footpath and no shelter. The shelter is 50m from the point, which is on the junction of an adjacent road. Serves no purpose to board the bus while in hurry, but only shelter from rain and sun.",Signboard and route info.,17835872152855104576237095530432-14_23_50.jpg,https://kf.kobotoolbox.org/api/v2/assets/am66CJhKEj8dCTL49UQSNG/data/806099078/attachments/attcwb6JZunUrzXsAH2YAWQ6/,IMG_20260709_141722-14_23_56.jpg,https://kf.kobotoolbox.org/api/v2/assets/am66CJhKEj8dCTL49UQSNG/data/806099078/attachments/attK29HL57KMEhD5MqtQhFLq/,17835871964745379851732745534183-14_23_24.jpg,https://kf.kobotoolbox.org/api/v2/assets/am66CJhKEj8dCTL49UQSNG/data/806099078/attachments/atttnScNRZut3wQp3EiA3Vzb/,,,806099078,57463e27-95d7-4f8e-adb5-fbcd3631cd49,2026-07-09T14:24:01+05:30,,,submitted_via_web,,vNRRNU3SyFqnhy2xMWaa4o,,uuid:57463e27-95d7-4f8e-adb5-fbcd3631cd49,383,Bengaluru,Bengaluru,12.909247,77.549221,device_gps,OK
2026-07-09T14:23:59.816000+05:30,2026-07-09T14:32:14.930000+05:30,2026-07-09T14:30:00+05:30,Ramanjaneya Nagara / Ramanjaneya Layout Chikkallasandra,12.910668 77.545432 789.2999877929688 13.843000411987305,12.910668,77.545432,789.2999877929688,13.843000411987305,,Other Metal Bus Shelter (Other than Stainless Steel), Clean and Well Maintained,"Set back from the road – against a wall, compound, or building edge",1,0,0,,No,Yes,Yes,,1 - this is a standalone shelter ,At the bus stop – buses pull up to the shelter/marked stop,1,0,0,0,One Step Out (30 cm to 1 meter): Passengers have to step down onto the road surface first to board.,"Footpath is walkable and free of encroachment like parking, vendors, utility boxes, garbage, etc",0,1,0,0,0,0,0,," Yes – fully accessible, no obstructions",No – area appears well-drained,"Somewhat safe – some concerns (e.g., poor visibility, isolated location)",Yes – adequate space for passengers,Yes – roof is intact and effective,Yes - from both bus shelter AND trees,Partially – some light but insufficient,Yes – clear sightline to see the approaching buses,"Yes - the seating is of the right height, width, and depth to sit comfortably while waiting for the bus",No – name is missing,Yes – route list is prominently displayed and appears current,Seating / bench Sufficient seating for the number of people typically waiting,1,1,0,0,0,0,0,0,"Mostly Residential - Housing, Apartments, etc",Yes – advertisements dominate; passenger information is secondary,"Origin point for 210-J. Wide shelter, but barely any footfall at the stop. Residential area, and low traffic. Attached to a public toilet that is no longer functional.",Lighting and digital signboard.,17835876480936001842452193069728-14_31_1.jpg,https://kf.kobotoolbox.org/api/v2/assets/am66CJhKEj8dCTL49UQSNG/data/806108425/attachments/att2JzyPA5acB9Zo4vJ5wmJC/,17835876663881083806531802060301-14_31_19.jpg,https://kf.kobotoolbox.org/api/v2/assets/am66CJhKEj8dCTL49UQSNG/data/806108425/attachments/attUVhq7VUwy5xoP3KzAgKAp/,17835876377012328910813744465012-14_30_44.jpg,https://kf.kobotoolbox.org/api/v2/assets/am66CJhKEj8dCTL49UQSNG/data/806108425/attachments/attHXvECvLxYS5s3AJLcwgnx/,17835876980982796164080953884333-14_31_48.jpg,https://kf.kobotoolbox.org/api/v2/assets/am66CJhKEj8dCTL49UQSNG/data/806108425/attachments/attPaf3tAKsUPkwAfUp8JaBw/,806108425,ed8d3b0d-3b4a-418f-afbe-f020a6824af6,2026-07-09T14:32:44+05:30,,,submitted_via_web,,vNRRNU3SyFqnhy2xMWaa4o,,uuid:ed8d3b0d-3b4a-418f-afbe-f020a6824af6,384,Bengaluru,Bengaluru,12.910668,77.545432,device_gps,OK
2026-07-09T14:32:15.166000+05:30,2026-07-15T21:54:02.696000+05:30,2026-07-15T22:00:00+05:30,KIMS (towards Thyagaraja Nagar),12.926602 77.561262 836.2000122070312 37.571998596191406,12.926602,77.561262,836.2000122070312,37.571998596191406,,No Shelter and No Signboard,,On the road edge / footpath edge – directly adjacent to traffic,0,1,0,,Yes,No,No,No - It's obstructed due to encroachment ,,At the bus stop – buses pull up to the shelter/marked stop Bus stop not clearly marked,1,0,1,0,One Step Out (30 cm to 1 meter): Passengers have to step down onto the road surface first to board.,Footpath available to reach the bus stop from both directions Tactile paving for visually impaired users Pedestrian crossing at/close to the bus stop to cross the road?,1,0,0,0,1,1,0,,"Partially encroached – e.g., vendors, parked two-wheelers, auto-rickshaws, construction material",No – area appears well-drained,"Safe – well-lit, visible, and active surroundings",,,Partial – some shade but insufficient,"Yes – lit by nearby street lights, shop fronts, or advertisement boards",,,,,None of the Above,0,0,0,0,0,0,0,1,"Mixed Use - A mix of commercial/residential/office, etc",,"No shelter, but exists on opposite lane for opposite direction",Shelter,17841326174433200111481000228004-21_53_47.jpg,https://kf.kobotoolbox.org/api/v2/assets/am66CJhKEj8dCTL49UQSNG/data/812021669/attachments/atta8g2fb4zpxHT5N97PXKAK/,,,,,,,812021669,0adadeea-fc82-4961-a2a0-1ea1b882267d,2026-07-15T21:54:05+05:30,,,submitted_via_web,,vNRRNU3SyFqnhy2xMWaa4o,,uuid:0adadeea-fc82-4961-a2a0-1ea1b882267d,385,Bengaluru,Bengaluru,12.926602,77.561262,device_gps,OK
2026-07-15T21:54:02.818000+05:30,2026-07-15T22:00:38.012000+05:30,2026-07-15T22:00:00+05:30,KIMS (towards Padmanabha Nagar),12.927175 77.561445 837.2999877929688 24.34600067138672,12.927175,77.561445,837.2999877929688,24.34600067138672,,Stainless Steel Bus Shelter, Clean and Well Maintained,On the road edge / footpath edge – directly adjacent to traffic,0,1,0,,Yes,No,Yes,Yes - It's free of obstructions and feels safe to use,3,At the bus stop – buses pull up to the shelter/marked stop,1,0,0,0,One Step Out (30 cm to 1 meter): Passengers have to step down onto the road surface first to board.,"Footpath available to reach the bus stop from both directions Footpath is walkable and free of encroachment like parking, vendors, utility boxes, garbage, etc Ramp for wheelchair users to access the bus stop Pedestrian crossing at/close to the bus stop to cross the road?",1,1,1,0,0,1,0,," Yes – fully accessible, no obstructions",No – area appears well-drained,"Safe – well-lit, visible, and active surroundings",Yes – adequate space for passengers,Yes – roof is intact and effective,Yes - from both bus shelter AND trees,Yes – the bus shelter itself has a working light,Yes – clear sightline to see the approaching buses,"Yes - the seating is of the right height, width, and depth to sit comfortably while waiting for the bus",Yes – name is prominently visible and legible,Yes – route list is prominently displayed and appears current,Seating / bench Sufficient seating for the number of people typically waiting Digital information boards with real time arrival information and service alerts,1,1,0,0,0,0,1,0,"Mixed Use - A mix of commercial/residential/office, etc",Yes – advertisements present but passenger information is still clearly visible,"Three shelters. One alone, two together 50m ahead. Bus usually stops at the former. Digital boards at two shelters. Although, only one has LED lighting during night. Slight ramp only on one side.",Smoothen the ramp.,IMG_20260715_215449-22_0_12.jpg,https://kf.kobotoolbox.org/api/v2/assets/am66CJhKEj8dCTL49UQSNG/data/812027837/attachments/atttLWNhXQTSzq8ngyNAszpC/,IMG_20260715_215531-22_0_24.jpg,https://kf.kobotoolbox.org/api/v2/assets/am66CJhKEj8dCTL49UQSNG/data/812027837/attachments/att6Y3DzpbVNcgLGnsZJA8Kt/,IMG_20260715_215541-22_0_20.jpg,https://kf.kobotoolbox.org/api/v2/assets/am66CJhKEj8dCTL49UQSNG/data/812027837/attachments/attzFeVPXFiYkcB3CHP9i6FP/,17841330276492791465735492545033-22_0_34.jpg,https://kf.kobotoolbox.org/api/v2/assets/am66CJhKEj8dCTL49UQSNG/data/812027837/attachments/attstd9MEVGNDhxR8L2dLzQh/,812027837,eb8c5a39-50f7-4006-bf99-e25e0172a435,2026-07-15T22:00:42+05:30,,,submitted_via_web,,vNRRNU3SyFqnhy2xMWaa4o,,uuid:eb8c5a39-50f7-4006-bf99-e25e0172a435,386,Bengaluru,Bengaluru,12.927175,77.561445,device_gps,OK
2026-07-15T22:00:38.255000+05:30,2026-07-15T22:05:24.776000+05:30,2026-07-15T22:15:00+05:30,Devegowda Petrol Bunk / DMart (towards Thyagaraja Nagar),12.922705 77.56034 812.5999755859375 33.10200119018555,12.922705,77.56034,812.5999755859375,33.10200119018555,,Stainless Steel Bus Shelter,Satisfactory – minor wear/dusty but usable,On the road edge / footpath edge – directly adjacent to traffic,0,1,0,,No,No,No,,2,At the bus stop – buses pull up to the shelter/marked stop,1,0,0,0,"Way Out in the Road (More than 1 meter): The bus stops far from the footpath, blocking a lane of traffic, forcing people to walk across active traffic to board the bus",Footpath available to reach the bus stop from both directions,1,0,0,0,0,0,0,,"Partially encroached – e.g., vendors, parked two-wheelers, auto-rickshaws, construction material",No – area appears well-drained,"Safe – well-lit, visible, and active surroundings", No – overcrowded or high number of people standing on the road,Yes – roof is intact and effective,Yes – sufficient shade from the bus shelter,No – inadequate or no lighting at all,Yes – clear sightline to see the approaching buses,"Yes - the seating is of the right height, width, and depth to sit comfortably while waiting for the bus",No – name is missing,No information displayed at all,Seating / bench Public toilet nearby (within eyesight),1,0,0,0,1,0,0,0,"Mixed Use - A mix of commercial/residential/office, etc",Yes – advertisements dominate; passenger information is secondary,"Footpath height is high, people prefer waiting on the road.",Lighting,IMG_20260715_220357-22_5_21.jpg,https://kf.kobotoolbox.org/api/v2/assets/am66CJhKEj8dCTL49UQSNG/data/812032485/attachments/attWL3nwV8ZuHWUqhN5JJq6M/,,,,,,,812032485,c7055acf-66ea-4037-aff5-9e383fa8e86a,2026-07-15T22:05:28+05:30,,,submitted_via_web,,vNRRNU3SyFqnhy2xMWaa4o,,uuid:c7055acf-66ea-4037-aff5-9e383fa8e86a,387,Bengaluru,Bengaluru,12.922705,77.56034,device_gps,OK
2026-07-15T22:05:24.915000+05:30,2026-07-15T22:09:18.401000+05:30,2026-07-15T22:15:00+05:30,Devegowda Petrol Bunk (towards Padmanabha Nagar),12.922501 77.560221 812.3999633789062 16.319000244140625,12.922501,77.560221,812.3999633789062,16.319000244140625,,Stainless Steel Bus Shelter,Satisfactory – minor wear/dusty but usable,"Set back from the road – against a wall, compound, or building edge",1,0,0,,No,No,No,,2,At the bus stop – buses pull up to the shelter/marked stop,1,0,0,0,Perfect / Flush (Less than 30 cm): Passengers can step directly from the footpath onto the bus.,Footpath available to reach the bus stop from both directions,1,0,0,0,0,0,0,,"Partially encroached – e.g., vendors, parked two-wheelers, auto-rickshaws, construction material",No – area appears well-drained,"Safe – well-lit, visible, and active surroundings",Yes – adequate space for passengers,Yes – roof is intact and effective,Yes - sufficient shade from surrounding trees,"Yes – lit by nearby street lights, shop fronts, or advertisement boards",Yes – clear sightline to see the approaching buses,"Yes - the seating is of the right height, width, and depth to sit comfortably while waiting for the bus",No – name is missing,No information displayed at all,Seating / bench,1,0,0,0,0,0,0,0,"Mixed Use - A mix of commercial/residential/office, etc",Yes – advertisements dominate; passenger information is secondary,One is majorly used out of two,Lighting and route info,17841333647358274145782000186342-22_6_29.jpg,https://kf.kobotoolbox.org/api/v2/assets/am66CJhKEj8dCTL49UQSNG/data/812036660/attachments/attQFMz9dqjogYd85qynvidR/,,,,,,,812036660,a246a770-c575-4b68-a3c3-58d9c38b0630,2026-07-15T22:09:20+05:30,,,submitted_via_web,,vNRRNU3SyFqnhy2xMWaa4o,,uuid:a246a770-c575-4b68-a3c3-58d9c38b0630,388,Bengaluru,Bengaluru,12.922501,77.560221,device_gps,OK
2026-07-15T22:09:18.534000+05:30,2026-07-15T22:14:18.375000+05:30,2026-07-15T22:15:00+05:30,Devegowda Petrol Bunk (towards Kamakya),12.921918 77.559233 810.3999633789062 9.343999862670898,12.921918,77.559233,810.3999633789062,9.343999862670898,,Stainless Steel Bus Shelter, Clean and Well Maintained,"Set back from the road – against a wall, compound, or building edge On the road edge / footpath edge – directly adjacent to traffic",1,1,0,,No,Yes,Yes,,3,At the bus stop – buses pull up to the shelter/marked stop,1,0,0,0,"Way Out in the Road (More than 1 meter): The bus stops far from the footpath, blocking a lane of traffic, forcing people to walk across active traffic to board the bus","Ramp for wheelchair users to access the bus stop Ramp is in usable condition (not too steep, not broken, nor blocked) Tactile paving for visually impaired users",0,0,1,1,1,0,0,,Heavily encroached – the stop is largely unusable because of obstructions,No – area appears well-drained,"Safe – well-lit, visible, and active surroundings",Yes – adequate space for passengers,Yes – roof is intact and effective,Yes – sufficient shade from the bus shelter,"Yes – lit by nearby street lights, shop fronts, or advertisement boards","No – sightline is blocked (by structure, advertisement boards, trees, or parked vehicles)","Yes - the seating is of the right height, width, and depth to sit comfortably while waiting for the bus",No – name is missing,Yes – but information seems outdated or unreliable,Seating / bench Sufficient seating for the number of people typically waiting Digital information boards with real time arrival information and service alerts,1,1,0,0,0,0,1,0,"Mixed Use - A mix of commercial/residential/office, etc",Yes – advertisements dominate; passenger information is secondary,first time observing a perfect ramp in the locality. too many parked vehicles at the stop due to food trucks.,lighting and non-encroachment by vehicles at the stop,IMG_20260715_221006-22_10_22.jpg,https://kf.kobotoolbox.org/api/v2/assets/am66CJhKEj8dCTL49UQSNG/data/812041787/attachments/attmfTDrMgB9YeMuoN8xiXwf/,17841337904075467362291560216253-22_13_18.jpg,https://kf.kobotoolbox.org/api/v2/assets/am66CJhKEj8dCTL49UQSNG/data/812041787/attachments/attN7cLpEAGEk8cbFCDZyWCn/,IMG_20260715_221036-22_10_46.jpg,https://kf.kobotoolbox.org/api/v2/assets/am66CJhKEj8dCTL49UQSNG/data/812041787/attachments/attHMmc7Qudca95QNxBzJwa4/,178413368126831588914555578747-22_11_28.jpg,https://kf.kobotoolbox.org/api/v2/assets/am66CJhKEj8dCTL49UQSNG/data/812041787/attachments/attFB75f2Wtzs8FwimfdkSCM/,812041787,84767657-dfb9-48ec-89e6-45a608bf8552,2026-07-15T22:14:21+05:30,,,submitted_via_web,,vNRRNU3SyFqnhy2xMWaa4o,,uuid:84767657-dfb9-48ec-89e6-45a608bf8552,389,Bengaluru,Bengaluru,12.921918,77.559233,device_gps,OK
2026-07-15T22:14:18.587000+05:30,2026-07-15T22:22:15.237000+05:30,2026-07-15T22:20:00+05:30,"Banagiri Temple / Devegowda Petrol Bunk (from Kamakya, before signal)",12.922334 77.557945 810.2999877929688 13.0600004196167,12.922334,77.557945,810.2999877929688,13.0600004196167,,Stainless Steel Bus Shelter,Unclean/Poorly Maintained,On the road edge / footpath edge – directly adjacent to traffic The road/footpath is too narrow ,0,1,1,,No,No,No,,1 - this is a standalone shelter ,Away from the bus stop – buses stop before or beyond the shelter/marked location,0,1,0,0,"Way Out in the Road (More than 1 meter): The bus stops far from the footpath, blocking a lane of traffic, forcing people to walk across active traffic to board the bus",None of the above,0,0,0,0,0,0,1,,"Partially encroached – e.g., vendors, parked two-wheelers, auto-rickshaws, construction material",No – area appears well-drained,"Unsafe – poorly lit, isolated, or has a history of feeling threatening",Yes – adequate space for passengers,Yes – roof is intact and effective,Yes – sufficient shade from the bus shelter,No – inadequate or no lighting at all,"No – sightline is blocked (by structure, advertisement boards, trees, or parked vehicles)",No - the seating is too high ,No – name is missing,No information displayed at all,Seating / bench,1,0,0,0,0,0,0,0,"Mixed Use - A mix of commercial/residential/office, etc",Yes – advertisements dominate; passenger information is secondary,Flyover starts 50m from here. Main junction is right under the flyover and at signals. Buses prefer to stop there. 100-150m from shelter.,Pointless shelter. Very dark and full of garbage. Photo appears bright due to night mode on device.,17841343061776654285607556262256-22_22_0-22_22_9.jpg,https://kf.kobotoolbox.org/api/v2/assets/am66CJhKEj8dCTL49UQSNG/data/812050178/attachments/attVWjTaKbkt2UF3bqbxd6K5/,,,,,,,812050178,bb9cef92-93d6-4a60-bb87-ded4d5533042,2026-07-15T22:22:18+05:30,,,submitted_via_web,,vNRRNU3SyFqnhy2xMWaa4o,,uuid:bb9cef92-93d6-4a60-bb87-ded4d5533042,390,Bengaluru,Bengaluru,12.922334,77.557945,device_gps,OK
2026-07-15T22:22:15.380000+05:30,2026-07-15T22:25:05.895000+05:30,2026-07-15T22:30:00+05:30,Banagiri Nagara (towards Devegowda Petrol Bunk),12.922659 77.556972 811 13.187999725341797,12.922659,77.556972,811,13.187999725341797,,Stainless Steel Bus Shelter,Unclean/Poorly Maintained,"Set back from the road – against a wall, compound, or building edge The road/footpath is too narrow ",1,0,1,,Yes,No,No,No - It's very unhygienic or feels unsafe to use,2,At the bus stop – buses pull up to the shelter/marked stop,1,0,0,0,One Step Out (30 cm to 1 meter): Passengers have to step down onto the road surface first to board.,Footpath available to reach the bus stop from both directions,1,0,0,0,0,0,0,," Yes – fully accessible, no obstructions","Yes – signs of standing water, algae, or drainage issues visible","Somewhat safe – some concerns (e.g., poor visibility, isolated location)",Yes – adequate space for passengers,Yes – roof is intact and effective,Yes - sufficient shade from surrounding trees,"Yes – lit by nearby street lights, shop fronts, or advertisement boards",Yes – clear sightline to see the approaching buses,"Yes - the seating is of the right height, width, and depth to sit comfortably while waiting for the bus",No – name is missing,No information displayed at all,Seating / bench Sufficient seating for the number of people typically waiting,1,1,0,0,0,0,0,0,"Mostly Residential - Housing, Apartments, etc",Yes – advertisements dominate; passenger information is secondary,"Dimly lit, garbage around. Low footfall",Lightings,17841344171372566911985224754739-22_23_49.jpg,https://kf.kobotoolbox.org/api/v2/assets/am66CJhKEj8dCTL49UQSNG/data/812053600/attachments/attnr7MKKfCaRUvE3YfNm6hV/,,,,,,,812053600,294ccc7e-6606-4d3b-80a4-9cdab673d7a6,2026-07-15T22:25:08+05:30,,,submitted_via_web,,vNRRNU3SyFqnhy2xMWaa4o,,uuid:294ccc7e-6606-4d3b-80a4-9cdab673d7a6,391,Bengaluru,Bengaluru,12.922659,77.556972,device_gps,OK
2026-06-30T23:17:38.998000+05:30,2026-07-16T10:01:04.961000+05:30,2026-07-16T09:54:00+05:30,Royal Meenakshi Mall,,,,,,https://maps.app.goo.gl/oqd4kP1YxFEwrTpe9,"Only ""Bus Stop"" Signboard - No Bus Shelter",,On the road edge / footpath edge – directly adjacent to traffic,0,1,0,,Yes,Yes,Yes,Yes - It's free of obstructions and feels safe to use,,At the bus stop – buses pull up to the shelter/marked stop,1,0,0,0,Perfect / Flush (Less than 30 cm): Passengers can step directly from the footpath onto the bus.,"Footpath available to reach the bus stop from both directions Footpath is walkable and free of encroachment like parking, vendors, utility boxes, garbage, etc Ramp for wheelchair users to access the bus stop Tactile paving for visually impaired users",1,1,1,0,1,0,0,," Yes – fully accessible, no obstructions",No – area appears well-drained,"Safe – well-lit, visible, and active surroundings",,,Partial – some shade but insufficient,"Yes – lit by nearby street lights, shop fronts, or advertisement boards",,,Yes – name is prominently visible and legible,Yes – route list is prominently displayed and appears current,Dustbin / waste bin CCTV camera,0,0,1,0,0,1,0,0,"Mixed Use - A mix of commercial/residential/office, etc",,"Direct connectivity to Airport, is in front of meeakshi mall, kia 14 starting point",Provide sufficient seating,1000045919-10_0_33.jpg,https://kf.kobotoolbox.org/api/v2/assets/am66CJhKEj8dCTL49UQSNG/data/812345457/attachments/attbibwg5j32Wc9ShMvunxa7/,1000045918-10_0_45.jpg,https://kf.kobotoolbox.org/api/v2/assets/am66CJhKEj8dCTL49UQSNG/data/812345457/attachments/attGuo2WGCfCx2BNuRo2WiaZ/,1000045917-10_1_2.jpg,https://kf.kobotoolbox.org/api/v2/assets/am66CJhKEj8dCTL49UQSNG/data/812345457/attachments/atthrjpTtmVD7vva2csRTrEW/,,,812345457,07469ed4-c742-4159-a5c6-c2447e97682c,2026-07-16T10:01:11+05:30,,,submitted_via_web,,vNRRNU3SyFqnhy2xMWaa4o,,uuid:07469ed4-c742-4159-a5c6-c2447e97682c,392,Bengaluru,Bengaluru,,,,NO_LOCATION
2026-07-15T22:25:06.075000+05:30,2026-07-16T20:44:52.876000+05:30,2026-07-16T20:45:00+05:30,Vasantpura (towards Konanakunte Cross),12.896251 77.552403 816.2999877929688 15.560999870300293,12.896251,77.552403,816.2999877929688,15.560999870300293,,Concrete/Masonry Bus Shelter,Unclean/Poorly Maintained,On the road edge / footpath edge – directly adjacent to traffic,0,1,0,,No,No,No,,1 - this is a standalone shelter ,Away from the bus stop – buses stop before or beyond the shelter/marked location,0,1,0,0,"Way Out in the Road (More than 1 meter): The bus stops far from the footpath, blocking a lane of traffic, forcing people to walk across active traffic to board the bus",Pedestrian crossing at/close to the bus stop to cross the road?,0,0,0,0,0,1,0,," Yes – fully accessible, no obstructions",No – area appears well-drained,"Somewhat safe – some concerns (e.g., poor visibility, isolated location)",Yes – adequate space for passengers,Yes – roof is intact and effective,Yes – sufficient shade from the bus shelter,Partially – some light but insufficient,Yes – clear sightline to see the approaching buses,"Yes - the seating is of the right height, width, and depth to sit comfortably while waiting for the bus",No – name is missing,No information displayed at all,Seating / bench,1,0,0,0,0,0,0,0,"Mixed Use - A mix of commercial/residential/office, etc",Yes – advertisements dominate; passenger information is secondary,bus stops 50m before this. shelter is dirty and full of garbage.,cleanup and lighting,IMG_20260716_204155-20_44_42.jpg,https://kf.kobotoolbox.org/api/v2/assets/am66CJhKEj8dCTL49UQSNG/data/813024797/attachments/attPziEbhP6BvYLprpbkBgrm/,,,,,,,813024797,eee82d15-2108-4f2b-a520-aa2eafc75c36,2026-07-16T20:44:55+05:30,,,submitted_via_web,,vNRRNU3SyFqnhy2xMWaa4o,,uuid:eee82d15-2108-4f2b-a520-aa2eafc75c36,393,Bengaluru,Bengaluru,12.896251,77.552403,device_gps,OK
2026-07-16T20:44:53.031000+05:30,2026-07-16T20:46:55.897000+05:30,2026-07-16T20:45:00+05:30,Vasantpura (towards Uttarahalli),12.89622 77.55251 816.2000122070312 4.267000198364258,12.89622,77.55251,816.2000122070312,4.267000198364258,,"Only ""Bus Stop"" Signboard - No Bus Shelter",,On the road edge / footpath edge – directly adjacent to traffic,0,1,0,,No,No,No,,,At the bus stop – buses pull up to the shelter/marked stop,1,0,0,0,"Way Out in the Road (More than 1 meter): The bus stops far from the footpath, blocking a lane of traffic, forcing people to walk across active traffic to board the bus",Pedestrian crossing at/close to the bus stop to cross the road?,0,0,0,0,0,1,0,,"Partially encroached – e.g., vendors, parked two-wheelers, auto-rickshaws, construction material",No – area appears well-drained,"Somewhat safe – some concerns (e.g., poor visibility, isolated location)",,,No – exposed to full sun,"Yes – lit by nearby street lights, shop fronts, or advertisement boards",,,No – name is missing,No information displayed at all,None of the Above,0,0,0,0,0,0,0,1,"Mixed Use - A mix of commercial/residential/office, etc",,"Stop is just a junction on the road,nleads to traffic congestion.",Shelter and route info,IMG_20260716_204133-20_46_40.jpg,https://kf.kobotoolbox.org/api/v2/assets/am66CJhKEj8dCTL49UQSNG/data/813027433/attachments/attW5i44jTnQo6HppWVBPrrP/,,,,,,,813027433,ba8837e1-3f1d-44ae-a45e-a3a963b0e225,2026-07-16T20:46:58+05:30,,,submitted_via_web,,vNRRNU3SyFqnhy2xMWaa4o,,uuid:ba8837e1-3f1d-44ae-a45e-a3a963b0e225,394,Bengaluru,Bengaluru,12.89622,77.55251,device_gps,OK
2026-07-16T20:46:56.011000+05:30,2026-07-16T20:55:09.518000+05:30,2026-07-16T21:00:00+05:30,"Uttarahalli (main bus stand, towards Subramanyapura)",12.905061 77.543247 785.0999755859375 14.177000045776367,12.905061,77.543247,785.0999755859375,14.177000045776367,,Other Metal Bus Shelter (Other than Stainless Steel),Satisfactory – minor wear/dusty but usable,"Set back from the road – against a wall, compound, or building edge",1,0,0,,No,Yes,No,,2,At the bus stop – buses pull up to the shelter/marked stop,1,0,0,0,One Step Out (30 cm to 1 meter): Passengers have to step down onto the road surface first to board.,Footpath available to reach the bus stop from both directions,1,0,0,0,0,0,0,,"Partially encroached – e.g., vendors, parked two-wheelers, auto-rickshaws, construction material",No – area appears well-drained,"Safe – well-lit, visible, and active surroundings",Yes – adequate space for passengers,Yes – roof is intact and effective,Yes – sufficient shade from the bus shelter,Yes – the bus shelter itself has a working light,Yes – clear sightline to see the approaching buses,"Yes - the seating is of the right height, width, and depth to sit comfortably while waiting for the bus",No – name is missing,No information displayed at all,Seating / bench Dustbin / waste bin Public toilet nearby (within eyesight),1,0,1,0,1,0,0,0,"Mixed Use - A mix of commercial/residential/office, etc",Yes – advertisements dominate; passenger information is secondary,more like a small terminus. origin of 210N.,"cleanliness, route display",IMG_20260716_205210-20_52_26.jpg,https://kf.kobotoolbox.org/api/v2/assets/am66CJhKEj8dCTL49UQSNG/data/813037193/attachments/att8wm6fSsbc6Myv6g38CTkJ/,,,,,,,813037193,bd9f7158-030e-4337-9fab-86c2f4f2fdac,2026-07-16T20:55:14+05:30,,,submitted_via_web,,vNRRNU3SyFqnhy2xMWaa4o,,uuid:bd9f7158-030e-4337-9fab-86c2f4f2fdac,395,Bengaluru,Bengaluru,12.905061,77.543247,device_gps,OK
2026-07-16T20:55:09.647000+05:30,2026-07-16T20:59:31.354000+05:30,2026-07-16T21:00:00+05:30,Uttarahalli (towards Chikkallasandra),12.906498 77.543892 793.0999755859375 11.812999725341797,12.906498,77.543892,793.0999755859375,11.812999725341797,,Stainless Steel Bus Shelter,Satisfactory – minor wear/dusty but usable,On the road edge / footpath edge – directly adjacent to traffic,0,1,0,,No,No,No,,1 - this is a standalone shelter ,At the bus stop – buses pull up to the shelter/marked stop,1,0,0,0,One Step Out (30 cm to 1 meter): Passengers have to step down onto the road surface first to board.,Footpath available to reach the bus stop from both directions,1,0,0,0,0,0,0,,"Partially encroached – e.g., vendors, parked two-wheelers, auto-rickshaws, construction material",No – area appears well-drained,"Safe – well-lit, visible, and active surroundings", No – overcrowded or high number of people standing on the road,Yes – roof is intact and effective,Yes – sufficient shade from the bus shelter,"Yes – lit by nearby street lights, shop fronts, or advertisement boards",Yes – clear sightline to see the approaching buses,"Yes - the seating is of the right height, width, and depth to sit comfortably while waiting for the bus",Yes – name is prominently visible and legible,No information displayed at all,Seating / bench,1,0,0,0,0,0,0,0,"Mixed Use - A mix of commercial/residential/office, etc",Yes – advertisements dominate; passenger information is secondary,high footfall,"scope for a larger shelter, route display",IMG_20260716_205636-20_59_25.jpg,https://kf.kobotoolbox.org/api/v2/assets/am66CJhKEj8dCTL49UQSNG/data/813042952/attachments/attVp6Wyb2WnKSe8VNFTSg4k/,,,,,,,813042952,9fe4d1f0-9ba2-4005-875a-c8931419897c,2026-07-16T20:59:35+05:30,,,submitted_via_web,,vNRRNU3SyFqnhy2xMWaa4o,,uuid:9fe4d1f0-9ba2-4005-875a-c8931419897c,396,Bengaluru,Bengaluru,12.906498,77.543892,device_gps,OK
2026-07-16T20:59:31.523000+05:30,2026-07-17T11:34:18.002000+05:30,2026-07-17T11:45:00+05:30,"Kamakya (depot lane, towards Devegowda Petrol Bunk)",12.923368 77.554329 800.2000122070312 20.729000091552734,12.923368,77.554329,800.2000122070312,20.729000091552734,,Stainless Steel Bus Shelter,Satisfactory – minor wear/dusty but usable,On the road edge / footpath edge – directly adjacent to traffic,0,1,0,,No,No,No,,3,At the bus stop – buses pull up to the shelter/marked stop,1,0,0,0,One Step Out (30 cm to 1 meter): Passengers have to step down onto the road surface first to board.,Footpath available to reach the bus stop from both directions,1,0,0,0,0,0,0,,Heavily encroached – the stop is largely unusable because of obstructions,"Yes – signs of standing water, algae, or drainage issues visible","Safe – well-lit, visible, and active surroundings",Yes – adequate space for passengers,Yes – roof is intact and effective,Yes – sufficient shade from the bus shelter,"Yes – lit by nearby street lights, shop fronts, or advertisement boards",Yes – clear sightline to see the approaching buses,"Yes - the seating is of the right height, width, and depth to sit comfortably while waiting for the bus",Yes – name is prominently visible and legible,Yes – route list is prominently displayed and appears current,Seating / bench Sufficient seating for the number of people typically waiting,1,1,0,0,0,0,0,0,"Mixed Use - A mix of commercial/residential/office, etc",Yes – advertisements dominate; passenger information is secondary,"Footpath being reconstructed, encroached by food stalls and autos. Buses stop at the point where two shelters are together, not the third shelter.",Cleanliness,IMG_20260717_113111-11_33_46.jpg,https://kf.kobotoolbox.org/api/v2/assets/am66CJhKEj8dCTL49UQSNG/data/813528820/attachments/attkU7VLYcciArThXyEQnLMS/,IMG_20260717_113003-11_33_52.jpg,https://kf.kobotoolbox.org/api/v2/assets/am66CJhKEj8dCTL49UQSNG/data/813528820/attachments/attjphWnE5LHgzRPgjnwDAYN/,,,,,813528820,5ef894ba-4408-46ae-a0b0-0621de0c6033,2026-07-17T11:34:26+05:30,,,submitted_via_web,,vNRRNU3SyFqnhy2xMWaa4o,,uuid:5ef894ba-4408-46ae-a0b0-0621de0c6033,397,Bengaluru,Bengaluru,12.923368,77.554329,device_gps,OK
2026-07-17T11:34:18.313000+05:30,2026-07-17T11:38:56.233000+05:30,2026-07-17T11:45:00+05:30,Kamakya (towards Katriguppe),12.924267 77.552172 810 10.211000442504883,12.924267,77.552172,810,10.211000442504883,,Stainless Steel Bus Shelter,Satisfactory – minor wear/dusty but usable,"Set back from the road – against a wall, compound, or building edge On the road edge / footpath edge – directly adjacent to traffic",1,1,0,,No,Yes,No,,4+,At the bus stop – buses pull up to the shelter/marked stop,1,0,0,0,One Step Out (30 cm to 1 meter): Passengers have to step down onto the road surface first to board.,"Footpath is walkable and free of encroachment like parking, vendors, utility boxes, garbage, etc",0,1,0,0,0,0,0,," Yes – fully accessible, no obstructions",No – area appears well-drained,"Safe – well-lit, visible, and active surroundings",Yes – adequate space for passengers,Yes – roof is intact and effective,Yes - sufficient shade from surrounding trees,"Yes – lit by nearby street lights, shop fronts, or advertisement boards",Yes – clear sightline to see the approaching buses,"Yes - the seating is of the right height, width, and depth to sit comfortably while waiting for the bus",Yes – name is prominently visible and legible,Yes – route list is prominently displayed and appears current,Seating / bench Sufficient seating for the number of people typically waiting,1,1,0,0,0,0,0,0,"Mixed Use - A mix of commercial/residential/office, etc",Yes – advertisements dominate; passenger information is secondary,"2+2 shelters. Buses stop at first two only, where the digital display is installed.",Ramp,IMG_20260717_113620-11_38_23.jpg,https://kf.kobotoolbox.org/api/v2/assets/am66CJhKEj8dCTL49UQSNG/data/813531663/attachments/attDTL49WUAM99Jk9bb4WyNm/,IMG_20260717_113516-11_38_42.jpg,https://kf.kobotoolbox.org/api/v2/assets/am66CJhKEj8dCTL49UQSNG/data/813531663/attachments/attC7egnQBkUYqyS7zHAQLzG/,IMG_20260717_113546-11_38_47.jpg,https://kf.kobotoolbox.org/api/v2/assets/am66CJhKEj8dCTL49UQSNG/data/813531663/attachments/attF7HjoSZeJDGTFRwZ2xt3v/,IMG_20260717_113832-11_38_51.jpg,https://kf.kobotoolbox.org/api/v2/assets/am66CJhKEj8dCTL49UQSNG/data/813531663/attachments/attYTKoPw9XV5rKsArwPUuVb/,813531663,772ef207-6015-4dcb-924d-fc674ee7a54f,2026-07-17T11:39:01+05:30,,,submitted_via_web,,vNRRNU3SyFqnhy2xMWaa4o,,uuid:772ef207-6015-4dcb-924d-fc674ee7a54f,398,Bengaluru,Bengaluru,12.924267,77.552172,device_gps,OK
2026-07-17T11:38:56.489000+05:30,2026-07-17T11:42:49.187000+05:30,2026-07-17T11:45:00+05:30,Katriguppe (towards Janatha Bazaar),12.925904 77.548861 809.5999755859375 14.326000213623047,12.925904,77.548861,809.5999755859375,14.326000213623047,,Stainless Steel Bus Shelter,Unclean/Poorly Maintained,On the road edge / footpath edge – directly adjacent to traffic,0,1,0,,No,No,No,,1 - this is a standalone shelter ,At the bus stop – buses pull up to the shelter/marked stop,1,0,0,0,One Step Out (30 cm to 1 meter): Passengers have to step down onto the road surface first to board.,None of the above,0,0,0,0,0,0,1,,"Partially encroached – e.g., vendors, parked two-wheelers, auto-rickshaws, construction material",No – area appears well-drained,"Safe – well-lit, visible, and active surroundings",Yes – adequate space for passengers,Yes – roof is intact and effective,Yes – sufficient shade from the bus shelter,"Yes – lit by nearby street lights, shop fronts, or advertisement boards",Yes – clear sightline to see the approaching buses,"Yes - the seating is of the right height, width, and depth to sit comfortably while waiting for the bus",No – name is missing,No information displayed at all,Seating / bench Sufficient seating for the number of people typically waiting,1,1,0,0,0,0,0,0,"Mixed Use - A mix of commercial/residential/office, etc",Yes – advertisements dominate; passenger information is secondary,broken footpath,ramp and route display,IMG_20260717_114055-11_41_57.jpg,https://kf.kobotoolbox.org/api/v2/assets/am66CJhKEj8dCTL49UQSNG/data/813534522/attachments/attGTDPFWUNQ5ceUo5w4kazt/,,,,,,,813534522,dbffd865-dddc-4f77-bfd6-765ca6e5ed5e,2026-07-17T11:42:52+05:30,,,submitted_via_web,,vNRRNU3SyFqnhy2xMWaa4o,,uuid:dbffd865-dddc-4f77-bfd6-765ca6e5ed5e,399,Bengaluru,Bengaluru,12.925904,77.548861,device_gps,OK
2026-07-17T11:42:49.380000+05:30,2026-07-17T11:49:07.982000+05:30,2026-07-17T12:00:00+05:30,Janatha Bazaar (towards Hosakerehalli),12.928771 77.545305 811 8.555000305175781,12.928771,77.545305,811,8.555000305175781,,Stainless Steel Bus Shelter,Satisfactory – minor wear/dusty but usable,On the road edge / footpath edge – directly adjacent to traffic,0,1,0,,No,No,No,,1 - this is a standalone shelter ,At the bus stop – buses pull up to the shelter/marked stop,1,0,0,0,"Way Out in the Road (More than 1 meter): The bus stops far from the footpath, blocking a lane of traffic, forcing people to walk across active traffic to board the bus",Footpath available to reach the bus stop from both directions,1,0,0,0,0,0,0,," Yes – fully accessible, no obstructions",No – area appears well-drained,"Safe – well-lit, visible, and active surroundings",Yes – adequate space for passengers,Yes – roof is intact and effective,Yes – sufficient shade from the bus shelter,"Yes – lit by nearby street lights, shop fronts, or advertisement boards",Yes – clear sightline to see the approaching buses,"Yes - the seating is of the right height, width, and depth to sit comfortably while waiting for the bus",Yes – name is prominently visible and legible,Yes – but information seems outdated or unreliable,Seating / bench Sufficient seating for the number of people typically waiting,1,1,0,0,0,0,0,0,"Mixed Use - A mix of commercial/residential/office, etc",Yes – advertisements dominate; passenger information is secondary,High height of footpath to road,Ramp,IMG_20260717_114553-11_48_36.jpg,https://kf.kobotoolbox.org/api/v2/assets/am66CJhKEj8dCTL49UQSNG/data/813538340/attachments/attDqSBf57DpB3jnXPk93BS9/,,,IMG_20260717_114824-11_48_43.jpg,https://kf.kobotoolbox.org/api/v2/assets/am66CJhKEj8dCTL49UQSNG/data/813538340/attachments/atta8aqMd9mDv7kp36jCHyuY/,,,813538340,92ec0b6b-6694-4767-967e-707648af92b4,2026-07-17T11:49:12+05:30,,,submitted_via_web,,vNRRNU3SyFqnhy2xMWaa4o,,uuid:92ec0b6b-6694-4767-967e-707648af92b4,400,Bengaluru,Bengaluru,12.928771,77.545305,device_gps,OK
2026-07-17T11:49:08.159000+05:30,2026-07-17T17:33:33.386000+05:30,2026-07-17T17:45:00+05:30,Chowdeshwari Layout Pipeline Road (towards Nagarbhavi),12.997288 77.523485 792.5 3.7899999618530273,12.997288,77.523485,792.5,3.7899999618530273,,Stainless Steel Bus Shelter, Clean and Well Maintained,On the road edge / footpath edge – directly adjacent to traffic,0,1,0,,No,No,No,,2,Away from the bus stop – buses stop before or beyond the shelter/marked location,0,1,0,0,"Way Out in the Road (More than 1 meter): The bus stops far from the footpath, blocking a lane of traffic, forcing people to walk across active traffic to board the bus",Footpath available to reach the bus stop from both directions Tactile paving for visually impaired users,1,0,0,0,1,0,0,," Yes – fully accessible, no obstructions",No – area appears well-drained,"Safe – well-lit, visible, and active surroundings",Yes – adequate space for passengers,Yes – roof is intact and effective,Yes - from both bus shelter AND trees,"Yes – lit by nearby street lights, shop fronts, or advertisement boards",Yes – clear sightline to see the approaching buses,"Yes - the seating is of the right height, width, and depth to sit comfortably while waiting for the bus",No – name is missing,No information displayed at all,Seating / bench Sufficient seating for the number of people typically waiting,1,1,0,0,0,0,0,0,"Mostly Residential - Housing, Apartments, etc",Yes – advertisements dominate; passenger information is secondary,"Buses stop feet away from stop, on the road",Ramp and route info,IMG_20260717_172946-17_33_21.jpg,https://kf.kobotoolbox.org/api/v2/assets/am66CJhKEj8dCTL49UQSNG/data/813854520/attachments/attFz2bvmZ4wdUEeSAmQbSgd/,,,IMG_20260717_173007-17_33_27.jpg,https://kf.kobotoolbox.org/api/v2/assets/am66CJhKEj8dCTL49UQSNG/data/813854520/attachments/att436wr2d3ZMhhVdj85c7Ss/,,,813854520,b9111ca6-2c25-4f6a-8368-76a13d650f8f,2026-07-17T17:33:37+05:30,,,submitted_via_web,,vNRRNU3SyFqnhy2xMWaa4o,,uuid:b9111ca6-2c25-4f6a-8368-76a13d650f8f,401,Bengaluru,Bengaluru,12.997288,77.523485,device_gps,OK
2026-07-17T17:33:33.593000+05:30,2026-07-17T17:40:30.542000+05:30,2026-07-17T17:45:00+05:30,"Nagarbhavi 2nd Stage (on Ring Road, towards Nayandahalli)",12.977766 77.515058 784.3999633789062 49.143001556396484,12.977766,77.515058,784.3999633789062,49.143001556396484,,Other Metal Bus Shelter (Other than Stainless Steel),Satisfactory – minor wear/dusty but usable,On the road edge / footpath edge – directly adjacent to traffic,0,1,0,,No,No,No,,1 - this is a standalone shelter ,At the bus stop – buses pull up to the shelter/marked stop,1,0,0,0,One Step Out (30 cm to 1 meter): Passengers have to step down onto the road surface first to board.,Tactile paving for visually impaired users,0,0,0,0,1,0,0,," Yes – fully accessible, no obstructions",No – area appears well-drained,"Safe – well-lit, visible, and active surroundings",Yes – adequate space for passengers,Yes – roof is intact and effective,Yes - from both bus shelter AND trees,"Yes – lit by nearby street lights, shop fronts, or advertisement boards",Yes – clear sightline to see the approaching buses,"Yes - the seating is of the right height, width, and depth to sit comfortably while waiting for the bus",No – name is missing,No information displayed at all,Seating / bench Sufficient seating for the number of people typically waiting,1,1,0,0,0,0,0,0,"Mixed Use - A mix of commercial/residential/office, etc",Yes – advertisements dominate; passenger information is secondary,Broken paving,"Name, route map",17842901993356415431375594681697-17_40_27.jpg,https://kf.kobotoolbox.org/api/v2/assets/am66CJhKEj8dCTL49UQSNG/data/813861543/attachments/attFByU4UY6yyN3ymuA8g5mV/,IMG_20260717_173727-17_39_44-17_39_56.jpg,https://kf.kobotoolbox.org/api/v2/assets/am66CJhKEj8dCTL49UQSNG/data/813861543/attachments/attRXrJMdSnYiUXMJvfVcg8N/,,,,,813861543,925a5234-e31a-40ee-ac36-a77ef3d2f56f,2026-07-17T17:40:37+05:30,,,submitted_via_web,,vNRRNU3SyFqnhy2xMWaa4o,,uuid:925a5234-e31a-40ee-ac36-a77ef3d2f56f,402,Bengaluru,Bengaluru,12.977766,77.515058,device_gps,OK
2026-07-17T17:40:30.725000+05:30,2026-07-17T17:46:13.383000+05:30,2026-07-17T17:45:00+05:30,"Nagarbhavi (on Ring Road, opposite to Power Station / KREDL) towards Nayandahalli",12.968381 77.512642 788 59.19599914550781,12.968381,77.512642,788,59.19599914550781,,Other Metal Bus Shelter (Other than Stainless Steel), Clean and Well Maintained,On the road edge / footpath edge – directly adjacent to traffic,0,1,0,,No,No,No,,1 - this is a standalone shelter ,At the bus stop – buses pull up to the shelter/marked stop,1,0,0,0,One Step Out (30 cm to 1 meter): Passengers have to step down onto the road surface first to board.,"Footpath is walkable and free of encroachment like parking, vendors, utility boxes, garbage, etc Tactile paving for visually impaired users",0,1,0,0,1,0,0,," Yes – fully accessible, no obstructions",No – area appears well-drained,"Somewhat safe – some concerns (e.g., poor visibility, isolated location)",Yes – adequate space for passengers,Yes – roof is intact and effective,Yes – sufficient shade from the bus shelter,Partially – some light but insufficient,Yes – clear sightline to see the approaching buses,"Yes - the seating is of the right height, width, and depth to sit comfortably while waiting for the bus",No – name is missing,No information displayed at all,Seating / bench Sufficient seating for the number of people typically waiting,1,1,0,0,0,0,0,0,"Mixed Use - A mix of commercial/residential/office, etc",Yes – advertisements dominate; passenger information is secondary,Low footfall,"Name, route display",IMG_20260717_174302-17_45_35.jpg,https://kf.kobotoolbox.org/api/v2/assets/am66CJhKEj8dCTL49UQSNG/data/813866750/attachments/attHiharK9Do4ZyKCh8ErsFF/,IMG_20260717_174250-17_45_39.jpg,https://kf.kobotoolbox.org/api/v2/assets/am66CJhKEj8dCTL49UQSNG/data/813866750/attachments/attaY7fiYL6HVzbDDoyDRfKd/,1784290545430192314224492273897-17_46_10.jpg,https://kf.kobotoolbox.org/api/v2/assets/am66CJhKEj8dCTL49UQSNG/data/813866750/attachments/attJDttJxRY5ozXyrShnwfcc/,,,813866750,df05c7e2-4f90-43da-bad5-516c159bc51a,2026-07-17T17:46:22+05:30,,,submitted_via_web,,vNRRNU3SyFqnhy2xMWaa4o,,uuid:df05c7e2-4f90-43da-bad5-516c159bc51a,403,Bengaluru,Bengaluru,12.968381,77.512642,device_gps,OK
2026-07-17T17:46:13.600000+05:30,2026-07-17T17:58:33.135000+05:30,2026-07-17T18:00:00+05:30,PES College (towards Banashankari),12.935067 77.53683 775.0999755859375 33.85300064086914,12.935067,77.53683,775.0999755859375,33.85300064086914,,Stainless Steel Bus Shelter, Clean and Well Maintained,On the road edge / footpath edge – directly adjacent to traffic,0,1,0,,No,No,No,,1 - this is a standalone shelter ,At the bus stop – buses pull up to the shelter/marked stop,1,0,0,0,One Step Out (30 cm to 1 meter): Passengers have to step down onto the road surface first to board.,None of the above,0,0,0,0,0,0,1,,"Partially encroached – e.g., vendors, parked two-wheelers, auto-rickshaws, construction material",No – area appears well-drained,"Safe – well-lit, visible, and active surroundings",Yes – adequate space for passengers,Yes – roof is intact and effective,Yes - from both bus shelter AND trees,"Yes – lit by nearby street lights, shop fronts, or advertisement boards",Yes – clear sightline to see the approaching buses,"Yes - the seating is of the right height, width, and depth to sit comfortably while waiting for the bus","Yes – but faded, small, or difficult to read",No information displayed at all,Seating / bench Sufficient seating for the number of people typically waiting,1,1,0,0,0,0,0,0,Other,Yes – advertisements dominate; passenger information is secondary,Dense footfall due to college vicinity,Route display,IMG_20260717_175532-17_58_25.jpg,https://kf.kobotoolbox.org/api/v2/assets/am66CJhKEj8dCTL49UQSNG/data/813877723/attachments/attkoJZGJwemRiqN6rPKuEF9/,,,,,,,813877723,fbba9d22-bd07-4503-b25c-8efa1ce92764,2026-07-17T17:58:37+05:30,,,submitted_via_web,,vNRRNU3SyFqnhy2xMWaa4o,,uuid:fbba9d22-bd07-4503-b25c-8efa1ce92764,404,Bengaluru,Bengaluru,12.935067,77.53683,device_gps,OK
2026-07-17T17:58:33.282000+05:30,2026-07-17T18:00:41.863000+05:30,2026-07-17T18:00:00+05:30,PES College (towards Nayandahalli),12.935106 77.536961 775.0999755859375 5.769999980926514,12.935106,77.536961,775.0999755859375,5.769999980926514,,Stainless Steel Bus Shelter,Satisfactory – minor wear/dusty but usable,On the road edge / footpath edge – directly adjacent to traffic,0,1,0,,No,No,No,,2,At the bus stop – buses pull up to the shelter/marked stop,1,0,0,0,One Step Out (30 cm to 1 meter): Passengers have to step down onto the road surface first to board.,None of the above,0,0,0,0,0,0,1,," Yes – fully accessible, no obstructions",No – area appears well-drained,"Somewhat safe – some concerns (e.g., poor visibility, isolated location)",Yes – adequate space for passengers,Yes – roof is intact and effective,Yes – sufficient shade from the bus shelter,"Yes – lit by nearby street lights, shop fronts, or advertisement boards",Yes – clear sightline to see the approaching buses,"Yes - the seating is of the right height, width, and depth to sit comfortably while waiting for the bus",Yes – name is prominently visible and legible,Yes – route list is prominently displayed and appears current,Seating / bench Sufficient seating for the number of people typically waiting,1,1,0,0,0,0,0,0,"Mixed Use - A mix of commercial/residential/office, etc",Yes – advertisements dominate; passenger information is secondary,Broken Pavement,"pavement fix, route map",IMG_20260717_175544-17_59_13.jpg,https://kf.kobotoolbox.org/api/v2/assets/am66CJhKEj8dCTL49UQSNG/data/813879615/attachments/attv4u6aStMkxc2fVAQeztKr/,,,,,,,813879615,2be0317c-9f26-4ccf-9d80-f11fedc2a778,2026-07-17T18:00:44+05:30,,,submitted_via_web,,vNRRNU3SyFqnhy2xMWaa4o,,uuid:2be0317c-9f26-4ccf-9d80-f11fedc2a778,405,Bengaluru,Bengaluru,12.935106,77.536961,device_gps,OK
2026-07-17T18:00:42.017000+05:30,2026-07-17T18:08:41.580000+05:30,2026-07-17T18:15:00+05:30,"Janatha Bazar (towards Katriguppe, Banashankari)",12.928267 77.546018 814.2000122070312 6.48799991607666,12.928267,77.546018,814.2000122070312,6.48799991607666,,Stainless Steel Bus Shelter, Clean and Well Maintained,On the road edge / footpath edge – directly adjacent to traffic,0,1,0,,Yes,No,No,No - It's obstructed due to encroachment ,1 - this is a standalone shelter ,At the bus stop – buses pull up to the shelter/marked stop,1,0,0,0,One Step Out (30 cm to 1 meter): Passengers have to step down onto the road surface first to board.,Footpath available to reach the bus stop from both directions Pedestrian crossing at/close to the bus stop to cross the road?,1,0,0,0,0,1,0,,"Partially encroached – e.g., vendors, parked two-wheelers, auto-rickshaws, construction material",No – area appears well-drained,"Safe – well-lit, visible, and active surroundings",Yes – adequate space for passengers,Yes – roof is intact and effective,Yes – sufficient shade from the bus shelter,"Yes – lit by nearby street lights, shop fronts, or advertisement boards",Yes – clear sightline to see the approaching buses,"Yes - the seating is of the right height, width, and depth to sit comfortably while waiting for the bus",Yes – name is prominently visible and legible,Yes – but information seems outdated or unreliable,Seating / bench Sufficient seating for the number of people typically waiting Dustbin / waste bin,1,1,1,0,0,0,0,0,"Mixed Use - A mix of commercial/residential/office, etc",Yes – advertisements dominate; passenger information is secondary,Bus stop has been shifted to 100 mtr aheas. banner and megaphones being used to alert,Ramp,IMG_20260717_180404-18_8_14.jpg,https://kf.kobotoolbox.org/api/v2/assets/am66CJhKEj8dCTL49UQSNG/data/813888042/attachments/attAATf6der2Bfd7umzUFZhs/,,,,,,,813888042,80ec419b-8c2d-44fd-8be0-6b842b3557f0,2026-07-17T18:08:45+05:30,,,submitted_via_web,,vNRRNU3SyFqnhy2xMWaa4o,,uuid:80ec419b-8c2d-44fd-8be0-6b842b3557f0,406,Bengaluru,Bengaluru,12.928267,77.546018,device_gps,OK
2026-07-17T18:08:41.760000+05:30,2026-07-17T18:10:17.959000+05:30,2026-07-17T18:15:00+05:30,Janatha Bazar (towards Ittamadu),12.927424 77.545889 813.5 18.566999435424805,12.927424,77.545889,813.5,18.566999435424805,,"Only ""Bus Stop"" Signboard - No Bus Shelter",,On the road edge / footpath edge – directly adjacent to traffic,0,1,0,,No,No,No,,,At the bus stop – buses pull up to the shelter/marked stop,1,0,0,0,"Way Out in the Road (More than 1 meter): The bus stops far from the footpath, blocking a lane of traffic, forcing people to walk across active traffic to board the bus",Footpath available to reach the bus stop from both directions,1,0,0,0,0,0,0,,"Partially encroached – e.g., vendors, parked two-wheelers, auto-rickshaws, construction material",No – area appears well-drained,"Somewhat safe – some concerns (e.g., poor visibility, isolated location)",,,Yes - sufficient shade from surrounding trees,"Yes – lit by nearby street lights, shop fronts, or advertisement boards",,,No – name is missing,No information displayed at all,Public toilet nearby (within eyesight),0,0,0,0,1,0,0,0,"Mixed Use - A mix of commercial/residential/office, etc",,Public toilet adjacent is closed.,Shelter and route info,IMG_20260717_180729-18_10_9.jpg,https://kf.kobotoolbox.org/api/v2/assets/am66CJhKEj8dCTL49UQSNG/data/813889742/attachments/attCK3iH2XKDM5yY2CxbAbsk/,IMG_20260717_180757-18_10_13.jpg,https://kf.kobotoolbox.org/api/v2/assets/am66CJhKEj8dCTL49UQSNG/data/813889742/attachments/attpqdFwgYyJ8Bv6Bfj7LzAZ/,,,,,813889742,8b28469d-2af6-472d-a657-9b756f7729af,2026-07-17T18:10:21+05:30,,,submitted_via_web,,vNRRNU3SyFqnhy2xMWaa4o,,uuid:8b28469d-2af6-472d-a657-9b756f7729af,407,Bengaluru,Bengaluru,12.927424,77.545889,device_gps,OK
