{
"type": "FeatureCollection",
"name": "blr_boundary",
"crs": { "type": "name", "properties": { "name": "urn:ogc:def:crs:OGC:1.3:CRS84" } },
"features": [
{ "type": "Feature", "properties": { "id": "bbmp_c2__wards_c2.1", "Name": null, "description": null, "timestamp": null, "begin": null, "end": null, "altitudeMode": null, "tessellate": -1, "extrude": 0, "visibility": -1, "drawOrder": null, "icon": null, "OBJECTID": 69, "NewCorp": "Central" }, "geometry": { "type": "MultiPolygon", "coordinates": [ [ [ [ 77.571099574397607, 12.943664463097299 ], [ 77.570164343293101, 12.9436710237044 ], [ 77.568331743171697, 12.9436677778299 ], [ 77.568078032117995, 12.943648964645 ], [ 77.567850538698593, 12.9436306960534 ], [ 77.5678706521702, 12.943527729167799 ], [ 77.567861028612498, 12.9433996808943 ], [ 77.567853202696696, 12.943015000756599 ], [ 77.567839409954999, 12.9428056140934 ], [ 77.567807168336699, 12.9426916503278 ], [ 77.567763591619794, 12.942608268995899 ], [ 77.567708365052695, 12.9425250051326 ], [ 77.567645330743304, 12.942438006498101 ], [ 77.5671536122654, 12.941829526119101 ], [ 77.566961136448199, 12.941618090093799 ], [ 77.566827147929502, 12.941428935302801 ], [ 77.566767568358998, 12.9413000001272 ], [ 77.566739565056807, 12.9412202768303 ], [ 77.566727174426703, 12.9411480186182 ], [ 77.566714043049402, 12.941003387473501 ], [ 77.5666594489131, 12.940222979279699 ], [ 77.566185504979899, 12.940212408563699 ], [ 77.566107366891401, 12.940167462058 ], [ 77.566024840156302, 12.940073038571001 ], [ 77.5659735367488, 12.9399935444715 ], [ 77.5659296494768, 12.939879692158 ], [ 77.565897139247795, 12.939739060575601 ], [ 77.565916231894406, 12.9393274502286 ], [ 77.565267013985107, 12.939315267059101 ], [ 77.564742481181298, 12.939294713815 ], [ 77.564492344938003, 12.939283967828 ], [ 77.564363635037395, 12.939278439032799 ], [ 77.564142307161006, 12.939283474578099 ], [ 77.564133447052299, 12.939282476673 ], [ 77.563993479922999, 12.939285821937601 ], [ 77.564062965542405, 12.9394124842474 ], [ 77.564313486001396, 12.939893386099801 ], [ 77.564908754251107, 12.940882367860601 ], [ 77.564960715482201, 12.9410042991432 ], [ 77.564992585499695, 12.9410690316013 ], [ 77.565009090248907, 12.941156872952 ], [ 77.565071825020098, 12.941569495984499 ], [ 77.565084163894596, 12.9416485316808 ], [ 77.565088524634604, 12.9416764678675 ], [ 77.565088534281998, 12.9416774109797 ], [ 77.565104747150201, 12.941784521359899 ], [ 77.565027246197801, 12.941788034166599 ], [ 77.564992140842193, 12.941788379631999 ], [ 77.564888513908599, 12.9417893993782 ], [ 77.5645864338004, 12.941788543837401 ], [ 77.5643875021414, 12.9417905010882 ], [ 77.564332890609705, 12.941791038374101 ], [ 77.564279318976105, 12.9417901316341 ], [ 77.564278969819895, 12.9418313796244 ], [ 77.564271184175098, 12.9418605194832 ], [ 77.564270324001399, 12.941895121260799 ], [ 77.564268286011497, 12.942721466182 ], [ 77.564254898926194, 12.9437011298133 ], [ 77.564230657505504, 12.945526513735199 ], [ 77.564233109379899, 12.9465289808872 ], [ 77.564211754526895, 12.9471107859217 ], [ 77.564228738486904, 12.947627170261899 ], [ 77.564264957194595, 12.948116579614201 ], [ 77.564255757899204, 12.948361554417501 ], [ 77.564247579825206, 12.948426708986201 ], [ 77.5641389019126, 12.948485493168301 ], [ 77.564054035722506, 12.9485243404068 ], [ 77.563942043965, 12.9485634536766 ], [ 77.563853070524104, 12.9485795344502 ], [ 77.563666180495801, 12.9487136476346 ], [ 77.563385775002999, 12.948819938345199 ], [ 77.563029996631698, 12.9489698330067 ], [ 77.562967043457803, 12.949005941007499 ], [ 77.562890387256104, 12.949028877702901 ], [ 77.562827388655407, 12.949060547442899 ], [ 77.562759734455298, 12.949078959576999 ], [ 77.562664807480004, 12.949084329357399 ], [ 77.562578925128506, 12.949089610135401 ], [ 77.562483816719904, 12.949077237753 ], [ 77.562411185678499, 12.949051335432101 ], [ 77.562256696644098, 12.948981873972 ], [ 77.562147383685698, 12.948907535750299 ], [ 77.561866575391306, 12.9491079862921 ], [ 77.561717469906498, 12.9492177977942 ], [ 77.561534268896906, 12.9492219464031 ], [ 77.561485133764194, 12.9493440700744 ], [ 77.561590308623295, 12.9494399045586 ], [ 77.561628887783897, 12.949513718889101 ], [ 77.561765098404194, 12.9496236762966 ], [ 77.561971978620804, 12.9497753305942 ], [ 77.562064585582505, 12.949848616179301 ], [ 77.562141093317393, 12.949932659418399 ], [ 77.562201824151799, 12.9500592552107 ], [ 77.562241976793601, 12.9502867472216 ], [ 77.562232958256402, 12.9504617288341 ], [ 77.562236816503898, 12.9505989792187 ], [ 77.562261423983799, 12.9507431257646 ], [ 77.562111130746501, 12.951052051240399 ], [ 77.562093364263205, 12.951077866090101 ], [ 77.561960349372299, 12.9512805639182 ], [ 77.561870233207102, 12.951451039916501 ], [ 77.561812482894396, 12.9516159006054 ], [ 77.561786714580407, 12.951738046612499 ], [ 77.5617720771574, 12.951891883913699 ], [ 77.561773540046204, 12.952034960795901 ], [ 77.561753121951796, 12.9523749679263 ], [ 77.5617458355716, 12.9524963087709 ], [ 77.561691928392705, 12.953037409627999 ], [ 77.561689862496905, 12.953318684128799 ], [ 77.561689228912599, 12.953391669779901 ], [ 77.561407701758895, 12.9533651559597 ], [ 77.5611210855282, 12.9533831817056 ], [ 77.560772996367106, 12.953460888663701 ], [ 77.560601100223593, 12.9535327232502 ], [ 77.560340321006393, 12.953621954014601 ], [ 77.560164054638804, 12.953667018503401 ], [ 77.560092758057394, 12.9536743868982 ], [ 77.560028191690805, 12.953675021598199 ], [ 77.559984013004396, 12.9536754558741 ], [ 77.559916014784804, 12.9536727914255 ], [ 77.559762649214704, 12.953630965456799 ], [ 77.559315774875699, 12.9534686910687 ], [ 77.558923035642707, 12.9532825511887 ], [ 77.558762840758007, 12.953237458799901 ], [ 77.5586470968897, 12.9532185969869 ], [ 77.558602884201306, 12.953215698489201 ], [ 77.558565436745198, 12.953209400662599 ], [ 77.558517756310394, 12.953199865982199 ], [ 77.558434918085297, 12.9532080854169 ], [ 77.5584431119116, 12.953156687565899 ], [ 77.557654242706505, 12.9531879574765 ], [ 77.556636413655497, 12.953319604760001 ], [ 77.556587560062397, 12.953248277348999 ], [ 77.556284518531697, 12.9528317989634 ], [ 77.556156776384398, 12.952636385711401 ], [ 77.556060233058503, 12.9525006667804 ], [ 77.555991110157805, 12.952388012370999 ], [ 77.5559005805856, 12.952175567585099 ], [ 77.5558518151839, 12.9520593813756 ], [ 77.555795710272406, 12.9518899313793 ], [ 77.5557733756023, 12.951803643293699 ], [ 77.555760794704696, 12.9517663625743 ], [ 77.5557226098244, 12.951600870936501 ], [ 77.555937052472103, 12.9515440911093 ], [ 77.556119563364405, 12.951479813168699 ], [ 77.556286267709595, 12.951427408122001 ], [ 77.556488643477707, 12.951359031145801 ], [ 77.556750505768093, 12.9512666334778 ], [ 77.556964985765703, 12.951213759085601 ], [ 77.557167283198496, 12.9511375692929 ], [ 77.557325546217001, 12.9510383813709 ], [ 77.557447973692703, 12.950939544314201 ], [ 77.557522347089503, 12.950813841258 ], [ 77.557529822111704, 12.950804629373 ], [ 77.557587845641805, 12.950642606053 ], [ 77.557589793255502, 12.9505485069934 ], [ 77.557595139571504, 12.9505028406428 ], [ 77.557635713362401, 12.9504910369957 ], [ 77.557711020035299, 12.950464639332001 ], [ 77.557942924521797, 12.9504024935567 ], [ 77.558086252742697, 12.9503907893474 ], [ 77.558084232289403, 12.9501928685292 ], [ 77.557715310874798, 12.9501524908517 ], [ 77.557703398955198, 12.9501498116043 ], [ 77.557655480700902, 12.9501390276988 ], [ 77.557640935467305, 12.9501383564932 ], [ 77.557333200117696, 12.9500819211046 ], [ 77.556834756536304, 12.949971439395799 ], [ 77.556813172867606, 12.949962282363201 ], [ 77.556784594380005, 12.949969589069999 ], [ 77.556760933032393, 12.949990898122101 ], [ 77.556690022522602, 12.9500618543698 ], [ 77.556519267227401, 12.9501759441504 ], [ 77.556405163492897, 12.9502262447101 ], [ 77.556317183840704, 12.9502622382493 ], [ 77.556193341281997, 12.950293897437801 ], [ 77.555995629078694, 12.950340334734101 ], [ 77.555745475885303, 12.9503740218035 ], [ 77.555714254210699, 12.950378225655101 ], [ 77.555618788838203, 12.9503959440455 ], [ 77.555559535163297, 12.9504131806631 ], [ 77.554990889756397, 12.9505608099716 ], [ 77.554741504046206, 12.9496802798009 ], [ 77.554578605094306, 12.949757130199 ], [ 77.554524237536199, 12.9499432894211 ], [ 77.554499786808705, 12.9500539032622 ], [ 77.554460352935607, 12.950199777963199 ], [ 77.554399695441901, 12.950270609676201 ], [ 77.5542220137296, 12.950402792843599 ], [ 77.554044333643404, 12.9505349740986 ], [ 77.553927516533605, 12.9506163893109 ], [ 77.553840975271598, 12.950657373173 ], [ 77.553637412201397, 12.950759707336699 ], [ 77.553464488288, 12.9508567222887 ], [ 77.553280617543507, 12.950883610210401 ], [ 77.552791356408605, 12.9505572892933 ], [ 77.552670332969896, 12.9507033717172 ], [ 77.552588840250905, 12.950815615125901 ], [ 77.5523703335368, 12.951120880664 ], [ 77.5523540463698, 12.951143636764099 ], [ 77.552287018230501, 12.951237344790799 ], [ 77.551975035401696, 12.951673497326899 ], [ 77.551643153585204, 12.952042521254199 ], [ 77.551569262887796, 12.9521107717697 ], [ 77.551522653562799, 12.952166320651999 ], [ 77.551476246178893, 12.9520543681842 ], [ 77.5514338885651, 12.952081391917099 ], [ 77.551337238962404, 12.952105146600299 ], [ 77.551275351065499, 12.952117157236501 ], [ 77.551163004589398, 12.952122057649101 ], [ 77.551042520400401, 12.9520890281063 ], [ 77.550898748068406, 12.952052422097999 ], [ 77.550732419160695, 12.9520844607254 ], [ 77.550507418454998, 12.9520638570669 ], [ 77.549586519908402, 12.9522097137081 ], [ 77.549125979847801, 12.9522788499216 ], [ 77.549147383183396, 12.952351942145301 ], [ 77.549206779360105, 12.9526155835567 ], [ 77.549207323783307, 12.952669090437199 ], [ 77.549220453717794, 12.9528103875626 ], [ 77.549249473908205, 12.9533643356576 ], [ 77.549279891856699, 12.9540558748955 ], [ 77.549333577845701, 12.9547357195144 ], [ 77.549586793148194, 12.9547255989897 ], [ 77.549305981687795, 12.9550876451297 ], [ 77.5490991711726, 12.9554451414254 ], [ 77.549095184806305, 12.955451792906 ], [ 77.548792601046998, 12.9559565092933 ], [ 77.548585688695098, 12.9563109138532 ], [ 77.548411257668903, 12.956609679471701 ], [ 77.548362495894096, 12.9566931977969 ], [ 77.548155251228806, 12.957067469046899 ], [ 77.547782946140799, 12.957739827625799 ], [ 77.547405825105102, 12.9584141674378 ], [ 77.547060314069498, 12.9590933574529 ], [ 77.546807428878196, 12.959570444717601 ], [ 77.546481169222801, 12.9600740454438 ], [ 77.546302702691307, 12.9604230085847 ], [ 77.546184522606296, 12.9606540894936 ], [ 77.545919625686494, 12.9611357714963 ], [ 77.5457412670401, 12.961410858809099 ], [ 77.545583751044006, 12.9616537938407 ], [ 77.545320426562498, 12.962081029062499 ], [ 77.545183112353101, 12.962254810233301 ], [ 77.545257026165999, 12.962297840498699 ], [ 77.545357206533694, 12.962343185125301 ], [ 77.545441746274307, 12.9623989794813 ], [ 77.5455027520577, 12.9624627249993 ], [ 77.545553235742304, 12.9625240012414 ], [ 77.545572256732498, 12.9625881564648 ], [ 77.545570183867298, 12.962642223904201 ], [ 77.545557508511493, 12.9626861009484 ], [ 77.545513265768406, 12.962722565719201 ], [ 77.545427304415895, 12.9627851764612 ], [ 77.545268133596693, 12.962874236600801 ], [ 77.545111325280203, 12.9629375401183 ], [ 77.544972831383802, 12.9629955156067 ], [ 77.544844835241705, 12.9630533865757 ], [ 77.544735284413306, 12.963118801777799 ], [ 77.544636516334606, 12.963212418940699 ], [ 77.544568973747104, 12.9632799955198 ], [ 77.544488493984005, 12.9633657155153 ], [ 77.5444118510339, 12.963312415837599 ], [ 77.543815702869097, 12.9640258699753 ], [ 77.543816113103006, 12.9640256274498 ], [ 77.543875697148295, 12.9640644009512 ], [ 77.543956039636996, 12.9641166852407 ], [ 77.5442152055696, 12.9642406189406 ], [ 77.544462737112596, 12.9643234282468 ], [ 77.544732442630107, 12.9643812772087 ], [ 77.544970755912004, 12.9643844451865 ], [ 77.545315332067204, 12.964361829468301 ], [ 77.545637541413498, 12.9643449324039 ], [ 77.5459671370417, 12.964344538574499 ], [ 77.546159100298695, 12.9643590727934 ], [ 77.546369799780393, 12.964403751974199 ], [ 77.546628435369698, 12.964475452517799 ], [ 77.547022257352694, 12.9646090640914 ], [ 77.547514409146203, 12.9647637072443 ], [ 77.548023574932202, 12.9649374283625 ], [ 77.548257290849406, 12.965039616390699 ], [ 77.548466003420003, 12.965164040276701 ], [ 77.548683403102501, 12.965315872190899 ], [ 77.548996975695601, 12.9655519927786 ], [ 77.549414960711204, 12.9658558208959 ], [ 77.549756983301094, 12.9661329028647 ], [ 77.550005976934003, 12.9663586541261 ], [ 77.550055965068907, 12.9664144138408 ], [ 77.550235654832605, 12.9666148405306 ], [ 77.550281084611598, 12.966690636694601 ], [ 77.550305583356106, 12.966731510459899 ], [ 77.550675758378603, 12.967163142201899 ], [ 77.550996370161101, 12.9675394034833 ], [ 77.551174782237993, 12.9677163616741 ], [ 77.551434935491599, 12.9679365049418 ], [ 77.551697186739204, 12.968087895499099 ], [ 77.551905707996298, 12.9681930721732 ], [ 77.552271366689695, 12.9683132043056 ], [ 77.552572247024202, 12.9684037289858 ], [ 77.552859027608093, 12.968486143939099 ], [ 77.553474635572101, 12.968650560089801 ], [ 77.554250440781004, 12.968854640239799 ], [ 77.554559904223396, 12.968940482193 ], [ 77.555006679456298, 12.9690644120901 ], [ 77.555203932619307, 12.969126763071401 ], [ 77.555385227757398, 12.9691840712327 ], [ 77.555562752046797, 12.9692389968319 ], [ 77.555655298537005, 12.9692676298761 ], [ 77.555994480041804, 12.969354454567201 ], [ 77.556377671025103, 12.9694300246554 ], [ 77.556709018662204, 12.9694700439267 ], [ 77.556984921220703, 12.9694817576134 ], [ 77.557117138913995, 12.9694660324199 ], [ 77.557159287081205, 12.9699921302853 ], [ 77.557166130071494, 12.9703021986619 ], [ 77.557382506479001, 12.970245975943801 ], [ 77.557545299699996, 12.971062993530699 ], [ 77.557731627489702, 12.9720240254701 ], [ 77.557801456993801, 12.972316462099 ], [ 77.5579432113487, 12.9728562735973 ], [ 77.557950108037502, 12.972957836649799 ], [ 77.557993241540899, 12.9730249341315 ], [ 77.557958725021905, 12.9734873191662 ], [ 77.557952230777204, 12.973666526998199 ], [ 77.557905966410203, 12.9737024427821 ], [ 77.557950485400994, 12.973821045401399 ], [ 77.558057081724002, 12.9740042525686 ], [ 77.558326420548596, 12.974452382261299 ], [ 77.558443390971107, 12.974743335536299 ], [ 77.558515832412297, 12.974995060544799 ], [ 77.558576172595806, 12.975142320347899 ], [ 77.558655265952595, 12.975325460705401 ], [ 77.558687192248598, 12.975570371062201 ], [ 77.558703889609902, 12.9757649415521 ], [ 77.558543036475498, 12.975763698372999 ], [ 77.555694379268104, 12.9756067265102 ], [ 77.554496299931102, 12.975560307649101 ], [ 77.554492845752605, 12.975560172636699 ], [ 77.554663810866302, 12.975958587474199 ], [ 77.554902260171403, 12.976419479969101 ], [ 77.555018733482896, 12.9766189133995 ], [ 77.555136501859295, 12.976944886104199 ], [ 77.555169324796395, 12.977011959799301 ], [ 77.555186958979405, 12.9770479971481 ], [ 77.555298141317095, 12.977275201390601 ], [ 77.555529235193902, 12.977492609702599 ], [ 77.555776224700907, 12.977597634691501 ], [ 77.556085178739806, 12.97780949855 ], [ 77.556414073055294, 12.9780665375584 ], [ 77.556656730352998, 12.978224135731301 ], [ 77.556872072799607, 12.9783294679803 ], [ 77.556974302000498, 12.9783260764705 ], [ 77.557374571778396, 12.978420039741099 ], [ 77.557631643969799, 12.978558388698801 ], [ 77.557886258331493, 12.9786943773091 ], [ 77.558074794550606, 12.978797585217899 ], [ 77.558257730625996, 12.978829215646 ], [ 77.558476843829794, 12.978827059259601 ], [ 77.558647215895505, 12.97882060585 ], [ 77.558810429812695, 12.978828551617299 ], [ 77.558942630049103, 12.9788988836148 ], [ 77.559053385032897, 12.9790147964409 ], [ 77.559135584620805, 12.979195460093999 ], [ 77.559167266588602, 12.9794363160476 ], [ 77.559149596417896, 12.9796131889919 ], [ 77.559192575424703, 12.979767972503501 ], [ 77.559262251904499, 12.9798725880035 ], [ 77.559430882685803, 12.979975754840799 ], [ 77.559560671678597, 12.9800484970543 ], [ 77.559792740232396, 12.9801226216196 ], [ 77.560031917159606, 12.9801775741693 ], [ 77.560251349112406, 12.9802064538806 ], [ 77.560490598577005, 12.9802685678585 ], [ 77.560650290986302, 12.9804078769257 ], [ 77.560766428423904, 12.9805738775178 ], [ 77.560853326071694, 12.980737779181499 ], [ 77.560925714859096, 12.9809113759826 ], [ 77.560963334999101, 12.9810184578047 ], [ 77.561024807514301, 12.9812726608949 ], [ 77.561030039376803, 12.981307105080999 ], [ 77.561135684080298, 12.9816631422021 ], [ 77.561195298001707, 12.981805144404399 ], [ 77.561218046853, 12.981842212152999 ], [ 77.561240526923399, 12.9818529585691 ], [ 77.561271884068901, 12.9818570367331 ], [ 77.561336702854504, 12.981852010773199 ], [ 77.561388166780205, 12.981853696277 ], [ 77.561459739344599, 12.981852990905301 ], [ 77.561604997225103, 12.981874624488199 ], [ 77.561588951369004, 12.9819615197472 ], [ 77.561607382893001, 12.982122601203599 ], [ 77.561611017913293, 12.9822278386718 ], [ 77.561611821405293, 12.982228483046899 ], [ 77.561612150775701, 12.982260621118099 ], [ 77.5616135942076, 12.9824014618601 ], [ 77.561614459189897, 12.9824858604303 ], [ 77.561587714182096, 12.9826049699422 ], [ 77.561523550097604, 12.9828907111142 ], [ 77.561415918290194, 12.983785207778499 ], [ 77.561300922458997, 12.984207600693299 ], [ 77.561098913812202, 12.984677655634901 ], [ 77.561058137291695, 12.984733629062999 ], [ 77.561054234993406, 12.984748929594099 ], [ 77.5610182752892, 12.9848062053072 ], [ 77.560985126600599, 12.984907103757401 ], [ 77.560968676041995, 12.9850980919181 ], [ 77.560972967123604, 12.9852505330072 ], [ 77.560966600373703, 12.9853786442863 ], [ 77.560988865217695, 12.985528542972901 ], [ 77.561009094711594, 12.9857062772936 ], [ 77.561020854793, 12.9858273617098 ], [ 77.561011525997102, 12.9859434961628 ], [ 77.560973089033794, 12.9860418673916 ], [ 77.560783328845702, 12.9865130674137 ], [ 77.560763324302798, 12.986613836329701 ], [ 77.560769243990805, 12.9866782467522 ], [ 77.560804216323902, 12.986755264032199 ], [ 77.560990174128506, 12.986939099267101 ], [ 77.561056489354698, 12.9869951798466 ], [ 77.561280590952094, 12.987052281575901 ], [ 77.561776095508506, 12.987163437723201 ], [ 77.561813383700994, 12.987209486833001 ], [ 77.561816673739798, 12.987273924916 ], [ 77.561791093298993, 12.9873438009864 ], [ 77.561743947687702, 12.987480894418299 ], [ 77.561625723258899, 12.9876290947016 ], [ 77.561579350054203, 12.9877223873467 ], [ 77.5615407016749, 12.987800128545 ], [ 77.561484839507699, 12.987994086433799 ], [ 77.561446907874, 12.9881751676663 ], [ 77.561445890214699, 12.9882835687919 ], [ 77.561446259332101, 12.988281201714599 ], [ 77.561475525362795, 12.9882823424166 ], [ 77.562263290301004, 12.9882745738028 ], [ 77.563939806994696, 12.988175239376901 ], [ 77.563960311108104, 12.988374177980299 ], [ 77.563963663612896, 12.988385306153299 ], [ 77.565039695800607, 12.988318262256501 ], [ 77.565088022993194, 12.988317785077101 ], [ 77.565069242455195, 12.9885348081554 ], [ 77.565695723325106, 12.9885166272327 ], [ 77.566802914899597, 12.9884672713223 ], [ 77.567794042264396, 12.9884172420846 ], [ 77.567905604488601, 12.988409825104201 ], [ 77.567914563866594, 12.9885051852039 ], [ 77.567918519103003, 12.9885435644435 ], [ 77.567925999794596, 12.988578421513401 ], [ 77.567926277447, 12.988605432847599 ], [ 77.567926466476806, 12.9886238225246 ], [ 77.567923875387393, 12.988718153933901 ], [ 77.567918153793997, 12.988854429172701 ], [ 77.567877557956194, 12.989755975541801 ], [ 77.567866823321296, 12.990444165930599 ], [ 77.567842741286398, 12.9912198067614 ], [ 77.567820029655095, 12.991782373282399 ], [ 77.567785803653805, 12.992610507296099 ], [ 77.567785189151806, 12.9926283384514 ], [ 77.5677583949184, 12.993407579217701 ], [ 77.568384924034802, 12.9933806772203 ], [ 77.568026258597101, 12.993719248971599 ], [ 77.567653936916997, 12.994216429685 ], [ 77.567322532459897, 12.994614504468601 ], [ 77.567099135478898, 12.9949128119144 ], [ 77.566968163400304, 12.995226656484499 ], [ 77.5667132487266, 12.995722674893001 ], [ 77.566382772734499, 12.9962112132917 ], [ 77.566051614743202, 12.9966339616619 ], [ 77.566161025706805, 12.996684971461599 ], [ 77.566213443504296, 12.996707554605299 ], [ 77.566399542592507, 12.9967826023922 ], [ 77.566560312155005, 12.9968371201488 ], [ 77.566749455726395, 12.9968689164561 ], [ 77.566944028862395, 12.9968726031705 ], [ 77.567144037040705, 12.996848182043999 ], [ 77.567196767883601, 12.996843141576599 ], [ 77.567448259774196, 12.9968190965205 ], [ 77.568085359470999, 12.996786195995099 ], [ 77.568545613428299, 12.9967816429533 ], [ 77.568641368029006, 12.9967806956027 ], [ 77.569183813313799, 12.996775328239799 ], [ 77.570133089673206, 12.9967659326575 ], [ 77.571396368694906, 12.996833324755499 ], [ 77.571401511549496, 12.9973326312049 ], [ 77.571360019828703, 12.9994146395325 ], [ 77.571319165735403, 13.0021138263232 ], [ 77.571291753544998, 13.003349778633501 ], [ 77.571354750157994, 13.0033493992528 ], [ 77.571485824114603, 13.003360045814199 ], [ 77.571729570698096, 13.003369576616601 ], [ 77.571973443152402, 13.0033910531253 ], [ 77.572064862680193, 13.0033961188139 ], [ 77.572176448243695, 13.003401629644999 ], [ 77.572179999697894, 13.0033382347913 ], [ 77.572185876343994, 13.003317270775 ], [ 77.572188520840996, 13.0032784189219 ], [ 77.572207741799602, 13.0028705144535 ], [ 77.572208513658595, 13.0028541372441 ], [ 77.572253596328594, 13.002204993661 ], [ 77.572250063001206, 13.001862201197399 ], [ 77.572531845696204, 13.0018653800159 ], [ 77.572557699994604, 13.0018651237386 ], [ 77.572555298907602, 13.0016322000566 ], [ 77.572559427391795, 13.001252707778001 ], [ 77.572567143087198, 13.001008398853999 ], [ 77.573536599992593, 13.0010167005659 ], [ 77.573723590011895, 13.001018302063301 ], [ 77.573809824677497, 13.001015987853 ], [ 77.573833609128798, 13.0005657851771 ], [ 77.573886465201397, 12.9997847855799 ], [ 77.573890197694098, 12.9996549947147 ], [ 77.573911290629297, 12.998921509725299 ], [ 77.574080926860105, 12.9989205025069 ], [ 77.574871211359394, 12.998915801441999 ], [ 77.575155020708806, 12.998924420116101 ], [ 77.575633096393503, 12.9989273002661 ], [ 77.576029486426094, 12.998923366902099 ], [ 77.576491937614605, 12.9989187772509 ], [ 77.576729228134397, 12.9989392862862 ], [ 77.576880905439594, 12.998949215522 ], [ 77.577048404567194, 12.9989856653988 ], [ 77.577180887650002, 12.999018649370599 ], [ 77.577605857234602, 12.999147821509 ], [ 77.578055935918599, 12.999224573239101 ], [ 77.578408029508495, 12.9992154142123 ], [ 77.578408665214695, 12.9991454009739 ], [ 77.5784143014085, 12.9991282400958 ], [ 77.578409351761593, 12.999093776820301 ], [ 77.578373903222399, 12.998854808576599 ], [ 77.578300763746995, 12.997811405519199 ], [ 77.579443850649696, 12.997767080871 ], [ 77.579422200051894, 12.9973469394084 ], [ 77.579610572251397, 12.997339540469 ], [ 77.579662898661098, 12.997335809691499 ], [ 77.579808314917003, 12.9973343647054 ], [ 77.579986718683301, 12.997335446692899 ], [ 77.580412957131102, 12.9973007852208 ], [ 77.580858104241699, 12.997268809846 ], [ 77.581043893201297, 12.997471658333801 ], [ 77.5816500969744, 12.9981335169233 ], [ 77.582047231182102, 12.998555693236799 ], [ 77.582502774320005, 12.9989690952019 ], [ 77.5829088496873, 12.9993007083868 ], [ 77.583283865032698, 12.999346475100101 ], [ 77.583610083959002, 12.999376007874501 ], [ 77.583877645477799, 12.9993897330174 ], [ 77.5840571819313, 12.9993807923536 ], [ 77.584169593579901, 12.9993376588075 ], [ 77.584219222437198, 12.999287996831301 ], [ 77.584235339355999, 12.999230471575 ], [ 77.584242167758106, 12.999082899909601 ], [ 77.584294994702205, 12.9984313490737 ], [ 77.584352055313602, 12.9977789312636 ], [ 77.585388780070403, 12.997686101113899 ], [ 77.586112551249698, 12.997614720866901 ], [ 77.586247993915705, 12.997604206210699 ], [ 77.586364647600206, 12.9975847105821 ], [ 77.5864392381676, 12.9975656312685 ], [ 77.586620754986797, 12.9974904843665 ], [ 77.586732299047497, 12.9974290223966 ], [ 77.586954995808995, 12.997267904883101 ], [ 77.587301054898603, 12.996983326321701 ], [ 77.587715220827306, 12.996655288128901 ], [ 77.588254080525701, 12.996332117263499 ], [ 77.589084938319701, 12.9959204739037 ], [ 77.589326832790405, 12.995808053779101 ], [ 77.589563571268897, 12.9956003018833 ], [ 77.589745892755602, 12.9953516230734 ], [ 77.590624930403195, 12.995379525343299 ], [ 77.591434796067205, 12.9954146603708 ], [ 77.591736352992996, 12.995427740638901 ], [ 77.592800968308097, 12.9954739205089 ], [ 77.593723690225005, 12.995507486707799 ], [ 77.594010153902801, 12.9954862915316 ], [ 77.594159711860399, 12.9954847973097 ], [ 77.594302721384096, 12.995452809799501 ], [ 77.594358616619303, 12.9954339179308 ], [ 77.594439434597106, 12.9954147743085 ], [ 77.594569789833898, 12.9953645797387 ], [ 77.594675473510605, 12.9953390794618 ], [ 77.594880418383298, 12.995269805996299 ], [ 77.595118658221693, 12.995168347286 ], [ 77.595159632437799, 12.9951508972089 ], [ 77.5956803546797, 12.994882897202601 ], [ 77.596116814497506, 12.994672061499401 ], [ 77.5961481258433, 12.9947855447595 ], [ 77.596136418721699, 12.994911683374299 ], [ 77.595961264203893, 12.9957723177103 ], [ 77.595880482618, 12.996348662340701 ], [ 77.595755240286493, 12.997242203935199 ], [ 77.595518798979597, 12.998108692001599 ], [ 77.595218722265102, 12.9990468396709 ], [ 77.594810622801404, 13.0004319384261 ], [ 77.5942342293731, 13.0022724841482 ], [ 77.593382972919599, 13.0051233782397 ], [ 77.593253352671695, 13.0055595152779 ], [ 77.593214739010406, 13.0056894472526 ], [ 77.593261549702603, 13.005668092904299 ], [ 77.593445039797004, 13.0060117109755 ], [ 77.593558467540305, 13.0061749242833 ], [ 77.593764038230404, 13.0065964420039 ], [ 77.594236284782497, 13.0076245516432 ], [ 77.594743973426006, 13.0092151326298 ], [ 77.594955830095202, 13.009102767454999 ], [ 77.595302201368497, 13.0099754657525 ], [ 77.595320674560298, 13.010044910211301 ], [ 77.5953276208853, 13.010143481010999 ], [ 77.595455253091203, 13.010467138463699 ], [ 77.595751847553103, 13.011302025367501 ], [ 77.595900973493798, 13.0112318521088 ], [ 77.596005165392, 13.0111828234543 ], [ 77.596204000222102, 13.011099452946601 ], [ 77.596605240635597, 13.010931217655401 ], [ 77.596913423790696, 13.010836029977501 ], [ 77.597322110875197, 13.0106208753933 ], [ 77.598104179924306, 13.0101832391525 ], [ 77.600254044820701, 13.009183133718 ], [ 77.600962435952795, 13.0088114665311 ], [ 77.601250648629303, 13.0086781006652 ], [ 77.6013376271505, 13.008635117840001 ], [ 77.601472577037001, 13.008568425862901 ], [ 77.602446096213001, 13.008101997257 ], [ 77.605266419498093, 13.0067139943953 ], [ 77.605140527370693, 13.0064395158956 ], [ 77.604942620073501, 13.0059788036006 ], [ 77.604605128718902, 13.006084441670099 ], [ 77.604591466496601, 13.006058321650301 ], [ 77.604561084211497, 13.0059441336586 ], [ 77.604531548623001, 13.0059039819646 ], [ 77.604341448558799, 13.0054492886725 ], [ 77.6041013777769, 13.005033130888 ], [ 77.604023433740707, 13.004825879321499 ], [ 77.603996417342003, 13.0047687864833 ], [ 77.603822891564107, 13.0044020662316 ], [ 77.603742919691499, 13.004243583751901 ], [ 77.603742046858798, 13.0041599442277 ], [ 77.603741702798999, 13.0041269744106 ], [ 77.603747789539199, 13.004084915734699 ], [ 77.6037849926077, 13.0038278797918 ], [ 77.603785609349998, 13.003705022021 ], [ 77.6037868611227, 13.003455405296799 ], [ 77.602593057848097, 13.0017377826931 ], [ 77.602567457669096, 13.0016755086716 ], [ 77.6025078404288, 13.001580299811399 ], [ 77.602434713920303, 13.001463508892799 ], [ 77.602335389807905, 13.001396239121901 ], [ 77.602266775682807, 13.001381822695 ], [ 77.602244538311197, 13.001377149082501 ], [ 77.602219107161304, 13.0013718046236 ], [ 77.602071306856502, 13.0013846651789 ], [ 77.602021666733293, 13.001393731878499 ], [ 77.601857067004303, 13.0014237903624 ], [ 77.601657444520896, 13.0014741466257 ], [ 77.601650607481005, 13.0014798859821 ], [ 77.601650568455995, 13.001476142566601 ], [ 77.601492595987096, 13.0014952869375 ], [ 77.601496201777294, 13.0014118381572 ], [ 77.601541050238893, 13.000989947413901 ], [ 77.601557170238905, 13.00081857532 ], [ 77.601569776847299, 13.000739428789601 ], [ 77.601578225770794, 13.000691053146101 ], [ 77.601595583036399, 13.000638198451 ], [ 77.601602736776996, 13.0005247013175 ], [ 77.6016751512675, 13.000540821686 ], [ 77.601773302050603, 13.0000788852456 ], [ 77.6018290242787, 12.9998412653153 ], [ 77.602194304594505, 12.9996663930742 ], [ 77.603273281377298, 12.999242912674999 ], [ 77.603835013035194, 12.999017777296899 ], [ 77.604383453564907, 12.998805946188501 ], [ 77.6046017411268, 12.998702785454199 ], [ 77.604699303428603, 12.998614004307999 ], [ 77.604752333031101, 12.998547625061301 ], [ 77.604822856445793, 12.998441554398701 ], [ 77.604871223891394, 12.998357659313401 ], [ 77.604944253628005, 12.9980627970772 ], [ 77.604991935701804, 12.9979130572203 ], [ 77.605009429552595, 12.997873372132499 ], [ 77.605067347252103, 12.9978464515433 ], [ 77.6051567815461, 12.997836774561501 ], [ 77.605877517761797, 12.997833927783899 ], [ 77.606257958371302, 12.997825721574101 ], [ 77.606356575623096, 12.997837899811 ], [ 77.606396999523199, 12.9978506658962 ], [ 77.606424132693903, 12.9978767310342 ], [ 77.606464830670106, 12.9979158337207 ], [ 77.606496531606595, 12.9979506351835 ], [ 77.606523848170994, 12.9979942619567 ], [ 77.606547653045993, 12.9981301131129 ], [ 77.606548350058901, 12.9982138048507 ], [ 77.606592614787502, 12.9985774407492 ], [ 77.606733580408999, 12.999515386753499 ], [ 77.606781617913299, 12.999545418411399 ], [ 77.606861680865094, 12.9995446143423 ], [ 77.607127897907802, 12.999479126333901 ], [ 77.608441813976697, 12.9990419336853 ], [ 77.608676346137003, 12.9989325834132 ], [ 77.608500863866993, 12.9986855809774 ], [ 77.608124593806195, 12.9980811070259 ], [ 77.607669029079005, 12.9974423315435 ], [ 77.606927206155007, 12.9963220092546 ], [ 77.605681273975804, 12.994473152972599 ], [ 77.605502013480304, 12.9942452863943 ], [ 77.604782921197, 12.9945857044271 ], [ 77.603557518261297, 12.995020366388299 ], [ 77.602407698810893, 12.99536040498 ], [ 77.601533853723197, 12.995547497913901 ], [ 77.600755517863405, 12.99571485819 ], [ 77.600602632587595, 12.9957398552396 ], [ 77.600502141308496, 12.9957408617651 ], [ 77.600430312687095, 12.9957368887681 ], [ 77.600387197412402, 12.995732625466299 ], [ 77.600310390517805, 12.995709931741199 ], [ 77.600257652492601, 12.9957010723764 ], [ 77.600214390649199, 12.995682735080401 ], [ 77.600161459012099, 12.9956551070778 ], [ 77.600046173077999, 12.995614023536101 ], [ 77.599868776678406, 12.995559805349201 ], [ 77.598663472219798, 12.9951914135239 ], [ 77.597174864448505, 12.994708846785899 ], [ 77.596837931832994, 12.9946115852077 ], [ 77.596571471133203, 12.994548099732899 ], [ 77.596531350346396, 12.9944767855996 ], [ 77.596635439712102, 12.994433321368399 ], [ 77.597405866253595, 12.994205603308 ], [ 77.598525955890807, 12.993814156419401 ], [ 77.599163444874804, 12.993591362362199 ], [ 77.600687328987803, 12.992941064753399 ], [ 77.601231693486895, 12.9927329328317 ], [ 77.601505237962797, 12.992658456863101 ], [ 77.601870029257299, 12.9925651334029 ], [ 77.602095309181607, 12.9925389643142 ], [ 77.6022903007092, 12.992531032498499 ], [ 77.602534113087799, 12.992528589274301 ], [ 77.602836314415597, 12.992549118409601 ], [ 77.603834349974704, 12.992774558518001 ], [ 77.603903085270204, 12.992810815890699 ], [ 77.6038689149823, 12.992727278899 ], [ 77.604105299347907, 12.992222851584801 ], [ 77.604185277043001, 12.9921826285756 ], [ 77.6043637298189, 12.992123501276 ], [ 77.6044114019668, 12.992112310371001 ], [ 77.604454266614397, 12.992099409601 ], [ 77.604489216224096, 12.9920611133692 ], [ 77.604545945065098, 12.992007672296999 ], [ 77.604572212058201, 12.9919413168696 ], [ 77.604648496046295, 12.9917454278841 ], [ 77.604797216503002, 12.991574481474601 ], [ 77.604893206266595, 12.991430108779999 ], [ 77.604996640116198, 12.991252384587501 ], [ 77.605102029635006, 12.9910733316972 ], [ 77.605211461662904, 12.990701480445701 ], [ 77.6052649449081, 12.9905311404528 ], [ 77.605280081545999, 12.9903319122698 ], [ 77.605295992074005, 12.9901830324158 ], [ 77.605602798924707, 12.9901832225463 ], [ 77.606060669557905, 12.990172074640901 ], [ 77.606461985334306, 12.9901877181006 ], [ 77.606600582996293, 12.990212167940699 ], [ 77.6066026504229, 12.9902125329559 ], [ 77.606730045621703, 12.9902473128863 ], [ 77.6069210187637, 12.990288013511901 ], [ 77.607105616863805, 12.990358284749201 ], [ 77.607118683883201, 12.990520412388999 ], [ 77.607164291035403, 12.9915525091285 ], [ 77.6072221146907, 12.9929402464709 ], [ 77.607240887177795, 12.993354427465 ], [ 77.607286112550696, 12.9934816029581 ], [ 77.607401044130796, 12.993592024666601 ], [ 77.607675569082105, 12.9935820054068 ], [ 77.608173905937804, 12.993536238133199 ], [ 77.608298595833503, 12.993534985735501 ], [ 77.608435039822197, 12.993521968264 ], [ 77.608500232964701, 12.993509666454701 ], [ 77.608571301322698, 12.993491483945901 ], [ 77.608630372245003, 12.993461773189701 ], [ 77.608707319459498, 12.9934377081194 ], [ 77.608790020191705, 12.9933961148138 ], [ 77.608978623699599, 12.9932602856023 ], [ 77.609709474977393, 12.992734674027799 ], [ 77.609784967764099, 12.9926781389137 ], [ 77.609863861926797, 12.9926190571801 ], [ 77.610316364268797, 12.992280185794201 ], [ 77.611047754599198, 12.991806973563399 ], [ 77.611278225558195, 12.9916998376795 ], [ 77.611691968757398, 12.991515159139899 ], [ 77.611780788696393, 12.991490972115299 ], [ 77.6118991159247, 12.9914490197473 ], [ 77.611976242894499, 12.991442422439199 ], [ 77.612112502490405, 12.9914119347472 ], [ 77.612355454340502, 12.9913629052893 ], [ 77.612503467622602, 12.9913206540774 ], [ 77.612592409200204, 12.991308114296601 ], [ 77.612799248483796, 12.991212859172901 ], [ 77.612876073491606, 12.991177147376099 ], [ 77.613053225414205, 12.9910821934578 ], [ 77.6132480059714, 12.9909695935164 ], [ 77.613696825233006, 12.990732148258999 ], [ 77.613913862581995, 12.990591721725 ], [ 77.615004093454004, 12.989993126863199 ], [ 77.616247399804294, 12.989299290258099 ], [ 77.616715310406093, 12.989014481903901 ], [ 77.617121061854306, 12.9887305792058 ], [ 77.617121471566506, 12.988730292307901 ], [ 77.617253825529701, 12.9886255254982 ], [ 77.617677736606296, 12.988289971428999 ], [ 77.6182663116101, 12.987757213344601 ], [ 77.618344066445601, 12.987703090961199 ], [ 77.618584127447704, 12.9875210166991 ], [ 77.618805101645194, 12.987336022404 ], [ 77.619326451866598, 12.987219675926999 ], [ 77.619329463896804, 12.9872772790805 ], [ 77.619326150552197, 12.9872773124868 ], [ 77.619326176970603, 12.9872779870734 ], [ 77.619332758827596, 12.9874475382569 ], [ 77.619407290556097, 12.988249278048499 ], [ 77.619498688669594, 12.988889032013001 ], [ 77.619521512459201, 12.9895463297444 ], [ 77.619527449002305, 12.990112417083701 ], [ 77.619473305485698, 12.9906033949351 ], [ 77.619446162617095, 12.990773894174 ], [ 77.619368952166894, 12.9912934566283 ], [ 77.619338060365394, 12.991500470062 ], [ 77.619302695291097, 12.991675104062899 ], [ 77.619181861742106, 12.9919762446163 ], [ 77.618943436557799, 12.9924933793286 ], [ 77.618505701100901, 12.993316494933 ], [ 77.618117342660895, 12.994118847862399 ], [ 77.617804866604203, 12.994669151642601 ], [ 77.617532698085697, 12.9951217787894 ], [ 77.617221759900104, 12.9954248345816 ], [ 77.616942523535599, 12.9955978731128 ], [ 77.616910491606703, 12.9956206133963 ], [ 77.616707164883906, 12.9957259749198 ], [ 77.6168281780418, 12.9957805160882 ], [ 77.616862178246606, 12.995797456705599 ], [ 77.616931654308999, 12.9961102887839 ], [ 77.617176383312099, 12.9967958816675 ], [ 77.617484538276699, 12.997507380597201 ], [ 77.617577242902399, 12.997681095567099 ], [ 77.617663177839702, 12.9978989754793 ], [ 77.617891268947702, 12.998335043566801 ], [ 77.617901641443197, 12.9983548773943 ], [ 77.617975951280897, 12.9983718575546 ], [ 77.618295103569395, 12.9984578041704 ], [ 77.618735251700798, 12.998651959784601 ], [ 77.618930935352793, 12.998787788336999 ], [ 77.619097643169695, 12.9989198527234 ], [ 77.619215017128994, 12.999076735661699 ], [ 77.619450107580704, 12.999422919659301 ], [ 77.620165437661996, 12.999958496763499 ], [ 77.620752330090298, 12.999450305746 ], [ 77.622042339310198, 12.9983146029042 ], [ 77.623701034884306, 12.996867145378999 ], [ 77.624376272782897, 12.996228059122201 ], [ 77.624622356107096, 12.996047241295001 ], [ 77.624975375610703, 12.995816704188099 ], [ 77.625394432417195, 12.9955773935473 ], [ 77.626056499177494, 12.995258622269001 ], [ 77.626834663364306, 12.994975149448001 ], [ 77.627420043576905, 12.994831426459699 ], [ 77.628447226078805, 12.994646752399101 ], [ 77.629081944432798, 12.9945133267898 ], [ 77.629091085775499, 12.9944795243628 ], [ 77.629081388896196, 12.994440178728199 ], [ 77.629051186624594, 12.9943631191392 ], [ 77.628790844996004, 12.994173097151201 ], [ 77.629112444836295, 12.9942587430729 ], [ 77.630209820389297, 12.994090506803101 ], [ 77.631142104733499, 12.9939130077667 ], [ 77.631930294179597, 12.9937732154249 ], [ 77.633388759033295, 12.993465157319401 ], [ 77.634092807409004, 12.9933130296053 ], [ 77.634371504186504, 12.9932937261093 ], [ 77.634760695671403, 12.9932370547433 ], [ 77.635347287760098, 12.9930992953753 ], [ 77.635696019679202, 12.9930298534921 ], [ 77.636983396042595, 12.9927498754162 ], [ 77.637163180297705, 12.9927230209036 ], [ 77.637295166453697, 12.9936007446322 ], [ 77.637475842934194, 12.9936129593403 ], [ 77.637939168548996, 12.993598800640999 ], [ 77.637979259755596, 12.993802711044699 ], [ 77.638057608216201, 12.994201198375 ], [ 77.637845133075999, 12.9942320301201 ], [ 77.637854555053806, 12.9943439457853 ], [ 77.637922610733995, 12.995131186132401 ], [ 77.639420378430202, 12.995019304271 ], [ 77.640048804501305, 12.9949829177698 ], [ 77.640113483130307, 12.994992259893399 ], [ 77.640368166947198, 12.9949696696738 ], [ 77.6404052076401, 12.9950775071664 ], [ 77.640557972050303, 12.995500628096901 ], [ 77.640664360318297, 12.995834486398399 ], [ 77.640980013274003, 12.9956142603135 ], [ 77.641199349462894, 12.995425995043201 ], [ 77.641296199147106, 12.995839643637201 ], [ 77.642714965036504, 12.9958616594367 ], [ 77.642615778046107, 12.995982021043099 ], [ 77.642210356735504, 12.9965461879017 ], [ 77.641539351315899, 12.997580431271199 ], [ 77.640956424727506, 12.9984435540874 ], [ 77.640393347724796, 12.999425022527101 ], [ 77.639900586498399, 13.000314584864199 ], [ 77.639617511000097, 13.0008068547601 ], [ 77.639486482670307, 13.0010209659844 ], [ 77.639138442881006, 13.001526054342801 ], [ 77.638830182785298, 13.001982104137699 ], [ 77.638732669531393, 13.002141157932799 ], [ 77.638668768902306, 13.002254276951399 ], [ 77.638612097118894, 13.002464591077 ], [ 77.638542511019594, 13.002626402656199 ], [ 77.638496755301304, 13.0026967814201 ], [ 77.638447646347799, 13.002742875536899 ], [ 77.638333670552299, 13.002810908837001 ], [ 77.637942024017505, 13.003003351394399 ], [ 77.637014239861102, 13.0035021701494 ], [ 77.636663761854194, 13.0036977892241 ], [ 77.636487271534904, 13.003796298373601 ], [ 77.636323991360101, 13.003892186138099 ], [ 77.636248014875093, 13.003944187462 ], [ 77.636300254570301, 13.0039927396425 ], [ 77.6364316226814, 13.0041038725702 ], [ 77.636456740461895, 13.004134015144301 ], [ 77.636457379475999, 13.0041351144197 ], [ 77.636466071990796, 13.004136959385701 ], [ 77.636900761934598, 13.0044973065436 ], [ 77.637502944367199, 13.005159919665999 ], [ 77.637571904138795, 13.005232170381101 ], [ 77.637728006819202, 13.0053369728671 ], [ 77.638024072502503, 13.005485947898601 ], [ 77.638111019850598, 13.0055002627057 ], [ 77.638305968578806, 13.005467882651001 ], [ 77.638476444750395, 13.0054661490679 ], [ 77.638731026521697, 13.0055030766913 ], [ 77.639075816251804, 13.005569483313201 ], [ 77.639374272343701, 13.0056515578492 ], [ 77.639934249013706, 13.005840398510101 ], [ 77.640263994197895, 13.005949514888799 ], [ 77.640474925905593, 13.005990569844601 ], [ 77.640531131884401, 13.006001508055601 ], [ 77.640913087073201, 13.006064494704299 ], [ 77.641125625090396, 13.006088617437699 ], [ 77.641822445400805, 13.0061677037365 ], [ 77.6425319948262, 13.0062388295476 ], [ 77.642675820428195, 13.006253243639099 ], [ 77.643181786973301, 13.0063180025713 ], [ 77.643662701049706, 13.0063586971142 ], [ 77.644279866106501, 13.0063858422696 ], [ 77.644869359219001, 13.006434549425499 ], [ 77.6451267201479, 13.006441044476601 ], [ 77.645464277406504, 13.006410245861099 ], [ 77.645523299070803, 13.0064218019553 ], [ 77.645536827404896, 13.006528052820601 ], [ 77.645662838778705, 13.0067182685559 ], [ 77.645701371774294, 13.0068007814372 ], [ 77.6457037284829, 13.0068037386201 ], [ 77.645704100662101, 13.0068090350674 ], [ 77.645814904309702, 13.0070267634048 ], [ 77.645956546096301, 13.007228977435201 ], [ 77.646103933616104, 13.0073885772286 ], [ 77.646188459789997, 13.0074667470665 ], [ 77.646274002860594, 13.007519447813101 ], [ 77.646702255220703, 13.0080569074445 ], [ 77.647245855355905, 13.0077903218206 ], [ 77.647462018141297, 13.0077121246771 ], [ 77.647656547440505, 13.007640226238999 ], [ 77.647715859802702, 13.0076234184263 ], [ 77.648033024950394, 13.0075067179217 ], [ 77.648020253785603, 13.0076229014522 ], [ 77.648090453299005, 13.0076327591281 ], [ 77.648263931688703, 13.0076218692948 ], [ 77.6488740593757, 13.0075700427819 ], [ 77.649543079352696, 13.0075176151859 ], [ 77.649682267568195, 13.007488836882001 ], [ 77.6498954573524, 13.007422826164101 ], [ 77.650268017754698, 13.0071849665544 ], [ 77.650489891953001, 13.0070611144004 ], [ 77.6506686648071, 13.0069650573154 ], [ 77.6507921301057, 13.0069151596536 ], [ 77.650999410058404, 13.0068765660832 ], [ 77.651358247069098, 13.0068060278291 ], [ 77.651528170358304, 13.0067526160255 ], [ 77.651540311092901, 13.006728173439701 ], [ 77.651413812149798, 13.0064923720028 ], [ 77.651252441416801, 13.006183976731 ], [ 77.6512360227686, 13.0061252539672 ], [ 77.651298221215995, 13.0061166350399 ], [ 77.651681883976707, 13.0060488836735 ], [ 77.652467774894205, 13.0059101441955 ], [ 77.652873198865507, 13.005848244024 ], [ 77.652941580721105, 13.005865782520999 ], [ 77.6529916252113, 13.0059078260823 ], [ 77.653132363384302, 13.006024935713601 ], [ 77.653636141258303, 13.006466611093 ], [ 77.654011478451196, 13.006781936108 ], [ 77.654527735970206, 13.007280103474701 ], [ 77.654729486625399, 13.0075466638115 ], [ 77.655472716556503, 13.0083506430729 ], [ 77.655819511370893, 13.008736882091799 ], [ 77.655943280053904, 13.008874724594699 ], [ 77.656046827126403, 13.0089922128714 ], [ 77.656131355466499, 13.0090703760512 ], [ 77.656447064015694, 13.0093163951087 ], [ 77.657496871562998, 13.0100898716071 ], [ 77.657893918593402, 13.0103578529367 ], [ 77.657912028027198, 13.010359186855499 ], [ 77.658355275406294, 13.010646448280401 ], [ 77.658564275174001, 13.010768934100099 ], [ 77.658894708477803, 13.010941845090001 ], [ 77.659312483088101, 13.0111655357041 ], [ 77.660003633349802, 13.011444174466099 ], [ 77.660996386807795, 13.011807863805 ], [ 77.661512893915599, 13.011987982099299 ], [ 77.661868256991596, 13.012172792349601 ], [ 77.662099152948898, 13.012313287589 ], [ 77.662170765549803, 13.0123429478251 ], [ 77.662276340096199, 13.0123874444234 ], [ 77.662292656216195, 13.012388983415899 ], [ 77.662344349656607, 13.0118448851232 ], [ 77.662371353497605, 13.011260947047299 ], [ 77.662427333655202, 13.010561165488699 ], [ 77.662431356776494, 13.0105154145678 ], [ 77.662475829800499, 13.0100095965138 ], [ 77.662497472624807, 13.0095904480768 ], [ 77.662510882774995, 13.009330767976 ], [ 77.6625320697446, 13.0090038790979 ], [ 77.662552390042606, 13.0086903882304 ], [ 77.662587553596197, 13.008304870558799 ], [ 77.662646094755601, 13.007845044160799 ], [ 77.662754824466205, 13.007275080116299 ], [ 77.662850616055806, 13.0066252557134 ], [ 77.662998383962602, 13.005749729338 ], [ 77.663126397287499, 13.005004765541299 ], [ 77.663129105364106, 13.004979865673601 ], [ 77.663178274980893, 13.0045280862923 ], [ 77.6631841798729, 13.004473842294599 ], [ 77.663233166644702, 13.003685247525199 ], [ 77.663260169499296, 13.003101309622499 ], [ 77.663274894461694, 13.0030656083803 ], [ 77.663384676972498, 13.001545159635199 ], [ 77.663444246877503, 13.0002488942032 ], [ 77.663559923169501, 12.998707321677101 ], [ 77.663600121362094, 12.9983470040144 ], [ 77.663743534405697, 12.998028819117501 ], [ 77.663856830906298, 12.997813560859999 ], [ 77.663961207844594, 12.997644152506901 ], [ 77.663961225968706, 12.997644124315901 ], [ 77.663968259464099, 12.997632708299999 ], [ 77.664037433849003, 12.9975224545503 ], [ 77.664042099767101, 12.9975150124405 ], [ 77.663689858557504, 12.9973350170311 ], [ 77.663381362107501, 12.9971773755746 ], [ 77.662909932387393, 12.9968948204386 ], [ 77.662785639442703, 12.9968279310638 ], [ 77.6632196625917, 12.9960924220537 ], [ 77.663331738078995, 12.9959054589758 ], [ 77.663363128746695, 12.9958517738244 ], [ 77.663606991252607, 12.995436169029601 ], [ 77.6637994013129, 12.9951141066422 ], [ 77.663804333954801, 12.995105848756999 ], [ 77.664065246977401, 12.9946758865708 ], [ 77.664126177784695, 12.994567382459699 ], [ 77.664128330295497, 12.994563544464601 ], [ 77.664129686341198, 12.9945611257331 ], [ 77.66419027437, 12.994453223176 ], [ 77.664690662928393, 12.993611255472601 ], [ 77.664866345344905, 12.993336996418201 ], [ 77.665122688345093, 12.992931269784799 ], [ 77.665204622021704, 12.9928015851156 ], [ 77.665560369921806, 12.9923535704167 ], [ 77.665700813209696, 12.9921867060689 ], [ 77.666067032936795, 12.991790479435799 ], [ 77.666365150276704, 12.9915214501621 ], [ 77.666565087250405, 12.991350732459599 ], [ 77.666873472109799, 12.991114032540301 ], [ 77.667080268143394, 12.990965949829 ], [ 77.667214336051103, 12.990873215432901 ], [ 77.667821307556807, 12.99051092376 ], [ 77.667944820897802, 12.990406237296201 ], [ 77.668316017162596, 12.9902154098124 ], [ 77.668123038722698, 12.990014974361101 ], [ 77.668173440955698, 12.989985198664201 ], [ 77.667984070976303, 12.9897929332407 ], [ 77.667867348502895, 12.9897769859052 ], [ 77.667785321764896, 12.9897549149446 ], [ 77.667698958345994, 12.9896908738411 ], [ 77.667550220355594, 12.989420227591401 ], [ 77.667451579006595, 12.9889778010677 ], [ 77.667415687063098, 12.988548373921899 ], [ 77.667423189861594, 12.9879479464228 ], [ 77.667410042859302, 12.987368198949699 ], [ 77.667450922945093, 12.986310344368199 ], [ 77.667445114474006, 12.9860920971885 ], [ 77.667446140100495, 12.986037507695601 ], [ 77.667468841977097, 12.9860338634308 ], [ 77.6677289236994, 12.985959560873299 ], [ 77.667824889511706, 12.9858255438126 ], [ 77.667934143779704, 12.985633400152601 ], [ 77.667954754515705, 12.985609312028901 ], [ 77.667973580964798, 12.985579537346499 ], [ 77.667992867591593, 12.9855952759234 ], [ 77.668055800603895, 12.9856253303283 ], [ 77.668239342187505, 12.985725304892799 ], [ 77.668283213439693, 12.9857492023843 ], [ 77.668284715927498, 12.985750583587601 ], [ 77.668416544360795, 12.9858228790702 ], [ 77.668419656754807, 12.9858228471043 ], [ 77.668573488623593, 12.985896310426901 ], [ 77.668605466810007, 12.9859111118658 ], [ 77.668804197830994, 12.9860030939707 ], [ 77.668839992103401, 12.9860155227326 ], [ 77.669166484407498, 12.9861288724648 ], [ 77.669233628251106, 12.9861521810599 ], [ 77.669258669125099, 12.986156653009999 ], [ 77.669353612414795, 12.986173614246599 ], [ 77.669432271849402, 12.9861876631201 ], [ 77.669481707382403, 12.9861897524108 ], [ 77.669796775815698, 12.9862030567967 ], [ 77.6698220234953, 12.9862041226123 ], [ 77.669936760640695, 12.986199532344701 ], [ 77.669999001329899, 12.9861950289371 ], [ 77.670164787701594, 12.986183026537599 ], [ 77.670211336792505, 12.9861796572952 ], [ 77.670551738168001, 12.9861352244023 ], [ 77.670843339798296, 12.986081061029999 ], [ 77.670999198276505, 12.986046489766499 ], [ 77.671171576372998, 12.986222320927499 ], [ 77.671295699983204, 12.986175212479599 ], [ 77.671497053692605, 12.986066204121199 ], [ 77.671705421283093, 12.9859705559152 ], [ 77.672021566688599, 12.986044057919599 ], [ 77.672139636630305, 12.986089531319401 ], [ 77.672199357961404, 12.9861125314997 ], [ 77.672619360210405, 12.986274283717901 ], [ 77.672710040503304, 12.986307115689799 ], [ 77.673025217467796, 12.986431605960099 ], [ 77.6731225282781, 12.986468536848699 ], [ 77.673505940870896, 12.9866140515936 ], [ 77.6737318373536, 12.9866997812791 ], [ 77.674481371263496, 12.986623785094199 ], [ 77.674888144929497, 12.9864312938208 ], [ 77.675702550169603, 12.9859368617446 ], [ 77.676507518679202, 12.9854518721703 ], [ 77.676647063498095, 12.9853611201696 ], [ 77.676776550231807, 12.9852519289615 ], [ 77.676800953316302, 12.9852274868498 ], [ 77.676808770090204, 12.9851897796496 ], [ 77.6768307793471, 12.985197617371201 ], [ 77.676850018622602, 12.985202793363801 ], [ 77.676903664744998, 12.9851942412388 ], [ 77.677018650975398, 12.9851194609129 ], [ 77.677587461848702, 12.9848331890308 ], [ 77.677928547521503, 12.9846427331406 ], [ 77.678202921990106, 12.984452964510901 ], [ 77.678487226270406, 12.9843004814393 ], [ 77.678628475712998, 12.9841401256007 ], [ 77.679075295379604, 12.984032703828399 ], [ 77.679807159642706, 12.9836641293669 ], [ 77.679808303110704, 12.983639243066801 ], [ 77.679811032010306, 12.983634207501 ], [ 77.679880196916002, 12.9835579772465 ], [ 77.6799718112932, 12.983466223978899 ], [ 77.6800630820359, 12.9833426916026 ], [ 77.680088076812794, 12.983301060927101 ], [ 77.680144857626502, 12.9832064915123 ], [ 77.680252702495594, 12.9830455455173 ], [ 77.680302690627798, 12.9829671443355 ], [ 77.6803621639135, 12.9828738633506 ], [ 77.680370416926607, 12.982848711307801 ], [ 77.680402581154695, 12.982750649468599 ], [ 77.680398188700394, 12.982665420459201 ], [ 77.680391085461693, 12.982628227597401 ], [ 77.680376077063599, 12.9825496720219 ], [ 77.680347011341098, 12.9824339971094 ], [ 77.680257578142403, 12.982130901335999 ], [ 77.680105179246596, 12.9816144283956 ], [ 77.679939494821696, 12.9810840130827 ], [ 77.679856356736906, 12.980791520045299 ], [ 77.679818963418597, 12.9806253344507 ], [ 77.679808877955693, 12.9805805251957 ], [ 77.679803557483297, 12.980551847212899 ], [ 77.679684495519297, 12.979910084595399 ], [ 77.679642761213699, 12.979685131048299 ], [ 77.679577233367397, 12.979412924040901 ], [ 77.679427404078695, 12.978739082161701 ], [ 77.679379452101998, 12.9784837469089 ], [ 77.679333551783699, 12.9780953598768 ], [ 77.6793003920194, 12.9775976889816 ], [ 77.679291210863795, 12.9774635966705 ], [ 77.679281322414894, 12.9773192013869 ], [ 77.679263279539001, 12.977055713734501 ], [ 77.679263298394503, 12.9770504242589 ], [ 77.679263439547498, 12.9770116741892 ], [ 77.679264162609499, 12.976813518787701 ], [ 77.679314209763007, 12.976615163120499 ], [ 77.679323439309599, 12.976502504331 ], [ 77.679325892075397, 12.9764069693605 ], [ 77.679305762267703, 12.9762982438129 ], [ 77.679300050187706, 12.976267382741201 ], [ 77.678734225965897, 12.9747484712003 ], [ 77.6784037496612, 12.973769495832 ], [ 77.678260771216301, 12.9733575016822 ], [ 77.678235072287507, 12.9732834516605 ], [ 77.678219347532405, 12.9731920226812 ], [ 77.678191781243399, 12.9730317534716 ], [ 77.678186198897805, 12.9730325950961 ], [ 77.678122147392799, 12.9728070656732 ], [ 77.678104066993598, 12.9727424425196 ], [ 77.677683916806103, 12.972808167179901 ], [ 77.676672857928594, 12.973017785564201 ], [ 77.676300668665306, 12.9730949481315 ], [ 77.675975586848196, 12.9731777305081 ], [ 77.675846283934504, 12.9731985289057 ], [ 77.675547891072597, 12.973246520684 ], [ 77.6749539741446, 12.973375314394101 ], [ 77.674588342289596, 12.973472147942999 ], [ 77.674435331691996, 12.9735177895167 ], [ 77.674066675753807, 12.97364130057 ], [ 77.673870818308401, 12.973706917191 ], [ 77.673481417558904, 12.9738222637587 ], [ 77.673288866169401, 12.9738793009065 ], [ 77.672819068231107, 12.974042563738999 ], [ 77.672360541232294, 12.974201903141299 ], [ 77.671403341164805, 12.974513518587299 ], [ 77.671246271672203, 12.974558588608801 ], [ 77.671036356995799, 12.974618820860799 ], [ 77.670649335859594, 12.974732791375301 ], [ 77.670460184566394, 12.974804490713399 ], [ 77.669884579315607, 12.9750226790859 ], [ 77.669441869512099, 12.975177434922999 ], [ 77.669211266288102, 12.975258041832101 ], [ 77.669143029820404, 12.975287158312099 ], [ 77.668933571178599, 12.975376528501901 ], [ 77.668798871758995, 12.9754202166797 ], [ 77.668536248375005, 12.9754615427836 ], [ 77.668261988899602, 12.975504697257 ], [ 77.667958577957506, 12.975552148975 ], [ 77.667914586638403, 12.9755590297742 ], [ 77.667849277914797, 12.9755622113146 ], [ 77.667528947062905, 12.9755778219603 ], [ 77.667474808077998, 12.9755804615094 ], [ 77.667353717091103, 12.975569971515601 ], [ 77.667304673262393, 12.9755657219289 ], [ 77.667212862689894, 12.9755577672172 ], [ 77.666936297967496, 12.9755126578101 ], [ 77.666784583520396, 12.9754661176163 ], [ 77.666784736002, 12.975464263205801 ], [ 77.666626594936503, 12.9754180959753 ], [ 77.666605057958606, 12.975409094178699 ], [ 77.666385607255194, 12.9753308890825 ], [ 77.666484234796798, 12.9745604917149 ], [ 77.666603421049004, 12.9745529900141 ], [ 77.667018164023503, 12.974488820166499 ], [ 77.667041827261897, 12.974421320308901 ], [ 77.667032719322606, 12.974338097071699 ], [ 77.6668397532207, 12.973388963298399 ], [ 77.666900701280497, 12.9733793576811 ], [ 77.666872593391801, 12.9733197712587 ], [ 77.666831923102905, 12.9732273833971 ], [ 77.666786043609505, 12.9732188733235 ], [ 77.666713950083803, 12.9732325843653 ], [ 77.666642873910106, 12.9732472841023 ], [ 77.666547701102004, 12.9729099695241 ], [ 77.666811683212401, 12.9727605696733 ], [ 77.666938698957296, 12.972648501950999 ], [ 77.666525175412701, 12.9725150300093 ], [ 77.666516529804696, 12.972276316363301 ], [ 77.666507971466004, 12.971894478166799 ], [ 77.666144367898795, 12.971450271131101 ], [ 77.666039783423102, 12.9714864822945 ], [ 77.6654281147501, 12.9717239584888 ], [ 77.6654116910683, 12.971768951116101 ], [ 77.665345187094104, 12.971890960409199 ], [ 77.665037789183302, 12.971833488706499 ], [ 77.664586463808106, 12.971749336243899 ], [ 77.664199076971798, 12.971677155538799 ], [ 77.663832748843703, 12.9716079312246 ], [ 77.663540124548405, 12.971587123930099 ], [ 77.663126104100996, 12.971535042775599 ], [ 77.663037841298802, 12.9715478523112 ], [ 77.662921517826206, 12.971561735078501 ], [ 77.662817669279093, 12.971578973542901 ], [ 77.662801752929397, 12.9715821962828 ], [ 77.662527816364701, 12.9716561942684 ], [ 77.662253654166705, 12.9717351503019 ], [ 77.662191071619802, 12.971758656624401 ], [ 77.661897577167196, 12.9718688859352 ], [ 77.661720598085793, 12.971959541218499 ], [ 77.661656169697395, 12.971985584071801 ], [ 77.661654384995401, 12.971985197618 ], [ 77.661550665693198, 12.9721063820338 ], [ 77.661557876209898, 12.971921698569799 ], [ 77.661546575674095, 12.9718828437545 ], [ 77.661544461417193, 12.971824906561 ], [ 77.661540399652907, 12.971747212270101 ], [ 77.661525265810596, 12.9716934284011 ], [ 77.661498999703198, 12.9716572056349 ], [ 77.661481054937795, 12.971643112988801 ], [ 77.6614517538992, 12.971625961134899 ], [ 77.661441022259297, 12.971619101295101 ], [ 77.661427322773207, 12.9716103466998 ], [ 77.661407863726396, 12.971605785860801 ], [ 77.6613236688722, 12.971598715648099 ], [ 77.661087361040302, 12.971586334267499 ], [ 77.661018463568695, 12.971587039205 ], [ 77.660906825583297, 12.9715811674835 ], [ 77.660571553973199, 12.971563531291601 ], [ 77.660511745986, 12.9715603850018 ], [ 77.660057166847594, 12.9715523005531 ], [ 77.659745482039199, 12.9715491193133 ], [ 77.659560755706906, 12.971537761035799 ], [ 77.658570406389103, 12.9715435275023 ], [ 77.658687022559803, 12.971325719957299 ], [ 77.658784839497102, 12.971132768993201 ], [ 77.658332510925206, 12.971081509611301 ], [ 77.657679373805806, 12.9707929302085 ], [ 77.657634845045806, 12.9700506631417 ], [ 77.657513168167398, 12.969283329052899 ], [ 77.657381187986601, 12.968887836485299 ], [ 77.657332889221294, 12.968472270169499 ], [ 77.657287178811103, 12.9683005737679 ], [ 77.658105540599806, 12.968220478264399 ], [ 77.658668027773999, 12.967428375652499 ], [ 77.6587546188657, 12.9673125873045 ], [ 77.658753113254903, 12.9671708838654 ], [ 77.659488531554601, 12.9670413613189 ], [ 77.659680200683297, 12.9670453408424 ], [ 77.659925213900095, 12.9670121603626 ], [ 77.6615452736024, 12.966823457038 ], [ 77.6616225492468, 12.966831061700599 ], [ 77.661962352853905, 12.9662822154724 ], [ 77.661778863426093, 12.9660096887058 ], [ 77.661717194605004, 12.965819241598901 ], [ 77.6616624834693, 12.9656774946454 ], [ 77.661626454803596, 12.965512106336201 ], [ 77.661586240589799, 12.9654696228947 ], [ 77.661538366308704, 12.965454512853601 ], [ 77.661447176228094, 12.965478843453401 ], [ 77.6613672067529, 12.9654367684193 ], [ 77.661287734818302, 12.965441480312901 ], [ 77.661208388123498, 12.965460136551201 ], [ 77.661125071592295, 12.965140353453201 ], [ 77.660711914556103, 12.965230080973299 ], [ 77.660527731944896, 12.964989708095301 ], [ 77.660860169550801, 12.9649115215066 ], [ 77.660862544245703, 12.9648108467703 ], [ 77.660862585367695, 12.9648091696553 ], [ 77.660899538461393, 12.9646332221671 ], [ 77.661063406893504, 12.964333626912801 ], [ 77.661112660814993, 12.9641637698716 ], [ 77.661603729897195, 12.964261470284301 ], [ 77.661842711925701, 12.9643064935292 ], [ 77.661844142022005, 12.9637578370067 ], [ 77.661801231163594, 12.9631383853757 ], [ 77.661768913527098, 12.962832331800501 ], [ 77.661716549873702, 12.9626903646725 ], [ 77.661619766752494, 12.9624704745098 ], [ 77.661544170941298, 12.9621933627178 ], [ 77.661531932935901, 12.9621477012992 ], [ 77.661456470134993, 12.9621443842682 ], [ 77.661311184264804, 12.962145869966699 ], [ 77.661166128351098, 12.9621687292794 ], [ 77.660977637565097, 12.9622122577484 ], [ 77.660975474952096, 12.9622027418526 ], [ 77.6609314931044, 12.9620091204558 ], [ 77.660930304539207, 12.9620042371292 ], [ 77.660914154093305, 12.9619378963747 ], [ 77.6608441052133, 12.9616185671021 ], [ 77.659992640324006, 12.9617330091637 ], [ 77.659992110528506, 12.961733081429401 ], [ 77.6599644714818, 12.961631217353901 ], [ 77.659952068398894, 12.961585506898199 ], [ 77.659856337228703, 12.961253326838101 ], [ 77.659795840579505, 12.961076837719499 ], [ 77.660208153271299, 12.9608959854662 ], [ 77.659918416679005, 12.960293305170101 ], [ 77.659838510633406, 12.9602941217208 ], [ 77.659817162584204, 12.960192381200001 ], [ 77.6598131833466, 12.9601602963257 ], [ 77.659780327680295, 12.9599226631427 ], [ 77.659773945057694, 12.959877897513 ], [ 77.659728881725997, 12.9595619312146 ], [ 77.659710854112106, 12.959435532964701 ], [ 77.659710141282304, 12.9594299066926 ], [ 77.659701966951502, 12.9593654383039 ], [ 77.659693036915002, 12.9592950351194 ], [ 77.659692766385604, 12.9592928932297 ], [ 77.659687904753497, 12.9592545622722 ], [ 77.659666965918106, 12.959063676169301 ], [ 77.6597810593791, 12.9590778599734 ], [ 77.659804809695601, 12.9590821550409 ], [ 77.659820447874594, 12.959084980966001 ], [ 77.659930567704805, 12.959104889447399 ], [ 77.660471561826895, 12.959211207145 ], [ 77.660763864583302, 12.9592618737835 ], [ 77.660773309921794, 12.959263116064101 ], [ 77.6610190886949, 12.9592954231262 ], [ 77.661132629506795, 12.9593005879735 ], [ 77.661136505547105, 12.959300763356 ], [ 77.661138552293394, 12.9593007677271 ], [ 77.661275457408607, 12.959297219844601 ], [ 77.661290157904702, 12.959296838285001 ], [ 77.661599170136498, 12.959263931118601 ], [ 77.662105355776205, 12.9591997211196 ], [ 77.662131505204997, 12.959195836519999 ], [ 77.662235297191302, 12.9591804084206 ], [ 77.662286741611098, 12.9591727599535 ], [ 77.662726866154301, 12.9591005193536 ], [ 77.662745068592898, 12.959097532650199 ], [ 77.662757760614198, 12.9590949446973 ], [ 77.663098153727603, 12.959025539468101 ], [ 77.663316450957097, 12.958981030174 ], [ 77.663328703202893, 12.958978578589701 ], [ 77.663561616995693, 12.9589319610101 ], [ 77.663553193805299, 12.9587691948937 ], [ 77.663487787664295, 12.9585509320599 ], [ 77.663471828620004, 12.9584953344974 ], [ 77.6633618005161, 12.9581119773773 ], [ 77.663339317675195, 12.958028433312199 ], [ 77.663277173748099, 12.957797534678599 ], [ 77.663198903934997, 12.9575103905697 ], [ 77.663136520383802, 12.957292871703 ], [ 77.663071653701905, 12.957066691195999 ], [ 77.663039632794593, 12.956907578452601 ], [ 77.6630429840055, 12.956832241163101 ], [ 77.663045499908307, 12.956775626150099 ], [ 77.663045507197197, 12.956775445397399 ], [ 77.663071359964107, 12.956696651943901 ], [ 77.663179656931803, 12.9563849929322 ], [ 77.6632928570437, 12.956078045535399 ], [ 77.663392133194094, 12.955830729715199 ], [ 77.663410168837103, 12.9557621893006 ], [ 77.663006891672595, 12.955738645124899 ], [ 77.662769132827293, 12.9557410767133 ], [ 77.6626120101878, 12.955746635840899 ], [ 77.661938694341401, 12.955721897132401 ], [ 77.661934688012494, 12.9557525305309 ], [ 77.661350246581605, 12.955723303333601 ], [ 77.6612294437858, 12.9557161545795 ], [ 77.661225937743794, 12.955715947401499 ], [ 77.661136598077505, 12.955710657813301 ], [ 77.661121763617999, 12.955710201443701 ], [ 77.661042997237899, 12.955707777725999 ], [ 77.661020896880501, 12.955706338639599 ], [ 77.661003244771095, 12.955705186539101 ], [ 77.660997915072301, 12.9557016084692 ], [ 77.660981943571699, 12.9556908831127 ], [ 77.660979794082195, 12.9556894415851 ], [ 77.660972469794601, 12.9556845233906 ], [ 77.660941013712801, 12.955658965393701 ], [ 77.660932398983107, 12.955651967226499 ], [ 77.660925247762904, 12.9556425312056 ], [ 77.660923597968505, 12.9556403528234 ], [ 77.660907605605303, 12.955619253121601 ], [ 77.660888732951506, 12.955568498298 ], [ 77.660875653653903, 12.955487713337501 ], [ 77.660872602906494, 12.955444527147 ], [ 77.661923789190098, 12.955457212245401 ], [ 77.661928892658594, 12.9551846087419 ], [ 77.661918284398396, 12.9550144685908 ], [ 77.662458863728105, 12.9549751748189 ], [ 77.662446790186095, 12.954569635092 ], [ 77.662424894621495, 12.9543613599448 ], [ 77.662417392168805, 12.954290020886001 ], [ 77.662414533378296, 12.9542628345586 ], [ 77.662413814013206, 12.954255988789599 ], [ 77.662312418257599, 12.9542626066109 ], [ 77.662289300249995, 12.9542641149389 ], [ 77.662215567666905, 12.954268927687 ], [ 77.662183341810703, 12.954271030501401 ], [ 77.661449668738399, 12.954318909849899 ], [ 77.6614394231853, 12.954319576474401 ], [ 77.661049847123806, 12.9543450007573 ], [ 77.6610488259047, 12.9542488704228 ], [ 77.6610486592336, 12.9542331811124 ], [ 77.661046174834794, 12.954133795450501 ], [ 77.661045624261106, 12.954111707724699 ], [ 77.6610430928325, 12.9540104082547 ], [ 77.661037882603694, 12.953374344401601 ], [ 77.661030748810404, 12.9531504546891 ], [ 77.661029808411101, 12.9531209748747 ], [ 77.661029044341404, 12.9530969958188 ], [ 77.661025850985098, 12.952888278957399 ], [ 77.661025490216403, 12.952864720374301 ], [ 77.660995367698604, 12.9528663371749 ], [ 77.660056577656505, 12.9529167078349 ], [ 77.660034939218804, 12.952919192754299 ], [ 77.659926080001995, 12.9529231882576 ], [ 77.659601670842505, 12.9529234931628 ], [ 77.659541514462106, 12.9529235473941 ], [ 77.659367795452496, 12.952932601831399 ], [ 77.659114024051505, 12.9529458269418 ], [ 77.659012394283295, 12.9529511196009 ], [ 77.659001959555596, 12.9529516633834 ], [ 77.658424294550699, 12.952932574714699 ], [ 77.658163760963703, 12.9529178220704 ], [ 77.6580118158397, 12.952909219667101 ], [ 77.657836776235499, 12.952899306256599 ], [ 77.657228559375596, 12.9528591090098 ], [ 77.657077095243693, 12.9528451431059 ], [ 77.656981132908101, 12.952836293224401 ], [ 77.656798682619396, 12.9528194705576 ], [ 77.656465850472301, 12.952800929514799 ], [ 77.6563274095449, 12.9527932155152 ], [ 77.656094636027703, 12.9527802472765 ], [ 77.655887008635403, 12.952763327498101 ], [ 77.655590778793098, 12.952742550135801 ], [ 77.655562668574802, 12.952740244024801 ], [ 77.655487569713301, 12.952734083443801 ], [ 77.655374671581995, 12.952726907078301 ], [ 77.655350256476893, 12.9527255299017 ], [ 77.655178020889593, 12.9527158218519 ], [ 77.655069985285195, 12.9527097864518 ], [ 77.6549959417992, 12.952705781308801 ], [ 77.6547324514476, 12.9526834794022 ], [ 77.654719425309196, 12.952682337492 ], [ 77.654441022895199, 12.9526578944654 ], [ 77.654029467059502, 12.952629961378101 ], [ 77.653662829665194, 12.9526051401602 ], [ 77.653523269234199, 12.952600615993401 ], [ 77.653401903787895, 12.9525959018577 ], [ 77.653145728826104, 12.9525770939869 ], [ 77.653106460453898, 12.9525766059846 ], [ 77.652970469689194, 12.952574910727201 ], [ 77.652959990280806, 12.952573761754801 ], [ 77.652950512656702, 12.9525738835948 ], [ 77.652778131292493, 12.952576079469299 ], [ 77.652534841435795, 12.952577807667 ], [ 77.652508931573394, 12.9524729223969 ], [ 77.6524970075303, 12.952415885871901 ], [ 77.6524950652922, 12.9524066087879 ], [ 77.652487559978496, 12.9523852665723 ], [ 77.652409858088404, 12.9521481120054 ], [ 77.652386060600406, 12.952072130178699 ], [ 77.652377950837703, 12.952046240987 ], [ 77.652326149939796, 12.951880848678501 ], [ 77.652324214295405, 12.951877500523601 ], [ 77.652308384704597, 12.951850110803599 ], [ 77.652294791944001, 12.951826590141099 ], [ 77.652283308415207, 12.9518067185034 ], [ 77.652253945073696, 12.9517832202161 ], [ 77.652211607419403, 12.951756684924399 ], [ 77.652125467764407, 12.9517178993001 ], [ 77.651896613718094, 12.9516440776296 ], [ 77.6518088400843, 12.9516037212502 ], [ 77.651703023068393, 12.951539753931399 ], [ 77.651610212182504, 12.951482000521899 ], [ 77.651396777377002, 12.951336630304301 ], [ 77.651305582022601, 12.9512788594096 ], [ 77.651107001614903, 12.9511134439401 ], [ 77.651096813048198, 12.9511049563224 ], [ 77.650615041298593, 12.9506596127128 ], [ 77.650602877374396, 12.950648369929 ], [ 77.650487508357898, 12.9505417232363 ], [ 77.650435499386603, 12.950493648679499 ], [ 77.650389148456497, 12.950428314913699 ], [ 77.650194300947305, 12.9502050176712 ], [ 77.650126808544101, 12.9501231336481 ], [ 77.650104498320204, 12.950096066225299 ], [ 77.649982925378495, 12.9499485709895 ], [ 77.649755345242596, 12.9496891179563 ], [ 77.649639070319495, 12.9495538629564 ], [ 77.649448858799701, 12.949309892219199 ], [ 77.649402138947593, 12.949231744500199 ], [ 77.649367799010093, 12.9491743014545 ], [ 77.649325362450298, 12.949103319281001 ], [ 77.649274200492101, 12.949007064684899 ], [ 77.649250698911302, 12.9489716627553 ], [ 77.649248586114595, 12.948940224240999 ], [ 77.649248265041294, 12.948935468395099 ], [ 77.649185634415005, 12.9487000261158 ], [ 77.649184310766302, 12.9486950537115 ], [ 77.649174630673699, 12.9486586719536 ], [ 77.649165236370493, 12.948623359624399 ], [ 77.649163825889303, 12.9486141809688 ], [ 77.649111973269299, 12.948276991104599 ], [ 77.649099554796805, 12.9479955709288 ], [ 77.649097790387998, 12.9479556088972 ], [ 77.649101646230704, 12.9479353272027 ], [ 77.649111184037594, 12.947885143908501 ], [ 77.649126393517406, 12.9478051313916 ], [ 77.649168449584593, 12.9477031688017 ], [ 77.649188069779598, 12.9476750641681 ], [ 77.649196741140699, 12.947662640064699 ], [ 77.649257681256898, 12.9475753427635 ], [ 77.6493593769558, 12.947467138287401 ], [ 77.649392572380705, 12.9474272327045 ], [ 77.649424006860201, 12.947386731618099 ], [ 77.649432685065193, 12.9473464646547 ], [ 77.649413677118204, 12.9472707642231 ], [ 77.649282686442106, 12.9468821535503 ], [ 77.649272705928894, 12.946852544013399 ], [ 77.649228235593995, 12.9467363645311 ], [ 77.6491788475752, 12.946554462986301 ], [ 77.649082794062707, 12.9460028929246 ], [ 77.6488975168065, 12.946129778257999 ], [ 77.648253296428905, 12.946761342811399 ], [ 77.647820670946601, 12.9471719992203 ], [ 77.647666919421596, 12.9472673139961 ], [ 77.646996639137399, 12.9475866339655 ], [ 77.646689039464604, 12.9477683326263 ], [ 77.6465625930974, 12.947863372204299 ], [ 77.646463644851096, 12.9479759863371 ], [ 77.646324537382199, 12.9481649040831 ], [ 77.646055608714207, 12.9485605008812 ], [ 77.645557581512506, 12.949244149664899 ], [ 77.645351381145403, 12.949545357564499 ], [ 77.645163430699, 12.9498508446804 ], [ 77.644985149241705, 12.9502098089533 ], [ 77.644776517195893, 12.9507119382595 ], [ 77.644636057720007, 12.951204449725701 ], [ 77.6445802829722, 12.951526453121099 ], [ 77.644458686936105, 12.952081275016001 ], [ 77.644330534557099, 12.9528772393093 ], [ 77.6442842866539, 12.9532393248634 ], [ 77.644280299592296, 12.953292938953 ], [ 77.644271669491303, 12.953337671855101 ], [ 77.644208514738907, 12.9533918849079 ], [ 77.644140434236505, 12.953410434631399 ], [ 77.644087477344499, 12.9534220155141 ], [ 77.643990567641396, 12.9534432058514 ], [ 77.643672963290697, 12.9535401827154 ], [ 77.643024472891895, 12.953769983570201 ], [ 77.642825061967997, 12.9538523669609 ], [ 77.642721038504504, 12.9539159264442 ], [ 77.642680263501106, 12.953934196919301 ], [ 77.642639443267399, 12.953948005935301 ], [ 77.642575724719293, 12.9539486525392 ], [ 77.642471091716004, 12.953954178021499 ], [ 77.642416474493302, 12.953954732232701 ], [ 77.642361859110096, 12.9539552864138 ], [ 77.642206735769705, 12.9539211451967 ], [ 77.642074086045398, 12.953859987217101 ], [ 77.641986714146896, 12.953776053002199 ], [ 77.641917691666507, 12.9537053201452 ], [ 77.641871423495303, 12.9536343591368 ], [ 77.641833387744398, 12.953588428346 ], [ 77.641791894798899, 12.9535386235861 ], [ 77.641740374033901, 12.953509011356999 ], [ 77.641534752785702, 12.953434086386199 ], [ 77.641020924419493, 12.9532685334463 ], [ 77.640928757192597, 12.9532694681177 ], [ 77.640771685340397, 12.9532715071966 ], [ 77.640438825301402, 12.9526921956158 ], [ 77.640435268163202, 12.952686003601899 ], [ 77.639944642819799, 12.951832109342099 ], [ 77.639939449512696, 12.951834976994499 ], [ 77.639939056063199, 12.9518277952915 ], [ 77.639793372080206, 12.951596903217199 ], [ 77.642419368488902, 12.9489966093119 ], [ 77.646563617863407, 12.9455542376939 ], [ 77.646652773333798, 12.945479820517701 ], [ 77.6471394576172, 12.945214021323601 ], [ 77.647454311814499, 12.944937148869901 ], [ 77.647627157270307, 12.9447909542191 ], [ 77.647679919580597, 12.9446497802337 ], [ 77.6476407695841, 12.944612169213499 ], [ 77.647601698027501, 12.944582158606901 ], [ 77.647600895232898, 12.9445061455434 ], [ 77.647623665121202, 12.9444603032729 ], [ 77.6474689071744, 12.944380997681 ], [ 77.647467740391605, 12.944270512701999 ], [ 77.648882743669105, 12.9433158152617 ], [ 77.649930282855905, 12.942697007843099 ], [ 77.650355236427501, 12.942489966516201 ], [ 77.650595124027205, 12.9423726506598 ], [ 77.651019931635602, 12.9421520968825 ], [ 77.653054770723301, 12.9410840073736 ], [ 77.653767321583999, 12.9407118560672 ], [ 77.654082836733394, 12.9405802545954 ], [ 77.654295595663399, 12.940503757553699 ], [ 77.654480729256605, 12.9404207869882 ], [ 77.654631203942898, 12.940317894348199 ], [ 77.654715250755601, 12.9402208781264 ], [ 77.655882718919003, 12.9394469674262 ], [ 77.656370159993102, 12.9392865833015 ], [ 77.656589945794906, 12.939223526093601 ], [ 77.656775579361394, 12.9391878481844 ], [ 77.657222902596601, 12.939142745439 ], [ 77.657436446434104, 12.9391405686633 ], [ 77.657563783128197, 12.9390982293283 ], [ 77.657696490930704, 12.9388523906419 ], [ 77.657855561146903, 12.9387930573362 ], [ 77.657932969109694, 12.938788161291299 ], [ 77.658147060123497, 12.9388104513703 ], [ 77.658208775449296, 12.938783217113199 ], [ 77.658206761380896, 12.9385931869126 ], [ 77.658208035352999, 12.937948553973801 ], [ 77.659014492697594, 12.937907350720399 ], [ 77.658982729872704, 12.938315403542701 ], [ 77.659074044011803, 12.938327164870801 ], [ 77.660454166974404, 12.938352082983499 ], [ 77.660518126846995, 12.9383477272567 ], [ 77.660541347339205, 12.9383446391764 ], [ 77.660540682590806, 12.938275547230401 ], [ 77.660540244280199, 12.9382342268902 ], [ 77.660543931724206, 12.938143110974799 ], [ 77.660504671154499, 12.938111693224601 ], [ 77.658093497306297, 12.9366861688345 ], [ 77.655221992622998, 12.935115296562699 ], [ 77.659139947563403, 12.9297635267105 ], [ 77.659579172528794, 12.929784681037299 ], [ 77.659723469948901, 12.929789361044399 ], [ 77.660113186469701, 12.929871512288299 ], [ 77.6604021715914, 12.929917778483 ], [ 77.660641318637104, 12.929995312312199 ], [ 77.660814792620201, 12.9300359761806 ], [ 77.661046516497294, 12.930165967661599 ], [ 77.6611946108155, 12.9302725749543 ], [ 77.661369113139202, 12.930270794638201 ], [ 77.661497110640397, 12.930106187790001 ], [ 77.661992998146403, 12.929445671315699 ], [ 77.6633171947189, 12.9282901751411 ], [ 77.663556135494503, 12.9282137714935 ], [ 77.663526604532095, 12.9278029313139 ], [ 77.663394185325004, 12.9277582887705 ], [ 77.663276559029001, 12.9275336885493 ], [ 77.662836059752394, 12.9264923312478 ], [ 77.662496875344402, 12.9256904741999 ], [ 77.662260702834899, 12.924734053649001 ], [ 77.661974956282705, 12.923862991149999 ], [ 77.661759002661995, 12.9231352052511 ], [ 77.661564181292704, 12.9226283857016 ], [ 77.661554041789501, 12.922602006127899 ], [ 77.661281728185699, 12.921907799537101 ], [ 77.661211543661196, 12.921727692791301 ], [ 77.661169878216597, 12.9216206209896 ], [ 77.661288705045493, 12.921599659479099 ], [ 77.661336347930003, 12.9215857809043 ], [ 77.661421504632102, 12.921568169132501 ], [ 77.662119677548702, 12.921413712287601 ], [ 77.662842661955807, 12.921222167491701 ], [ 77.662839842132996, 12.920956202277999 ], [ 77.662806821516597, 12.920313769924199 ], [ 77.662208994433996, 12.9183144317466 ], [ 77.660512640521404, 12.9165319675632 ], [ 77.656870488959299, 12.919114428818199 ], [ 77.654867693484604, 12.9205746113321 ], [ 77.6537939736845, 12.920662662482799 ], [ 77.653743505739001, 12.9206658261299 ], [ 77.653663678634601, 12.920665370193699 ], [ 77.653672032975194, 12.9207357368025 ], [ 77.653672398433002, 12.920770326929199 ], [ 77.653672746464906, 12.9208032676272 ], [ 77.6536749646761, 12.9208543096812 ], [ 77.6536784056768, 12.920958847601201 ], [ 77.653605134770004, 12.920959690047599 ], [ 77.653577400416495, 12.920966031087 ], [ 77.653458151128703, 12.920981884713999 ], [ 77.653261290705103, 12.920998528095399 ], [ 77.653120959361601, 12.920997028370101 ], [ 77.652971672480803, 12.9209956159755 ], [ 77.652697288035796, 12.9210218324046 ], [ 77.652001970327802, 12.9211169466057 ], [ 77.651555977305193, 12.921148610194299 ], [ 77.651562154635499, 12.921241288676301 ], [ 77.651557048346902, 12.9213233376445 ], [ 77.651543961774905, 12.9217803109029 ], [ 77.651523155508997, 12.922354502835001 ], [ 77.651511628876193, 12.9226767542768 ], [ 77.651519301186894, 12.9228377398869 ], [ 77.651532199761206, 12.9229283915002 ], [ 77.651551224873302, 12.9230336249794 ], [ 77.651570216315605, 12.92313592907 ], [ 77.651598504390407, 12.923270352133599 ], [ 77.651658283517605, 12.9235596629256 ], [ 77.651748287358103, 12.9240483964894 ], [ 77.651752910916798, 12.924146005206801 ], [ 77.650949254080899, 12.9242154775228 ], [ 77.650511428018106, 12.9242199246588 ], [ 77.650175343176798, 12.9243183647931 ], [ 77.650040814530001, 12.924422357261101 ], [ 77.649898379747597, 12.9245112266278 ], [ 77.6493730837512, 12.9246828943631 ], [ 77.649322131414095, 12.9246892141951 ], [ 77.649067396959893, 12.924691800199501 ], [ 77.648557542591604, 12.924660532148 ], [ 77.648058192521304, 12.9246187438705 ], [ 77.647516443377597, 12.924582591064301 ], [ 77.646809739074499, 12.9245064606274 ], [ 77.646310555359406, 12.924480285232599 ], [ 77.645864660068597, 12.9244743947465 ], [ 77.645657688039805, 12.9244764931183 ], [ 77.645429433670998, 12.9244736007531 ], [ 77.645261786978097, 12.924459271064 ], [ 77.644917509896601, 12.9242676000058 ], [ 77.644455270780099, 12.924039155460299 ], [ 77.643480944752099, 12.923755080234001 ], [ 77.641755721009503, 12.9233062916633 ], [ 77.641356970417803, 12.9232191015989 ], [ 77.641196928824101, 12.9232308583956 ], [ 77.6410166478382, 12.9232833611903 ], [ 77.640862622246203, 12.923376144910399 ], [ 77.639974203599493, 12.9238350255636 ], [ 77.639500732382402, 12.924028835565201 ], [ 77.639230898303794, 12.9241322258758 ], [ 77.639192332567006, 12.9241470243465 ], [ 77.639272392223404, 12.924772167047699 ], [ 77.639313050762595, 12.9253283824389 ], [ 77.639318921731501, 12.9254086875066 ], [ 77.639291694130407, 12.925471490461399 ], [ 77.639264426342393, 12.925530383873101 ], [ 77.639256786402896, 12.925561724477101 ], [ 77.639257484699499, 12.9256281531234 ], [ 77.6392666444615, 12.9257413911836 ], [ 77.639287466284102, 12.925827153386001 ], [ 77.639316131637401, 12.925901115435799 ], [ 77.639408370073795, 12.9259588009654 ], [ 77.639528330948707, 12.9260005743633 ], [ 77.639744306050005, 12.926080456894599 ], [ 77.639812151438406, 12.9260914931422 ], [ 77.639867961355307, 12.9260948348533 ], [ 77.639975559078593, 12.926097654405501 ], [ 77.640094984067403, 12.9260886316337 ], [ 77.640234287945503, 12.926075499527601 ], [ 77.640898039593196, 12.9260592164134 ], [ 77.6411226289447, 12.926066509437501 ], [ 77.641187417846695, 12.9260828286587 ], [ 77.641277394049396, 12.926114890429201 ], [ 77.641342908294206, 12.926164785496001 ], [ 77.641355907100603, 12.9262125669757 ], [ 77.6413685505552, 12.9262590493388 ], [ 77.641443193417601, 12.926537464359599 ], [ 77.641509406254499, 12.9270797511717 ], [ 77.641568099255807, 12.927368707686499 ], [ 77.641671717412294, 12.9277506332307 ], [ 77.6418076189168, 12.9281713122115 ], [ 77.641863199546904, 12.9284241077976 ], [ 77.642053916462999, 12.9288605198113 ], [ 77.642119669890903, 12.929051342489 ], [ 77.6418163269541, 12.929175027333599 ], [ 77.641093055296494, 12.9291823507 ], [ 77.640736835101904, 12.929101778281201 ], [ 77.640517504036794, 12.929140474325999 ], [ 77.640289761505102, 12.929210010916201 ], [ 77.639994430021801, 12.9293698737065 ], [ 77.639668871797696, 12.929552452912899 ], [ 77.639593731127604, 12.929599752263901 ], [ 77.639647214751506, 12.929861727711399 ], [ 77.639641169071297, 12.929908827500901 ], [ 77.639598432846, 12.9299905060768 ], [ 77.639532329444705, 12.9301301488282 ], [ 77.639487620278899, 12.9302262711648 ], [ 77.639487477340793, 12.9302267794227 ], [ 77.6395073712048, 12.9302759918007 ], [ 77.639551192218406, 12.930389579177801 ], [ 77.639599046553499, 12.930518330071401 ], [ 77.639607315729094, 12.930567660065099 ], [ 77.639607635511396, 12.930598064616699 ], [ 77.639584667684304, 12.9306249050902 ], [ 77.639411025141698, 12.930695079011199 ], [ 77.638882387294302, 12.9309094842425 ], [ 77.6382600002093, 12.9317900198569 ], [ 77.638079178250194, 12.932262967178501 ], [ 77.637249586375006, 12.9332984802383 ], [ 77.635888433671894, 12.934886716707901 ], [ 77.635507213064102, 12.935330096781399 ], [ 77.635362170041802, 12.9354608144404 ], [ 77.634748029216496, 12.9358658020878 ], [ 77.634707736865906, 12.9359485306707 ], [ 77.634596491060606, 12.9360971843321 ], [ 77.634585520774706, 12.936142194669801 ], [ 77.634618449959106, 12.9361643116968 ], [ 77.634630028298005, 12.9361770231334 ], [ 77.634585645066096, 12.936248481446601 ], [ 77.634417038285505, 12.936380449570301 ], [ 77.634195915884305, 12.936570265059499 ], [ 77.633621972000498, 12.937055436221099 ], [ 77.633380258486397, 12.937307986106299 ], [ 77.633275336238896, 12.9374340996077 ], [ 77.633191443234494, 12.937539159001 ], [ 77.633076772740793, 12.9377487404101 ], [ 77.632847761231901, 12.938199163299901 ], [ 77.632457746543096, 12.9390003199834 ], [ 77.632176269487104, 12.9395137993967 ], [ 77.631729732828703, 12.9404978991089 ], [ 77.631417970542799, 12.941162794144301 ], [ 77.631236867692394, 12.941623152907001 ], [ 77.630988348495805, 12.942240511445601 ], [ 77.630619463816103, 12.9430310341279 ], [ 77.630012296040903, 12.9444023364212 ], [ 77.629570786033099, 12.9453603309976 ], [ 77.629503261259899, 12.9455069100246 ], [ 77.629299703737601, 12.9458528628269 ], [ 77.629012793112906, 12.946355976038401 ], [ 77.628829773907995, 12.9466339844211 ], [ 77.628719859796306, 12.946791411036299 ], [ 77.6286153152098, 12.9469539943459 ], [ 77.628333605199103, 12.9474466311933 ], [ 77.628020243764198, 12.9479604334812 ], [ 77.627811586100805, 12.9483272781089 ], [ 77.627665638366196, 12.948594490411701 ], [ 77.627561037871004, 12.948751864114101 ], [ 77.627456381707105, 12.948904027464399 ], [ 77.627362022271598, 12.9490248224841 ], [ 77.627262107195406, 12.9491368769694 ], [ 77.627235555591696, 12.949161985936399 ], [ 77.627137259652201, 12.949245657751201 ], [ 77.627068952074097, 12.949303799266801 ], [ 77.627046020708505, 12.9493233211328 ], [ 77.626990655950294, 12.949370446868301 ], [ 77.626937682014301, 12.9494143793075 ], [ 77.626867336133003, 12.9494727129899 ], [ 77.626725531793994, 12.9495846549297 ], [ 77.626660611235195, 12.949636766253301 ], [ 77.626585293237099, 12.949697217030501 ], [ 77.626483793217702, 12.9497786850282 ], [ 77.626366509367998, 12.9498728208209 ], [ 77.626290111595907, 12.9499341406684 ], [ 77.626173814483096, 12.950021634480899 ], [ 77.626173781544793, 12.950021655591501 ], [ 77.626028969546397, 12.9501292378883 ], [ 77.625836904625402, 12.950233168765299 ], [ 77.625809618683903, 12.950247206452399 ], [ 77.625802766420094, 12.950249470826 ], [ 77.625764446779002, 12.9502621146443 ], [ 77.625648885973902, 12.9503082732165 ], [ 77.625504846896703, 12.9503451407802 ], [ 77.625474448415503, 12.9503545084357 ], [ 77.625463903530203, 12.950356779304499 ], [ 77.625435393517705, 12.9503629153758 ], [ 77.624960902154896, 12.9504650386809 ], [ 77.624757545408798, 12.950508807665701 ], [ 77.624417275461298, 12.950582041399199 ], [ 77.624046312725397, 12.9506604135894 ], [ 77.623631252789295, 12.950748101017 ], [ 77.6236125614912, 12.9507526446569 ], [ 77.623467662361904, 12.9507878494352 ], [ 77.623465127407698, 12.9507888091001 ], [ 77.6233929998929, 12.9508173345929 ], [ 77.623368140962299, 12.950827163891599 ], [ 77.623311932686207, 12.950858228443 ], [ 77.623300780032395, 12.9508643909485 ], [ 77.623274624458702, 12.9508772380635 ], [ 77.623142437178501, 12.9509421698796 ], [ 77.622859934294794, 12.9510809329681 ], [ 77.622719878659694, 12.951149731869 ], [ 77.6224445542681, 12.9512849694437 ], [ 77.622363536001302, 12.951324764003701 ], [ 77.622342886936195, 12.951334907685 ], [ 77.622213461185098, 12.9513893361834 ], [ 77.621850523973507, 12.951541963417 ], [ 77.621657808225507, 12.9516230065479 ], [ 77.621504306254096, 12.951687557769899 ], [ 77.621455099688006, 12.9516039935903 ], [ 77.621355263358097, 12.9513910644616 ], [ 77.621204506349997, 12.951012300393201 ], [ 77.621108817699906, 12.9507499177773 ], [ 77.620899520433198, 12.9503318194693 ], [ 77.6207434849793, 12.950078792483399 ], [ 77.620671871522205, 12.9499438863366 ], [ 77.620202511521001, 12.949059720403 ], [ 77.620014718898702, 12.948705953820101 ], [ 77.619501209908904, 12.9477386073695 ], [ 77.619442442994696, 12.9476291201651 ], [ 77.619367186229795, 12.947488911707699 ], [ 77.619366291949405, 12.9474872466619 ], [ 77.619336640311801, 12.947431998913499 ], [ 77.619247926645798, 12.9474986633643 ], [ 77.618200652134803, 12.948282480695401 ], [ 77.6175821720241, 12.9487252312422 ], [ 77.617312046712101, 12.9489175263499 ], [ 77.617141235964098, 12.949048812868799 ], [ 77.617069691758701, 12.9490971762388 ], [ 77.617093269913994, 12.9491282980183 ], [ 77.6169922651261, 12.9491977315085 ], [ 77.616977969835901, 12.949220681080501 ], [ 77.616949235946507, 12.949252328387299 ], [ 77.616851446416206, 12.949249411572399 ], [ 77.616649234759294, 12.9492559526654 ], [ 77.616191617959203, 12.949273021482099 ], [ 77.615149154482395, 12.949300950054701 ], [ 77.614454903824907, 12.9493079186212 ], [ 77.613651118743107, 12.949298522967601 ], [ 77.613127252466697, 12.949303778448099 ], [ 77.612488818126494, 12.949297709190899 ], [ 77.611753822998594, 12.9493000904453 ], [ 77.611702313266093, 12.9492382425644 ], [ 77.611573367381993, 12.9490674148189 ], [ 77.611468166393095, 12.9489786672052 ], [ 77.611282186856201, 12.9489481039555 ], [ 77.611098829107306, 12.948924996452 ], [ 77.610748379813799, 12.9489759042738 ], [ 77.609961570138495, 12.9491309635499 ], [ 77.609580553243603, 12.949177187420499 ], [ 77.609314026118298, 12.9492272527284 ], [ 77.608455796548697, 12.9493630691241 ], [ 77.607315497053904, 12.9495216602136 ], [ 77.605881066118499, 12.949707818332101 ], [ 77.605863165634503, 12.9497705643308 ], [ 77.605862157859704, 12.949774099589501 ], [ 77.605843051347307, 12.9498410694359 ], [ 77.605796359948698, 12.9499782423899 ], [ 77.605756203037203, 12.950096209942499 ], [ 77.605732689890701, 12.950099490608499 ], [ 77.604342242454607, 12.9502933599095 ], [ 77.603416031240101, 12.9504383354144 ], [ 77.603207982665097, 12.9496944705507 ], [ 77.602876191445503, 12.9488446360984 ], [ 77.602681214168996, 12.948314421996299 ], [ 77.602583771148403, 12.948053537910599 ], [ 77.602562757680303, 12.947975716719601 ], [ 77.602512116966693, 12.9477881726005 ], [ 77.602484179694699, 12.9475857245383 ], [ 77.602469244529303, 12.9473915909547 ], [ 77.602458965001802, 12.9472312000727 ], [ 77.602457518005494, 12.9470918395594 ], [ 77.602472549295797, 12.946880511585899 ], [ 77.602514648404593, 12.9463732700666 ], [ 77.602576991579198, 12.945635824641601 ], [ 77.602582000891502, 12.945604367743501 ], [ 77.602610538833403, 12.9452404111919 ], [ 77.602754923449595, 12.9446307831779 ], [ 77.602840716993398, 12.9444248104795 ], [ 77.602871597949203, 12.9440994404778 ], [ 77.602893337379996, 12.9436882166223 ], [ 77.602878454875196, 12.9433680629647 ], [ 77.602873680790196, 12.9431867035763 ], [ 77.602824164031603, 12.9428303700843 ], [ 77.602666507862494, 12.942159840767999 ], [ 77.602187832656199, 12.942260993782501 ], [ 77.600955077294003, 12.9425138446719 ], [ 77.600902282526505, 12.942487117696 ], [ 77.600765637638801, 12.942504786410799 ], [ 77.600396353022504, 12.9425651597008 ], [ 77.600090522936895, 12.9426135650064 ], [ 77.599822260798604, 12.942661592518199 ], [ 77.599444454953201, 12.942736224400299 ], [ 77.599057892254194, 12.942802439083501 ], [ 77.598720188772106, 12.9428426539972 ], [ 77.598495179702994, 12.9428817476345 ], [ 77.598264420667505, 12.942923733388101 ], [ 77.598059756622504, 12.942973960132299 ], [ 77.597625190655407, 12.943102537477101 ], [ 77.597245269150605, 12.9432018123921 ], [ 77.5973656214708, 12.942334340579301 ], [ 77.5975054413191, 12.941427364582401 ], [ 77.597564205001902, 12.9405564221828 ], [ 77.597597545367094, 12.9402055303562 ], [ 77.597637653611301, 12.939990319315999 ], [ 77.597658815526501, 12.9399506726319 ], [ 77.597729269442794, 12.9398186853055 ], [ 77.597880069421606, 12.9393990090791 ], [ 77.598056684540097, 12.939094180299801 ], [ 77.598367761080894, 12.938622541122999 ], [ 77.598498640916105, 12.9384508653047 ], [ 77.598742079579793, 12.938157080573999 ], [ 77.598914197812903, 12.9379941860128 ], [ 77.599083411047403, 12.9378561186795 ], [ 77.599303049725293, 12.9377051516379 ], [ 77.599614065190707, 12.937528475948399 ], [ 77.599850082535596, 12.937433137649601 ], [ 77.600089547671104, 12.9373656555626 ], [ 77.600307021300196, 12.937310794928001 ], [ 77.600499347273697, 12.9372685836582 ], [ 77.600884351472999, 12.937218249133 ], [ 77.601293506517393, 12.9371659457536 ], [ 77.601596916512804, 12.9371425009269 ], [ 77.601594422104299, 12.937127476448801 ], [ 77.601524210151197, 12.9367562332073 ], [ 77.601421404688594, 12.936289224250499 ], [ 77.6013977450488, 12.936140684017101 ], [ 77.601371803676798, 12.9357720950113 ], [ 77.601305513816897, 12.9349546542803 ], [ 77.601293711258606, 12.934898587569901 ], [ 77.601248583723205, 12.9345552004715 ], [ 77.600924209002002, 12.932985411811799 ], [ 77.600781215634797, 12.9321974861214 ], [ 77.600740516330504, 12.931929264376199 ], [ 77.6007173119866, 12.9317228572018 ], [ 77.600704860781903, 12.9313345043812 ], [ 77.600614819489394, 12.930302906707499 ], [ 77.600527661597894, 12.9289757978589 ], [ 77.600515439662004, 12.928610163941499 ], [ 77.600520128259404, 12.928349193109099 ], [ 77.598693711152293, 12.928418233384599 ], [ 77.597150768225006, 12.928427905887199 ], [ 77.595504855069507, 12.928457429410001 ], [ 77.595387956629693, 12.9284603314549 ], [ 77.593488055880698, 12.9285074661829 ], [ 77.5926454543267, 12.9285201240946 ], [ 77.592610602167298, 12.928525739286799 ], [ 77.592504683360403, 12.928533211651599 ], [ 77.592507478342, 12.9286898626441 ], [ 77.592504793846501, 12.9292753380271 ], [ 77.592545631452197, 12.9306926189783 ], [ 77.592606931757601, 12.93197692347 ], [ 77.592650505209306, 12.933235706570199 ], [ 77.592720731150095, 12.9349610750397 ], [ 77.592724065760706, 12.935706290329801 ], [ 77.592703674316795, 12.936179711010499 ], [ 77.592436654828305, 12.9362107139744 ], [ 77.592006982559695, 12.9362864366193 ], [ 77.591742650957201, 12.936341028062399 ], [ 77.591577647240996, 12.936394634763399 ], [ 77.591386554122906, 12.9364874713805 ], [ 77.591110323871106, 12.9366720949723 ], [ 77.591069988278207, 12.936614035188899 ], [ 77.590626779767305, 12.9361420755894 ], [ 77.590173589146701, 12.936347088853299 ], [ 77.590044900817105, 12.9355827799933 ], [ 77.5900397256665, 12.935505638823701 ], [ 77.589545050722407, 12.935547908941301 ], [ 77.589511123706302, 12.9355818664616 ], [ 77.589479533071696, 12.9356422923418 ], [ 77.589311580660393, 12.935751760379 ], [ 77.589227347668199, 12.935781619795099 ], [ 77.589168345322406, 12.9357987910067 ], [ 77.589088041906805, 12.935799588355399 ], [ 77.589016146554499, 12.935796155407999 ], [ 77.588927171896998, 12.9357763066581 ], [ 77.588808314272399, 12.9357277333445 ], [ 77.588604322528795, 12.935621959077 ], [ 77.588442557148696, 12.9355116177721 ], [ 77.588098321839496, 12.9353326045849 ], [ 77.5879793334786, 12.935271594453299 ], [ 77.587919948969102, 12.9352514516439 ], [ 77.587843568990607, 12.9352231884109 ], [ 77.587797075513606, 12.9352236498013 ], [ 77.587763263832798, 12.9352239853353 ], [ 77.587691538720904, 12.9352371356677 ], [ 77.587607433871597, 12.9352794318671 ], [ 77.5875361390423, 12.9353340367997 ], [ 77.587394339873796, 12.9354414906204 ], [ 77.587280240081995, 12.935523152762601 ], [ 77.587082870291297, 12.9356494985776 ], [ 77.586696459055005, 12.935889659628 ], [ 77.586132192890105, 12.936349723901699 ], [ 77.585930605790196, 12.9364770287805 ], [ 77.5857807817615, 12.936522738093201 ], [ 77.585601050706103, 12.936583489878601 ], [ 77.585428534562595, 12.9366146843685 ], [ 77.585195828188304, 12.9366391043396 ], [ 77.584902601302502, 12.936646242252699 ], [ 77.582881735533405, 12.936721255645301 ], [ 77.581095506691597, 12.936743744586099 ], [ 77.580078380614694, 12.936722035165801 ], [ 77.579941443828602, 12.936878749389599 ], [ 77.579738168508896, 12.937113076363 ], [ 77.579159628600095, 12.9378279717572 ], [ 77.577916540931795, 12.9393808842872 ], [ 77.577840883254297, 12.939474587194301 ], [ 77.577678208522101, 12.939704529362899 ], [ 77.577753914875203, 12.9403781588274 ], [ 77.577748180787296, 12.9405869226386 ], [ 77.577656867320798, 12.940587825612599 ], [ 77.576252416963598, 12.9406017098113 ], [ 77.574027592340698, 12.9406359141115 ], [ 77.573851163012904, 12.940633063091299 ], [ 77.573848844389104, 12.940709055249901 ], [ 77.573796078977395, 12.9407090170155 ], [ 77.573773195461399, 12.9414559837774 ], [ 77.573756174798703, 12.9427350596222 ], [ 77.573773197304703, 12.943693876909 ], [ 77.573773197638502, 12.9436939094299 ], [ 77.573616785470193, 12.943685943471101 ], [ 77.573435750676296, 12.943684032445899 ], [ 77.572305741777797, 12.943679202657901 ], [ 77.571099574397607, 12.943664463097299 ] ] ] ] } },
{ "type": "Feature", "properties": { "id": "bbmp_c2__wards_c2.2", "Name": null, "description": null, "timestamp": null, "begin": null, "end": null, "altitudeMode": null, "tessellate": -1, "extrude": 0, "visibility": -1, "drawOrder": null, "icon": null, "OBJECTID": 16, "NewCorp": "West" }, "geometry": { "type": "MultiPolygon", "coordinates": [ [ [ [ 77.511342526718806, 12.8906546813198 ], [ 77.510993217108293, 12.890164440137699 ], [ 77.510633548858195, 12.8896814623306 ], [ 77.510291278486505, 12.8892619227403 ], [ 77.5098981737152, 12.888861487497399 ], [ 77.5094309174263, 12.8884360934382 ], [ 77.508772397650304, 12.887909141672999 ], [ 77.508135444515105, 12.887469035410801 ], [ 77.507590670790705, 12.887144299263101 ], [ 77.506902285487698, 12.886786408636 ], [ 77.506386086961598, 12.8865570216336 ], [ 77.505773443941195, 12.886294329780601 ], [ 77.505294317738304, 12.886079202054299 ], [ 77.504818295289098, 12.885857540230401 ], [ 77.504345471014105, 12.8856293894953 ], [ 77.503875934692402, 12.885394791467 ], [ 77.503409778927505, 12.8851537940612 ], [ 77.502947094453404, 12.8849064425021 ], [ 77.502487970197095, 12.8846527856457 ], [ 77.502032496005199, 12.8843928723398 ], [ 77.501580760829597, 12.8841267541523 ], [ 77.501067072892099, 12.883827280734801 ], [ 77.500395033074099, 12.883407519855 ], [ 77.499739244156601, 12.8829637086081 ], [ 77.499100601890703, 12.8824964502152 ], [ 77.498479975651094, 12.8820063833947 ], [ 77.498048518450602, 12.881671429689501 ], [ 77.497641369998902, 12.8813526182047 ], [ 77.497346089822898, 12.8812835399119 ], [ 77.497045542615993, 12.8808661041747 ], [ 77.496416838057797, 12.8805620198219 ], [ 77.496484680257296, 12.8798835279103 ], [ 77.495724314225896, 12.880033682899899 ], [ 77.495574871762699, 12.8795440908403 ], [ 77.495034313871997, 12.8791401508531 ], [ 77.494609375787704, 12.8785691380525 ], [ 77.494241445211401, 12.8781720305417 ], [ 77.493939028839307, 12.8776545678852 ], [ 77.493253672662405, 12.8772331945946 ], [ 77.492832752877504, 12.876532940011799 ], [ 77.492239534150102, 12.875749867041 ], [ 77.491767799559099, 12.8750748339538 ], [ 77.491467018604993, 12.8746439955982 ], [ 77.491048573909396, 12.874081657391301 ], [ 77.490609725632893, 12.873534495911301 ], [ 77.490151044413693, 12.873003223007199 ], [ 77.489794963224995, 12.8726150776815 ], [ 77.488994332450304, 12.8717820422978 ], [ 77.488873442471601, 12.8718207640547 ], [ 77.487565960549105, 12.8716770723448 ], [ 77.486208482905198, 12.871169592426799 ], [ 77.485976845187295, 12.871210817550301 ], [ 77.485579866082105, 12.8712926409638 ], [ 77.484621521627503, 12.871594436859599 ], [ 77.484602981399604, 12.871731207998099 ], [ 77.484532436028005, 12.871845638847301 ], [ 77.483134731119407, 12.874112801464101 ], [ 77.482738535643094, 12.8739374902762 ], [ 77.482688586101403, 12.8739153867807 ], [ 77.481324307201604, 12.8740649122748 ], [ 77.4810992970787, 12.8741060708804 ], [ 77.481074571212304, 12.8742884349824 ], [ 77.481131062475001, 12.8746391481827 ], [ 77.481256378699499, 12.874572914568899 ], [ 77.481279529404205, 12.874904429476 ], [ 77.4813417540919, 12.8751640233021 ], [ 77.481348641041706, 12.8751899764776 ], [ 77.481150529329597, 12.875269910359799 ], [ 77.481212625092198, 12.8755164948728 ], [ 77.481270141416999, 12.875971273716599 ], [ 77.481378578045195, 12.8762109147023 ], [ 77.481515005717299, 12.8765999001126 ], [ 77.481534387845301, 12.8769867671501 ], [ 77.481539760919205, 12.8770940136231 ], [ 77.481644643014803, 12.8776459116922 ], [ 77.481694505721293, 12.877996687248601 ], [ 77.481623179125407, 12.8779976225141 ], [ 77.479904645261897, 12.8780201481595 ], [ 77.479512552815507, 12.877926291667301 ], [ 77.478923180208596, 12.877996918188201 ], [ 77.478638820684495, 12.878071160017599 ], [ 77.478232765642701, 12.8779058835761 ], [ 77.4777643836984, 12.878144481239101 ], [ 77.477002132695802, 12.878164703264099 ], [ 77.476698588494102, 12.878310674777399 ], [ 77.475811335020893, 12.878429642641301 ], [ 77.475656193194993, 12.878834396906701 ], [ 77.475486638084007, 12.8791222036342 ], [ 77.475218218713295, 12.8794694863751 ], [ 77.474896570617304, 12.8797977579784 ], [ 77.474819379680397, 12.880039159678001 ], [ 77.474905385253805, 12.880695314318 ], [ 77.475146600161494, 12.8809532192373 ], [ 77.475807708003899, 12.8814348137353 ], [ 77.475989536804306, 12.8815447450308 ], [ 77.476555770246804, 12.8819936408195 ], [ 77.477693718428299, 12.883095161376399 ], [ 77.478216513303906, 12.883669123055 ], [ 77.478485532255405, 12.8840568510031 ], [ 77.478773673942996, 12.884366344778099 ], [ 77.478900698552707, 12.8844312725821 ], [ 77.478985835082199, 12.884590110584 ], [ 77.4790367003433, 12.8847709402728 ], [ 77.479021570858606, 12.884806775023099 ], [ 77.4789377004427, 12.8852878856462 ], [ 77.478945146044097, 12.8854693154129 ], [ 77.478936450542506, 12.885590896704199 ], [ 77.478911843725101, 12.8856699937588 ], [ 77.478827297525697, 12.885821069447299 ], [ 77.478755722640599, 12.8860573761933 ], [ 77.478784608397106, 12.8861587242684 ], [ 77.478837009857202, 12.886220761844999 ], [ 77.478897106754502, 12.8862553690625 ], [ 77.479004701174802, 12.8862582584973 ], [ 77.479164157719197, 12.886268472884099 ], [ 77.479410715038398, 12.8862231452995 ], [ 77.479939025557201, 12.886065708998901 ], [ 77.480207209630194, 12.885987780377601 ], [ 77.480731324747595, 12.886015208285301 ], [ 77.480914683092095, 12.886025195053399 ], [ 77.481201112063104, 12.8859833946847 ], [ 77.481240986700996, 12.885972834978601 ], [ 77.482243356977804, 12.8858584033187 ], [ 77.482424774379695, 12.8858068747818 ], [ 77.482677093263902, 12.885807781882701 ], [ 77.482744382701597, 12.8858790728929 ], [ 77.4828298740251, 12.8859882163222 ], [ 77.482842788309497, 12.886014725665699 ], [ 77.482883548670699, 12.886108142277701 ], [ 77.482913782468401, 12.886346270931501 ], [ 77.482900275641597, 12.8865926299252 ], [ 77.482826860356397, 12.8868239247762 ], [ 77.482550078129293, 12.8874401757991 ], [ 77.482341052652302, 12.888059691658899 ], [ 77.482193088172806, 12.888811515650699 ], [ 77.482135916829904, 12.889073923275699 ], [ 77.482038098299896, 12.8892546389072 ], [ 77.481517541446195, 12.889795032971801 ], [ 77.481261110703201, 12.8900515150132 ], [ 77.481107215335101, 12.8902014953785 ], [ 77.481015938461297, 12.890237534637 ], [ 77.480912440816198, 12.890246334150801 ], [ 77.480640940070103, 12.890186371986999 ], [ 77.480240655353995, 12.8899947473677 ], [ 77.479884076839298, 12.8897909783852 ], [ 77.479656587503101, 12.889750142682299 ], [ 77.479541064461998, 12.8897512375066 ], [ 77.479449865304801, 12.889795093580201 ], [ 77.479386549586593, 12.8898386872026 ], [ 77.479284862225597, 12.890031164626 ], [ 77.479263576259399, 12.8902971397995 ], [ 77.479232708203398, 12.8912081009818 ], [ 77.479176959176499, 12.891818812471501 ], [ 77.479051235838597, 12.8921452709394 ], [ 77.478748086540193, 12.892391212772001 ], [ 77.4785853752241, 12.8924703626074 ], [ 77.478171528021306, 12.8927536721742 ], [ 77.478103226535296, 12.8927801877006 ], [ 77.478053163719906, 12.8928427748387 ], [ 77.477685920344797, 12.893226646024701 ], [ 77.477339112126103, 12.893669903690199 ], [ 77.476992624073901, 12.8942278066511 ], [ 77.476780165034697, 12.894455541506501 ], [ 77.476692592401307, 12.894492287225599 ], [ 77.476614179057407, 12.8945047031202 ], [ 77.4765356710774, 12.8945077820776 ], [ 77.476410940515706, 12.8944620906033 ], [ 77.476284592032101, 12.894385151906301 ], [ 77.476006886641201, 12.894234914565301 ], [ 77.475906639643895, 12.8941870502894 ], [ 77.475707611871499, 12.8941695999176 ], [ 77.475606514018807, 12.894214829902801 ], [ 77.4755284671391, 12.894309652416799 ], [ 77.475484702442401, 12.8944484226433 ], [ 77.475480965709195, 12.894642157871999 ], [ 77.475516334609907, 12.8947967820946 ], [ 77.475597426635204, 12.8950118513897 ], [ 77.475678195012804, 12.895193716850001 ], [ 77.475747244240694, 12.8953314219241 ], [ 77.475961676968296, 12.8956380313577 ], [ 77.476178275598002, 12.8958175200495 ], [ 77.476449313170704, 12.896009507218601 ], [ 77.477019575317996, 12.8963793174815 ], [ 77.477666718420096, 12.8966441731082 ], [ 77.476080956244203, 12.897444356608601 ], [ 77.474402092771598, 12.898141190085701 ], [ 77.473978250876499, 12.8982563726103 ], [ 77.473420668729901, 12.8984562032451 ], [ 77.472880694944905, 12.897564969863 ], [ 77.472449378125305, 12.8968502301705 ], [ 77.472013551471605, 12.896241955296301 ], [ 77.471332017033703, 12.8954160464524 ], [ 77.470869030364895, 12.8948648267483 ], [ 77.470529859839999, 12.894445965366501 ], [ 77.470240381503402, 12.8940884671517 ], [ 77.470068989437294, 12.8936017824748 ], [ 77.469956353508394, 12.893386001893999 ], [ 77.469940951321604, 12.893327940924101 ], [ 77.469131469696705, 12.8912424932272 ], [ 77.468392105052104, 12.888485952707001 ], [ 77.468002458526797, 12.889085366958099 ], [ 77.466814446462905, 12.8907224978336 ], [ 77.465465845712401, 12.8925973864293 ], [ 77.464473009084401, 12.8938830005293 ], [ 77.462655809856599, 12.896568534221799 ], [ 77.462878420233395, 12.8967143822787 ], [ 77.462272406097398, 12.897601757496201 ], [ 77.462229543020797, 12.897664523093001 ], [ 77.461525578328406, 12.898806277568999 ], [ 77.461334651970702, 12.898762769567799 ], [ 77.460823609079, 12.898646313366401 ], [ 77.460949584685693, 12.900133853128301 ], [ 77.460222034824199, 12.9004531287543 ], [ 77.460102525285606, 12.903842445111801 ], [ 77.459911711521102, 12.905064499530299 ], [ 77.460090292014996, 12.9066051394712 ], [ 77.461585830083195, 12.9064800107974 ], [ 77.463333139181699, 12.906377175838999 ], [ 77.464568358907599, 12.906548324306099 ], [ 77.466570417640199, 12.906864858447801 ], [ 77.466523154666604, 12.909740179445899 ], [ 77.466989358339106, 12.9111053535437 ], [ 77.467941584088905, 12.9120094094389 ], [ 77.469005340822804, 12.9140228694685 ], [ 77.470008136685806, 12.9149511132642 ], [ 77.470531958301194, 12.917056039073399 ], [ 77.470999283304394, 12.9189982929501 ], [ 77.471151228711307, 12.9194314611163 ], [ 77.471803928770299, 12.921439647221399 ], [ 77.472233349356003, 12.9229118602056 ], [ 77.472335734623897, 12.923311003659901 ], [ 77.472913669473002, 12.9264477405882 ], [ 77.4755208056215, 12.9268011253845 ], [ 77.477214987418193, 12.9265428893393 ], [ 77.4781525305212, 12.9263674198282 ], [ 77.478819202259899, 12.926168492904599 ], [ 77.479618106929394, 12.9259735574046 ], [ 77.479585354954807, 12.9259015191628 ], [ 77.479621428713202, 12.925972747015701 ], [ 77.479638262758201, 12.926017886325701 ], [ 77.479651974551601, 12.926054659889299 ], [ 77.479617917231806, 12.926126991423899 ], [ 77.479619498319295, 12.926157165370901 ], [ 77.479622678149298, 12.926217901606099 ], [ 77.479655092671706, 12.926255017871901 ], [ 77.479704743457503, 12.9263118692415 ], [ 77.479732645320993, 12.9263987683882 ], [ 77.479706203051094, 12.926459656903701 ], [ 77.479647898859596, 12.926478858477401 ], [ 77.479552158374901, 12.9265103899794 ], [ 77.479475417133798, 12.926564176878999 ], [ 77.479459579695501, 12.9265908571215 ], [ 77.479433484221502, 12.9266348250104 ], [ 77.479401898193899, 12.926688043700899 ], [ 77.479365112357996, 12.926746750021801 ], [ 77.479325313864095, 12.9268052997451 ], [ 77.479273243040495, 12.926881903450299 ], [ 77.479258540233801, 12.926903533128399 ], [ 77.479195279301294, 12.9269506134394 ], [ 77.479161683812904, 12.9269756165207 ], [ 77.479108956593606, 12.9270148581732 ], [ 77.479086262793302, 12.927064342180699 ], [ 77.479090476554703, 12.927110392903099 ], [ 77.479094924726198, 12.927159007366299 ], [ 77.479118778536304, 12.9272269975464 ], [ 77.479136646014993, 12.927249087563601 ], [ 77.479177001428098, 12.9272989745337 ], [ 77.479214601047502, 12.9273346049937 ], [ 77.479464535920599, 12.9273892154196 ], [ 77.479593506215295, 12.927367714206699 ], [ 77.479671357825197, 12.927402455208 ], [ 77.479790196322796, 12.9274013258411 ], [ 77.480010768597097, 12.9272370342151 ], [ 77.480083356821694, 12.9272616877402 ], [ 77.480777525410204, 12.926915489796301 ], [ 77.481370043574898, 12.9277867255524 ], [ 77.481350478845201, 12.927898423541601 ], [ 77.481532471021794, 12.9280132688259 ], [ 77.481952334347099, 12.928668194760499 ], [ 77.481999589465005, 12.9287437754371 ], [ 77.482122964180107, 12.9288086237868 ], [ 77.482166416667297, 12.9288055459521 ], [ 77.482276708999905, 12.928811254881801 ], [ 77.482315648140599, 12.928955082463 ], [ 77.482350587457404, 12.929009262280101 ], [ 77.482430179981904, 12.929132689423 ], [ 77.482519687494701, 12.929271488428601 ], [ 77.482554245406504, 12.929374082679301 ], [ 77.482624546672199, 12.929582796198799 ], [ 77.4826749298484, 12.929732368587899 ], [ 77.482970526648103, 12.9303207691491 ], [ 77.483122432345198, 12.9304443885868 ], [ 77.483152262422493, 12.930509811313399 ], [ 77.483201274963704, 12.9306028098926 ], [ 77.483229179673998, 12.930689711034301 ], [ 77.483203974390406, 12.930875653326799 ], [ 77.483021382117997, 12.9311654177724 ], [ 77.482894830823895, 12.9312613659256 ], [ 77.482981149349996, 12.9313134473843 ], [ 77.483030870713193, 12.9313434476006 ], [ 77.483316291970098, 12.9313399228586 ], [ 77.483469450896706, 12.9315605964924 ], [ 77.483472234901598, 12.931841936533999 ], [ 77.483316436284994, 12.932117383045799 ], [ 77.483245909254904, 12.932205600708199 ], [ 77.483226958618204, 12.9322293021223 ], [ 77.483232621369893, 12.9322844723765 ], [ 77.483235312382902, 12.932310671956101 ], [ 77.483161001834603, 12.9324298499692 ], [ 77.483086992029101, 12.932485404647799 ], [ 77.483071678612703, 12.9325572084895 ], [ 77.483072489731597, 12.9326391841107 ], [ 77.483072990963805, 12.932689840796399 ], [ 77.483129730154005, 12.932747154919101 ], [ 77.483209619272898, 12.9328278509455 ], [ 77.483268822500804, 12.932926862814901 ], [ 77.483328108797593, 12.933065724856601 ], [ 77.483317441429406, 12.933100650293399 ], [ 77.483371555069695, 12.933187885478 ], [ 77.483399921835698, 12.9332780501133 ], [ 77.483447914145998, 12.9334041383356 ], [ 77.483540307997004, 12.933461296236899 ], [ 77.483605218672693, 12.9335856042252 ], [ 77.483633452168803, 12.9336396740784 ], [ 77.483630504995901, 12.9337114713045 ], [ 77.483626026540804, 12.9338205500583 ], [ 77.483622507778094, 12.933906256793801 ], [ 77.483645384602198, 12.9339754598873 ], [ 77.483709817793297, 12.934081750111501 ], [ 77.483805448510395, 12.9342377938534 ], [ 77.483932741691007, 12.934895573928999 ], [ 77.484042152526698, 12.9352721550569 ], [ 77.484073728954201, 12.935435893105099 ], [ 77.484095777292694, 12.9355966617267 ], [ 77.484124352196602, 12.935804996508301 ], [ 77.484100927945093, 12.935871352702 ], [ 77.484126432814904, 12.9361598821299 ], [ 77.484044134998101, 12.936234709361401 ], [ 77.484108086548105, 12.9364897626422 ], [ 77.484141577852299, 12.936706844382 ], [ 77.484202356983602, 12.936966237542499 ], [ 77.482840811952002, 12.937057142978 ], [ 77.481446067347704, 12.937153703458799 ], [ 77.480963920433894, 12.937194087523 ], [ 77.479553086457003, 12.937312253146599 ], [ 77.478784796153903, 12.937434074280601 ], [ 77.477339908643501, 12.937827790242601 ], [ 77.476897404871195, 12.937985086005501 ], [ 77.4762556465964, 12.938197255473399 ], [ 77.476396455598703, 12.9384890360689 ], [ 77.476368517502195, 12.9385225741255 ], [ 77.476277552440706, 12.938600531993901 ], [ 77.475843532187, 12.938894557224 ], [ 77.475364391891702, 12.939228913893199 ], [ 77.474929529552099, 12.939605865753601 ], [ 77.474522346442797, 12.9398248228425 ], [ 77.474187829853804, 12.940000070832401 ], [ 77.473202795143393, 12.9402094427543 ], [ 77.473227854290599, 12.9402444646059 ], [ 77.473846173715401, 12.9414109630232 ], [ 77.474176491324499, 12.9420793083252 ], [ 77.474393529515297, 12.9425613381032 ], [ 77.474611952824603, 12.943183896567101 ], [ 77.474737823513195, 12.9436204330365 ], [ 77.474801913323205, 12.944064876278 ], [ 77.474919127304602, 12.9444473255734 ], [ 77.475038885823494, 12.945063585682 ], [ 77.475145187282095, 12.9454484170091 ], [ 77.475328429061094, 12.9460498976722 ], [ 77.475428465970893, 12.9463614276314 ], [ 77.475467468126197, 12.946502312953299 ], [ 77.475601056351806, 12.946984863152901 ], [ 77.476165338711795, 12.9485327491031 ], [ 77.476239608311303, 12.948798260803301 ], [ 77.476176186832703, 12.9488248892133 ], [ 77.476086281644498, 12.948856976245599 ], [ 77.475911677554393, 12.948910686886 ], [ 77.475533883807401, 12.9490591603463 ], [ 77.475298489944606, 12.9490072820715 ], [ 77.474954882452707, 12.948995648502001 ], [ 77.4740819199898, 12.949032174745801 ], [ 77.473768929924205, 12.949045558024901 ], [ 77.473005751099606, 12.9491517046852 ], [ 77.472819093943897, 12.9490597812792 ], [ 77.472472811893496, 12.9494638751625 ], [ 77.471102682574696, 12.9494638597545 ], [ 77.471101453461401, 12.949641997327101 ], [ 77.471133196662507, 12.950689110656599 ], [ 77.472104460072202, 12.9507730645494 ], [ 77.472455022657201, 12.9512712891365 ], [ 77.472536078217104, 12.951355316239299 ], [ 77.472581845306195, 12.951686352592599 ], [ 77.471447911123306, 12.9521812146345 ], [ 77.471642648586297, 12.953470662382999 ], [ 77.471709613177495, 12.9537706762688 ], [ 77.471947881707905, 12.954344315785001 ], [ 77.471999445027606, 12.954681735632899 ], [ 77.471994773015496, 12.9549062911736 ], [ 77.472067234467104, 12.954905603327401 ], [ 77.472396673878805, 12.9557815881344 ], [ 77.472805180802297, 12.956064577969601 ], [ 77.473610637569607, 12.9573709699823 ], [ 77.473754708151503, 12.9575709081243 ], [ 77.474175586193994, 12.958322205613401 ], [ 77.474465923795805, 12.9589452443106 ], [ 77.474668709849595, 12.9594152612302 ], [ 77.475253353931805, 12.9603350848785 ], [ 77.472878338806197, 12.9634654237594 ], [ 77.472719247813501, 12.9634786457594 ], [ 77.472261754223695, 12.963506416493599 ], [ 77.473109856647696, 12.9657463849887 ], [ 77.473549173122095, 12.966519530734701 ], [ 77.473718629830998, 12.9667988602184 ], [ 77.473646533412506, 12.9668248891295 ], [ 77.473391864728299, 12.966897037700299 ], [ 77.474509006271305, 12.9691199769342 ], [ 77.474657319081302, 12.969217805038801 ], [ 77.474725099394107, 12.9692779845891 ], [ 77.474767443499502, 12.9693789529224 ], [ 77.474844461055397, 12.9696529497011 ], [ 77.475005904922298, 12.969989736742299 ], [ 77.475110821621797, 12.9714628530421 ], [ 77.475036245161405, 12.9727857302706 ], [ 77.474897280624006, 12.9742742346199 ], [ 77.474798403695601, 12.975671920684601 ], [ 77.474252598375998, 12.979535751827999 ], [ 77.473991083332805, 12.981065618381599 ], [ 77.473828245188102, 12.982212699871701 ], [ 77.473520675329297, 12.983230528566899 ], [ 77.473419132404402, 12.983531621252499 ], [ 77.473252659813895, 12.983857722141799 ], [ 77.472888043445394, 12.984310522238401 ], [ 77.472685132059496, 12.9844955214898 ], [ 77.4725223996289, 12.984659321451799 ], [ 77.472189495141905, 12.984887153984999 ], [ 77.471611332678094, 12.985196367298601 ], [ 77.471181928442803, 12.9855332904877 ], [ 77.469963192715895, 12.9862771205578 ], [ 77.469074237695295, 12.9864769506235 ], [ 77.468494790892095, 12.9866571966423 ], [ 77.469377703222307, 12.988421169789801 ], [ 77.469724725537205, 12.9891917193998 ], [ 77.4701770651521, 12.9898863781755 ], [ 77.470449296463897, 12.990815734605 ], [ 77.470650857141806, 12.991462852346601 ], [ 77.471223130649193, 12.993558445699099 ], [ 77.471393899080894, 12.9942453764353 ], [ 77.471326694280407, 12.994729782003301 ], [ 77.471402255895001, 12.9951076276288 ], [ 77.471938868476101, 12.9958068262062 ], [ 77.472129813292597, 12.9959210235803 ], [ 77.472477164439695, 12.9968955446669 ], [ 77.473058179769097, 12.9967738874614 ], [ 77.4734631285273, 12.9966807072182 ], [ 77.473607120389303, 12.997451872153199 ], [ 77.473837491543406, 12.9977666164657 ], [ 77.473991048342299, 12.998993286868901 ], [ 77.474287068188005, 12.999307402049499 ], [ 77.474450730593404, 13.0005339760972 ], [ 77.474766359680004, 13.0007884804975 ], [ 77.474903838366004, 13.0014111398325 ], [ 77.475075387791193, 13.0019047204994 ], [ 77.475408004662597, 13.003362431371899 ], [ 77.475125763521007, 13.0034195968214 ], [ 77.475050871934101, 13.0045246411267 ], [ 77.474842465649502, 13.004898038488699 ], [ 77.475342077137199, 13.006388822489599 ], [ 77.474789059181703, 13.0066417052556 ], [ 77.4745880511596, 13.0067426668748 ], [ 77.474160639405696, 13.0069299728054 ], [ 77.473226210026198, 13.0071780445495 ], [ 77.472910461440705, 13.0072635600875 ], [ 77.473137272109597, 13.008460752273299 ], [ 77.473208960911194, 13.0088454045953 ], [ 77.473639616822197, 13.0088148861457 ], [ 77.474031457242305, 13.0096233024023 ], [ 77.474850187389606, 13.0113784577341 ], [ 77.475312465192303, 13.013176626968001 ], [ 77.476945154143394, 13.0148447646115 ], [ 77.476993448271202, 13.0150131830768 ], [ 77.477039788325897, 13.0152503408775 ], [ 77.477101722698805, 13.015474961698301 ], [ 77.477133027320903, 13.015706399329799 ], [ 77.4771453304038, 13.015761395668701 ], [ 77.477150905045406, 13.015845775065101 ], [ 77.477153783423503, 13.015929861282499 ], [ 77.477174585175007, 13.0160184482889 ], [ 77.4771957873036, 13.0161087499341 ], [ 77.477237723018106, 13.0162366344898 ], [ 77.477563006445195, 13.017447137180501 ], [ 77.478411619929602, 13.019317167710501 ], [ 77.478950068933003, 13.022097929122401 ], [ 77.478472024651794, 13.0221807583047 ], [ 77.478736738035707, 13.0263257887029 ], [ 77.4795794153777, 13.0291975396231 ], [ 77.476941928436503, 13.031579469742899 ], [ 77.478736494586002, 13.035032732745 ], [ 77.479941544834901, 13.0355130602294 ], [ 77.480081101658399, 13.036902720063599 ], [ 77.480093237206006, 13.037219540081001 ], [ 77.480096132194106, 13.0375100356 ], [ 77.480763782968097, 13.0378293775602 ], [ 77.481385151820504, 13.039473027810701 ], [ 77.482305501434894, 13.0399197995095 ], [ 77.482601513444095, 13.040564035615899 ], [ 77.482000405909403, 13.0410650126794 ], [ 77.481617956123102, 13.041207337771199 ], [ 77.481474550363401, 13.0416841175011 ], [ 77.481437619886094, 13.0427079081472 ], [ 77.481271314263495, 13.042914190267799 ], [ 77.481104215381393, 13.0430412454962 ], [ 77.480897041942995, 13.043201699721701 ], [ 77.480742624117298, 13.043249400557499 ], [ 77.4803188448154, 13.0432996823378 ], [ 77.480076617542906, 13.0433218123339 ], [ 77.479844422637598, 13.043791387134799 ], [ 77.479727547322099, 13.0441899436913 ], [ 77.479545837023494, 13.044340518154799 ], [ 77.479495541095105, 13.044546285063699 ], [ 77.479488397729995, 13.044879944038501 ], [ 77.479641511490797, 13.0455404011228 ], [ 77.479807818447597, 13.045415757357 ], [ 77.479807188789195, 13.0458776566536 ], [ 77.479771318220301, 13.045954982517699 ], [ 77.479725488772203, 13.0460837246029 ], [ 77.479669295690599, 13.0462228307125 ], [ 77.479628497256897, 13.046330998796099 ], [ 77.479608482686203, 13.0464235683772 ], [ 77.479771701572702, 13.0471880036435 ], [ 77.479778360075002, 13.047189511914 ], [ 77.479932184047499, 13.047498382450801 ], [ 77.4800974702069, 13.0481426848184 ], [ 77.480202573808995, 13.048469310630599 ], [ 77.480874211592507, 13.0483635517722 ], [ 77.481146028306298, 13.0483395887073 ], [ 77.481404641324005, 13.048306988957901 ], [ 77.4814835024155, 13.048293324144 ], [ 77.481948153227606, 13.048254234325199 ], [ 77.483145070156297, 13.0478734715964 ], [ 77.485069803854302, 13.0471331959591 ], [ 77.486159186176906, 13.0466977784506 ], [ 77.486271340355003, 13.046619459631099 ], [ 77.486454876621195, 13.046540244229099 ], [ 77.487327386508895, 13.0463578326349 ], [ 77.487834225306401, 13.0462300908728 ], [ 77.488508260626801, 13.046047192498399 ], [ 77.489077061659103, 13.045873913478299 ], [ 77.489408847306606, 13.0456986096709 ], [ 77.490694331655405, 13.045183775750001 ], [ 77.490988084764695, 13.0450757059062 ], [ 77.491027773743895, 13.045094685722001 ], [ 77.491105117101995, 13.0452585209989 ], [ 77.491349229521106, 13.045969359407 ], [ 77.491623802510702, 13.04676380616 ], [ 77.491881600780999, 13.047526141012799 ], [ 77.492067727595597, 13.048034230161999 ], [ 77.4920818950023, 13.0481341331795 ], [ 77.492103202494107, 13.0486179907788 ], [ 77.492165169384805, 13.0492176316168 ], [ 77.492190059184395, 13.049730498366699 ], [ 77.492256515437504, 13.0504494989771 ], [ 77.492257712330797, 13.050568888812901 ], [ 77.492554831910297, 13.051653230557401 ], [ 77.493006084199806, 13.0515681059178 ], [ 77.493641857226393, 13.0514530648438 ], [ 77.494302696382306, 13.051307961651 ], [ 77.494493599272303, 13.051262183537601 ], [ 77.494583631601699, 13.051240593523399 ], [ 77.4973068854014, 13.050642375566101 ], [ 77.496981079887405, 13.0498467294998 ], [ 77.496894800496193, 13.049636032331399 ], [ 77.496801023936101, 13.049407019603199 ], [ 77.496772059020998, 13.0489384825259 ], [ 77.497673379476097, 13.0486248363668 ], [ 77.498056922706397, 13.0484913678598 ], [ 77.499588818912699, 13.0479325482818 ], [ 77.501374094289204, 13.047280600349101 ], [ 77.502888634468704, 13.0467219314937 ], [ 77.504167233583104, 13.0462675415612 ], [ 77.505255788647702, 13.045882989122999 ], [ 77.506034134555506, 13.045688443861399 ], [ 77.507290756038998, 13.045331815198001 ], [ 77.507308840324797, 13.0453212363101 ], [ 77.507343108834206, 13.0453011883552 ], [ 77.507465676919594, 13.0452698819427 ], [ 77.508244264454703, 13.0450127781981 ], [ 77.508978271350102, 13.044687257317101 ], [ 77.5098646944748, 13.0442440862822 ], [ 77.510349438169897, 13.044007034917099 ], [ 77.511021788787602, 13.0436605953804 ], [ 77.511453962819203, 13.043432659015901 ], [ 77.512236967088199, 13.043179806216701 ], [ 77.513588478262307, 13.0427278018956 ], [ 77.515101909939901, 13.042231193041699 ], [ 77.515919662774905, 13.0419435691147 ], [ 77.516348004179903, 13.0417715984476 ], [ 77.516803440160203, 13.041447805796199 ], [ 77.516833029375604, 13.04142090062 ], [ 77.517253872504597, 13.040991181907 ], [ 77.518025570901898, 13.0402032026079 ], [ 77.518384985935597, 13.0399366641066 ], [ 77.518737244751094, 13.040594778206801 ], [ 77.519302192810898, 13.041454121028799 ], [ 77.519843551328094, 13.042258836912501 ], [ 77.520328707171203, 13.0430382788185 ], [ 77.520899956492897, 13.043868514253999 ], [ 77.521498420104805, 13.0447856120296 ], [ 77.522140657620994, 13.0457990892948 ], [ 77.522198742066095, 13.045888788488501 ], [ 77.527590237391607, 13.0421949503262 ], [ 77.531513188280996, 13.0393364803518 ], [ 77.535927391145705, 13.036070278882599 ], [ 77.540737099080005, 13.0324920622596 ], [ 77.541551241054705, 13.036477250969201 ], [ 77.541907023219395, 13.038180040216099 ], [ 77.541993790514894, 13.038392471739501 ], [ 77.542054938488107, 13.0384629666737 ], [ 77.542603693335195, 13.0389433950224 ], [ 77.542922113027402, 13.039220057136999 ], [ 77.542930566217393, 13.0392030594418 ], [ 77.543354243420396, 13.038806988760101 ], [ 77.543682705412095, 13.038402412077099 ], [ 77.544300502079395, 13.0377771765387 ], [ 77.544982011034406, 13.036674480598 ], [ 77.545596348700201, 13.0354343708429 ], [ 77.546103690217805, 13.0345282791343 ], [ 77.546532850874698, 13.033646128779401 ], [ 77.547602620625796, 13.031638222403799 ], [ 77.547959683545898, 13.0309528577406 ], [ 77.548343032980299, 13.0302648238351 ], [ 77.5487195428083, 13.0295890600457 ], [ 77.548961163826206, 13.029173060116699 ], [ 77.549610192572999, 13.0276621050887 ], [ 77.550018865528301, 13.0266091213278 ], [ 77.550822874289807, 13.025042449573601 ], [ 77.551579882955295, 13.023567357206201 ], [ 77.552661184724101, 13.021292076798099 ], [ 77.553393451072395, 13.0199276623703 ], [ 77.553533942668693, 13.019665883621 ], [ 77.553545890166205, 13.019654162806701 ], [ 77.553765312491294, 13.019322084395199 ], [ 77.553864114496506, 13.019155591138601 ], [ 77.5539332639718, 13.0192565877009 ], [ 77.554262834463898, 13.019737945065399 ], [ 77.554324661936406, 13.0198282471125 ], [ 77.554650416053605, 13.019824643691599 ], [ 77.555187529247803, 13.019845916425 ], [ 77.555306710520995, 13.019845813002 ], [ 77.555467892568899, 13.019845673984401 ], [ 77.555557802837399, 13.019885292211599 ], [ 77.555596116728296, 13.019928796253399 ], [ 77.555708792431005, 13.020174094070899 ], [ 77.555898035441501, 13.020674454108599 ], [ 77.555984795536006, 13.0209038516407 ], [ 77.556291641260501, 13.021619799517801 ], [ 77.556601223027599, 13.022394035977801 ], [ 77.556713109697597, 13.0226964355371 ], [ 77.556828126422602, 13.0230128103876 ], [ 77.556924904330998, 13.0232822507812 ], [ 77.557090316869093, 13.0237251341168 ], [ 77.557195083366693, 13.0240435991784 ], [ 77.557337353799298, 13.024459008801101 ], [ 77.557409308927504, 13.0247036545223 ], [ 77.557518644423595, 13.025058513255001 ], [ 77.557566411737, 13.0252281280479 ], [ 77.557648526334006, 13.0254936145139 ], [ 77.557714971711803, 13.0257251167461 ], [ 77.557766272343002, 13.0258379559739 ], [ 77.558007293070901, 13.0263872937893 ], [ 77.558408456814803, 13.0272729869342 ], [ 77.558535568372704, 13.027619719679199 ], [ 77.558786308618906, 13.0281960411513 ], [ 77.558824388545005, 13.028283564779599 ], [ 77.558876040963398, 13.0284057716443 ], [ 77.559059659080106, 13.0288402059197 ], [ 77.559261288574803, 13.0293172522705 ], [ 77.559393477850193, 13.0296333005764 ], [ 77.559496604368107, 13.029879862209301 ], [ 77.559511901864397, 13.0299180319372 ], [ 77.559847558509105, 13.0307555644247 ], [ 77.559923563478705, 13.030945210593099 ], [ 77.559929296385107, 13.030959521548001 ], [ 77.559790452085807, 13.0311386844957 ], [ 77.558657380179994, 13.032764051061701 ], [ 77.558275498012605, 13.033315444730899 ], [ 77.557541345555705, 13.0343754664099 ], [ 77.557511260593898, 13.0344320144708 ], [ 77.557510305038406, 13.034433807328901 ], [ 77.557380666450996, 13.0346774666467 ], [ 77.557378700558999, 13.034681998820799 ], [ 77.557344678607507, 13.034760384319201 ], [ 77.55733795447, 13.034775872707399 ], [ 77.5573387370695, 13.034810249566901 ], [ 77.557341091111795, 13.0349139872047 ], [ 77.557353529092396, 13.0350757914719 ], [ 77.557354208248398, 13.0350784860938 ], [ 77.557416313159493, 13.0353249820107 ], [ 77.557438178223904, 13.0354117705385 ], [ 77.557481565581796, 13.035594489409499 ], [ 77.557529576102397, 13.035796678116 ], [ 77.557556636358598, 13.035998501870299 ], [ 77.557558272400797, 13.036157706944801 ], [ 77.557515868352098, 13.036666631687501 ], [ 77.557394812827695, 13.037713462542399 ], [ 77.557380576999407, 13.0380196502594 ], [ 77.557343963294599, 13.0385684523309 ], [ 77.557799281897601, 13.038567681230401 ], [ 77.557857866031199, 13.0385675811652 ], [ 77.557901320827298, 13.038569927172 ], [ 77.557926091710002, 13.0385712670505 ], [ 77.558145342483598, 13.0385831111267 ], [ 77.558227237153005, 13.038595662957301 ], [ 77.558558232508403, 13.038646391858199 ], [ 77.5588773140515, 13.038698355658299 ], [ 77.559192499134696, 13.0388086800029 ], [ 77.559353730368102, 13.038865114686599 ], [ 77.559611115363793, 13.0389911725992 ], [ 77.559912470004903, 13.0391412888709 ], [ 77.560239435414005, 13.039352392853299 ], [ 77.560378982962604, 13.0394654076841 ], [ 77.560560663145907, 13.039612545507699 ], [ 77.560708700057205, 13.039765449376899 ], [ 77.560710352311702, 13.0397671559143 ], [ 77.560721344369895, 13.039778509265901 ], [ 77.560813189866806, 13.039873375564101 ], [ 77.5608231574885, 13.039885109460901 ], [ 77.561009194166203, 13.0401041447602 ], [ 77.561052508393402, 13.0401649666157 ], [ 77.561237361152294, 13.040424525084401 ], [ 77.561269040483296, 13.0404690092558 ], [ 77.5613645496408, 13.0406341673326 ], [ 77.561482588332595, 13.040838281467799 ], [ 77.561695113353693, 13.041205785514499 ], [ 77.561779292806406, 13.0413586980643 ], [ 77.562132608533801, 13.042000497874399 ], [ 77.562144382872305, 13.041982931138101 ], [ 77.562213141058606, 13.041880332939201 ], [ 77.563415053434596, 13.040243317740201 ], [ 77.5638520187712, 13.0396393505342 ], [ 77.564290918803806, 13.0390901688684 ], [ 77.564482081312207, 13.038850971172099 ], [ 77.564958709542196, 13.0382444570629 ], [ 77.565466339541402, 13.0375984860445 ], [ 77.565960366478805, 13.0369418060982 ], [ 77.566705677978206, 13.036156626860899 ], [ 77.567065893777396, 13.0358271552895 ], [ 77.5682278501437, 13.034517037263999 ], [ 77.568726631696194, 13.033839542259001 ], [ 77.569194333234293, 13.0331706171318 ], [ 77.569641990613206, 13.0325592187076 ], [ 77.569870008486305, 13.032251126548701 ], [ 77.571063272936101, 13.029176487249501 ], [ 77.571169004300401, 13.0287893282505 ], [ 77.571252308276001, 13.0284842956116 ], [ 77.571854277104094, 13.028349453902599 ], [ 77.572815624961905, 13.0281362988318 ], [ 77.573984443800498, 13.027904786318 ], [ 77.575323397301901, 13.027659364820799 ], [ 77.576546194252302, 13.027427305802 ], [ 77.577304972938705, 13.0273057362412 ], [ 77.577639569338203, 13.027248797829699 ], [ 77.577686439586699, 13.0272421862496 ], [ 77.577686613227101, 13.0272416921458 ], [ 77.577697966222999, 13.027121354502301 ], [ 77.577701105501404, 13.0268997703061 ], [ 77.578094089756704, 13.0268615741731 ], [ 77.578356182951893, 13.0268461089301 ], [ 77.578596332773202, 13.0268222908885 ], [ 77.578906012014798, 13.026759208968899 ], [ 77.579494910686407, 13.0266462051564 ], [ 77.579800263871405, 13.026587451240101 ], [ 77.579935436264293, 13.026556108219699 ], [ 77.5799963553808, 13.0265297878203 ], [ 77.5800744900599, 13.026477579518501 ], [ 77.580166153176407, 13.026430651689999 ], [ 77.580275468648694, 13.0262946079041 ], [ 77.580492370647093, 13.026074010096 ], [ 77.580631434638306, 13.025970453962101 ], [ 77.580781240422198, 13.0258632664512 ], [ 77.580859953986007, 13.025830771601401 ], [ 77.580892071190206, 13.025809314774801 ], [ 77.580924114428399, 13.0257808091373 ], [ 77.580963162317104, 13.0257346202467 ], [ 77.580998616148094, 13.025688466252801 ], [ 77.581037225010405, 13.025600000726801 ], [ 77.581099777312602, 13.025395033856199 ], [ 77.581120971824902, 13.0253595894496 ], [ 77.581149423746595, 13.025331122285801 ], [ 77.581188614752506, 13.025299021103001 ], [ 77.581238439071299, 13.025252723929199 ], [ 77.581295597451103, 13.025220446443599 ], [ 77.581427948087807, 13.025162757696 ], [ 77.581921756739504, 13.0249640630442 ], [ 77.582443719335203, 13.0247087150745 ], [ 77.582682941681497, 13.0245618824926 ], [ 77.582853790944299, 13.0244051592581 ], [ 77.584267649788302, 13.0231861380753 ], [ 77.584514805079195, 13.022938819716501 ], [ 77.584590966745793, 13.0228967395546 ], [ 77.584532882121096, 13.022715463101999 ], [ 77.584092670516497, 13.0211669490534 ], [ 77.583971117064493, 13.020702673291201 ], [ 77.583949841396603, 13.0205273707698 ], [ 77.583921102011999, 13.020382669840799 ], [ 77.583907373076798, 13.0201844007363 ], [ 77.583899763022202, 13.019825821378801 ], [ 77.583897429097306, 13.0196007303046 ], [ 77.583900227984401, 13.0191199537449 ], [ 77.583923971029407, 13.0180323020355 ], [ 77.583949180934397, 13.017085810632899 ], [ 77.583971828833796, 13.016642988409901 ], [ 77.583998318042106, 13.0154446596769 ], [ 77.583992687286795, 13.0145239145928 ], [ 77.584659383791106, 13.0145119557119 ], [ 77.585979990656696, 13.0144157163881 ], [ 77.5865721496954, 13.0143322788403 ], [ 77.586842472038597, 13.0142575863249 ], [ 77.587264240068393, 13.014081701777799 ], [ 77.587668659357306, 13.0138672224072 ], [ 77.587881875963504, 13.0137321800939 ], [ 77.588142614797903, 13.0134971814433 ], [ 77.588347538226103, 13.0132353674295 ], [ 77.589065539425405, 13.012318028861401 ], [ 77.589776571893594, 13.011262100415401 ], [ 77.590180706466498, 13.0106543585072 ], [ 77.5906164165268, 13.0099871159985 ], [ 77.590645197888705, 13.009944058116499 ], [ 77.591131527486098, 13.009216489565199 ], [ 77.591848474307596, 13.0081202928412 ], [ 77.592315461244496, 13.007365929109699 ], [ 77.5924830155558, 13.0071068248886 ], [ 77.592739212039902, 13.0067106412179 ], [ 77.593031456178906, 13.0061789868529 ], [ 77.593083768756699, 13.006042457510601 ], [ 77.593199914613095, 13.005739320399099 ], [ 77.593214739010406, 13.0056894472526 ], [ 77.593253352671695, 13.0055595152779 ], [ 77.593382972919599, 13.0051233782397 ], [ 77.5942342293731, 13.0022724841482 ], [ 77.594810622801404, 13.0004319384261 ], [ 77.595218722265102, 12.9990468396709 ], [ 77.595518798979597, 12.998108692001599 ], [ 77.595755240286493, 12.997242203935199 ], [ 77.595880482618, 12.996348662340701 ], [ 77.595961264203893, 12.9957723177103 ], [ 77.596136418721699, 12.994911683374299 ], [ 77.5961481258433, 12.9947855447595 ], [ 77.596116814497506, 12.994672061499401 ], [ 77.5956803546797, 12.994882897202601 ], [ 77.595159632437799, 12.9951508972089 ], [ 77.595118658221693, 12.995168347286 ], [ 77.594880418383298, 12.995269805996299 ], [ 77.594675473510605, 12.9953390794618 ], [ 77.594569789833898, 12.9953645797387 ], [ 77.594439434597106, 12.9954147743085 ], [ 77.594358616619303, 12.9954339179308 ], [ 77.594302721384096, 12.995452809799501 ], [ 77.594159711860399, 12.9954847973097 ], [ 77.594010153902801, 12.9954862915316 ], [ 77.593723690225005, 12.995507486707799 ], [ 77.592800968308097, 12.9954739205089 ], [ 77.591736352992996, 12.995427740638901 ], [ 77.591434796067205, 12.9954146603708 ], [ 77.590624930403195, 12.995379525343299 ], [ 77.589745892755602, 12.9953516230734 ], [ 77.589563571268897, 12.9956003018833 ], [ 77.589326832790405, 12.995808053779101 ], [ 77.589084938319701, 12.9959204739037 ], [ 77.588254080525701, 12.996332117263499 ], [ 77.587715220827306, 12.996655288128901 ], [ 77.587301054898603, 12.996983326321701 ], [ 77.586954995808995, 12.997267904883101 ], [ 77.586732299047497, 12.9974290223966 ], [ 77.586620754986797, 12.9974904843665 ], [ 77.5864392381676, 12.9975656312685 ], [ 77.586364647600206, 12.9975847105821 ], [ 77.586247993915705, 12.997604206210699 ], [ 77.586112551249698, 12.997614720866901 ], [ 77.585388780070403, 12.997686101113899 ], [ 77.584352055313602, 12.9977789312636 ], [ 77.584294994702205, 12.9984313490737 ], [ 77.584242167758106, 12.999082899909601 ], [ 77.584235339355999, 12.999230471575 ], [ 77.584219222437198, 12.999287996831301 ], [ 77.584169593579901, 12.9993376588075 ], [ 77.5840571819313, 12.9993807923536 ], [ 77.583877645477799, 12.9993897330174 ], [ 77.583610083959002, 12.999376007874501 ], [ 77.583283865032698, 12.999346475100101 ], [ 77.5829088496873, 12.9993007083868 ], [ 77.582502774320005, 12.9989690952019 ], [ 77.582047231182102, 12.998555693236799 ], [ 77.5816500969744, 12.9981335169233 ], [ 77.581043893201297, 12.997471658333801 ], [ 77.580858104241699, 12.997268809846 ], [ 77.580412957131102, 12.9973007852208 ], [ 77.579986718683301, 12.997335446692899 ], [ 77.579808314917003, 12.9973343647054 ], [ 77.579662898661098, 12.997335809691499 ], [ 77.579610572251397, 12.997339540469 ], [ 77.579422200051894, 12.9973469394084 ], [ 77.579443850649696, 12.997767080871 ], [ 77.578300763746995, 12.997811405519199 ], [ 77.578373903222399, 12.998854808576599 ], [ 77.578409351761593, 12.999093776820301 ], [ 77.5784143014085, 12.9991282400958 ], [ 77.578408665214695, 12.9991454009739 ], [ 77.578408029508495, 12.9992154142123 ], [ 77.578055935918599, 12.999224573239101 ], [ 77.577605857234602, 12.999147821509 ], [ 77.577180887650002, 12.999018649370599 ], [ 77.577048404567194, 12.9989856653988 ], [ 77.576880905439594, 12.998949215522 ], [ 77.576729228134397, 12.9989392862862 ], [ 77.576491937614605, 12.9989187772509 ], [ 77.576029486426094, 12.998923366902099 ], [ 77.575633096393503, 12.9989273002661 ], [ 77.575155020708806, 12.998924420116101 ], [ 77.574871211359394, 12.998915801441999 ], [ 77.574080926860105, 12.9989205025069 ], [ 77.573911290629297, 12.998921509725299 ], [ 77.573890197694098, 12.9996549947147 ], [ 77.573886465201397, 12.9997847855799 ], [ 77.573833609128798, 13.0005657851771 ], [ 77.573809824677497, 13.001015987853 ], [ 77.573723590011895, 13.001018302063301 ], [ 77.573536599992593, 13.0010167005659 ], [ 77.572567143087198, 13.001008398853999 ], [ 77.572559427391795, 13.001252707778001 ], [ 77.572555298907602, 13.0016322000566 ], [ 77.572557699994604, 13.0018651237386 ], [ 77.572531845696204, 13.0018653800159 ], [ 77.572250063001206, 13.001862201197399 ], [ 77.572253596328594, 13.002204993661 ], [ 77.572208513658595, 13.0028541372441 ], [ 77.572207741799602, 13.0028705144535 ], [ 77.572188520840996, 13.0032784189219 ], [ 77.572185876343994, 13.003317270775 ], [ 77.572179999697894, 13.0033382347913 ], [ 77.572176448243695, 13.003401629644999 ], [ 77.572064862680193, 13.0033961188139 ], [ 77.571973443152402, 13.0033910531253 ], [ 77.571729570698096, 13.003369576616601 ], [ 77.571485824114603, 13.003360045814199 ], [ 77.571354750157994, 13.0033493992528 ], [ 77.571291753544998, 13.003349778633501 ], [ 77.571319165735403, 13.0021138263232 ], [ 77.571360019828703, 12.9994146395325 ], [ 77.571401511549496, 12.9973326312049 ], [ 77.571396368694906, 12.996833324755499 ], [ 77.570133089673206, 12.9967659326575 ], [ 77.569183813313799, 12.996775328239799 ], [ 77.568641368029006, 12.9967806956027 ], [ 77.568545613428299, 12.9967816429533 ], [ 77.568085359470999, 12.996786195995099 ], [ 77.567448259774196, 12.9968190965205 ], [ 77.567196767883601, 12.996843141576599 ], [ 77.567144037040705, 12.996848182043999 ], [ 77.566944028862395, 12.9968726031705 ], [ 77.566749455726395, 12.9968689164561 ], [ 77.566560312155005, 12.9968371201488 ], [ 77.566399542592507, 12.9967826023922 ], [ 77.566213443504296, 12.996707554605299 ], [ 77.566161025706805, 12.996684971461599 ], [ 77.566051614743202, 12.9966339616619 ], [ 77.566382772734499, 12.9962112132917 ], [ 77.5667132487266, 12.995722674893001 ], [ 77.566968163400304, 12.995226656484499 ], [ 77.567099135478898, 12.9949128119144 ], [ 77.567322532459897, 12.994614504468601 ], [ 77.567653936916997, 12.994216429685 ], [ 77.568026258597101, 12.993719248971599 ], [ 77.568384924034802, 12.9933806772203 ], [ 77.5677583949184, 12.993407579217701 ], [ 77.567785189151806, 12.9926283384514 ], [ 77.567785803653805, 12.992610507296099 ], [ 77.567820029655095, 12.991782373282399 ], [ 77.567842741286398, 12.9912198067614 ], [ 77.567866823321296, 12.990444165930599 ], [ 77.567877557956194, 12.989755975541801 ], [ 77.567918153793997, 12.988854429172701 ], [ 77.567923875387393, 12.988718153933901 ], [ 77.567926466476806, 12.9886238225246 ], [ 77.567926277447, 12.988605432847599 ], [ 77.567925999794596, 12.988578421513401 ], [ 77.567918519103003, 12.9885435644435 ], [ 77.567914563866594, 12.9885051852039 ], [ 77.567905604488601, 12.988409825104201 ], [ 77.567794042264396, 12.9884172420846 ], [ 77.566802914899597, 12.9884672713223 ], [ 77.565695723325106, 12.9885166272327 ], [ 77.565069242455195, 12.9885348081554 ], [ 77.565088022993194, 12.988317785077101 ], [ 77.565039695800607, 12.988318262256501 ], [ 77.563963663612896, 12.988385306153299 ], [ 77.563960311108104, 12.988374177980299 ], [ 77.563939806994696, 12.988175239376901 ], [ 77.562263290301004, 12.9882745738028 ], [ 77.561475525362795, 12.9882823424166 ], [ 77.561446259332101, 12.988281201714599 ], [ 77.561445890214699, 12.9882835687919 ], [ 77.561446907874, 12.9881751676663 ], [ 77.561484839507699, 12.987994086433799 ], [ 77.5615407016749, 12.987800128545 ], [ 77.561579350054203, 12.9877223873467 ], [ 77.561625723258899, 12.9876290947016 ], [ 77.561743947687702, 12.987480894418299 ], [ 77.561791093298993, 12.9873438009864 ], [ 77.561816673739798, 12.987273924916 ], [ 77.561813383700994, 12.987209486833001 ], [ 77.561776095508506, 12.987163437723201 ], [ 77.561280590952094, 12.987052281575901 ], [ 77.561056489354698, 12.9869951798466 ], [ 77.560990174128506, 12.986939099267101 ], [ 77.560804216323902, 12.986755264032199 ], [ 77.560769243990805, 12.9866782467522 ], [ 77.560763324302798, 12.986613836329701 ], [ 77.560783328845702, 12.9865130674137 ], [ 77.560973089033794, 12.9860418673916 ], [ 77.561011525997102, 12.9859434961628 ], [ 77.561020854793, 12.9858273617098 ], [ 77.561009094711594, 12.9857062772936 ], [ 77.560988865217695, 12.985528542972901 ], [ 77.560966600373703, 12.9853786442863 ], [ 77.560972967123604, 12.9852505330072 ], [ 77.560968676041995, 12.9850980919181 ], [ 77.560985126600599, 12.984907103757401 ], [ 77.5610182752892, 12.9848062053072 ], [ 77.561054234993406, 12.984748929594099 ], [ 77.561058137291695, 12.984733629062999 ], [ 77.561098913812202, 12.984677655634901 ], [ 77.561300922458997, 12.984207600693299 ], [ 77.561415918290194, 12.983785207778499 ], [ 77.561523550097604, 12.9828907111142 ], [ 77.561587714182096, 12.9826049699422 ], [ 77.561614459189897, 12.9824858604303 ], [ 77.5616135942076, 12.9824014618601 ], [ 77.561612150775701, 12.982260621118099 ], [ 77.561611821405293, 12.982228483046899 ], [ 77.561611017913293, 12.9822278386718 ], [ 77.561607382893001, 12.982122601203599 ], [ 77.561588951369004, 12.9819615197472 ], [ 77.561604997225103, 12.981874624488199 ], [ 77.561459739344599, 12.981852990905301 ], [ 77.561388166780205, 12.981853696277 ], [ 77.561336702854504, 12.981852010773199 ], [ 77.561271884068901, 12.9818570367331 ], [ 77.561240526923399, 12.9818529585691 ], [ 77.561218046853, 12.981842212152999 ], [ 77.561195298001707, 12.981805144404399 ], [ 77.561135684080298, 12.9816631422021 ], [ 77.561030039376803, 12.981307105080999 ], [ 77.561024807514301, 12.9812726608949 ], [ 77.560963334999101, 12.9810184578047 ], [ 77.560925714859096, 12.9809113759826 ], [ 77.560853326071694, 12.980737779181499 ], [ 77.560766428423904, 12.9805738775178 ], [ 77.560650290986302, 12.9804078769257 ], [ 77.560490598577005, 12.9802685678585 ], [ 77.560251349112406, 12.9802064538806 ], [ 77.560031917159606, 12.9801775741693 ], [ 77.559792740232396, 12.9801226216196 ], [ 77.559560671678597, 12.9800484970543 ], [ 77.559430882685803, 12.979975754840799 ], [ 77.559262251904499, 12.9798725880035 ], [ 77.559192575424703, 12.979767972503501 ], [ 77.559149596417896, 12.9796131889919 ], [ 77.559167266588602, 12.9794363160476 ], [ 77.559135584620805, 12.979195460093999 ], [ 77.559053385032897, 12.9790147964409 ], [ 77.558942630049103, 12.9788988836148 ], [ 77.558810429812695, 12.978828551617299 ], [ 77.558647215895505, 12.97882060585 ], [ 77.558476843829794, 12.978827059259601 ], [ 77.558257730625996, 12.978829215646 ], [ 77.558074794550606, 12.978797585217899 ], [ 77.557886258331493, 12.9786943773091 ], [ 77.557631643969799, 12.978558388698801 ], [ 77.557374571778396, 12.978420039741099 ], [ 77.556974302000498, 12.9783260764705 ], [ 77.556872072799607, 12.9783294679803 ], [ 77.556656730352998, 12.978224135731301 ], [ 77.556414073055294, 12.9780665375584 ], [ 77.556085178739806, 12.97780949855 ], [ 77.555776224700907, 12.977597634691501 ], [ 77.555529235193902, 12.977492609702599 ], [ 77.555298141317095, 12.977275201390601 ], [ 77.555186958979405, 12.9770479971481 ], [ 77.555169324796395, 12.977011959799301 ], [ 77.555136501859295, 12.976944886104199 ], [ 77.555018733482896, 12.9766189133995 ], [ 77.554902260171403, 12.976419479969101 ], [ 77.554663810866302, 12.975958587474199 ], [ 77.554492845752605, 12.975560172636699 ], [ 77.554496299931102, 12.975560307649101 ], [ 77.555694379268104, 12.9756067265102 ], [ 77.558543036475498, 12.975763698372999 ], [ 77.558703889609902, 12.9757649415521 ], [ 77.558687192248598, 12.975570371062201 ], [ 77.558655265952595, 12.975325460705401 ], [ 77.558576172595806, 12.975142320347899 ], [ 77.558515832412297, 12.974995060544799 ], [ 77.558443390971107, 12.974743335536299 ], [ 77.558326420548596, 12.974452382261299 ], [ 77.558057081724002, 12.9740042525686 ], [ 77.557950485400994, 12.973821045401399 ], [ 77.557905966410203, 12.9737024427821 ], [ 77.557952230777204, 12.973666526998199 ], [ 77.557958725021905, 12.9734873191662 ], [ 77.557993241540899, 12.9730249341315 ], [ 77.557950108037502, 12.972957836649799 ], [ 77.5579432113487, 12.9728562735973 ], [ 77.557801456993801, 12.972316462099 ], [ 77.557731627489702, 12.9720240254701 ], [ 77.557545299699996, 12.971062993530699 ], [ 77.557382506479001, 12.970245975943801 ], [ 77.557166130071494, 12.9703021986619 ], [ 77.557159287081205, 12.9699921302853 ], [ 77.557117138913995, 12.9694660324199 ], [ 77.556984921220703, 12.9694817576134 ], [ 77.556709018662204, 12.9694700439267 ], [ 77.556377671025103, 12.9694300246554 ], [ 77.555994480041804, 12.969354454567201 ], [ 77.555655298537005, 12.9692676298761 ], [ 77.555562752046797, 12.9692389968319 ], [ 77.555385227757398, 12.9691840712327 ], [ 77.555203932619307, 12.969126763071401 ], [ 77.555006679456298, 12.9690644120901 ], [ 77.554559904223396, 12.968940482193 ], [ 77.554250440781004, 12.968854640239799 ], [ 77.553474635572101, 12.968650560089801 ], [ 77.552859027608093, 12.968486143939099 ], [ 77.552572247024202, 12.9684037289858 ], [ 77.552271366689695, 12.9683132043056 ], [ 77.551905707996298, 12.9681930721732 ], [ 77.551697186739204, 12.968087895499099 ], [ 77.551434935491599, 12.9679365049418 ], [ 77.551174782237993, 12.9677163616741 ], [ 77.550996370161101, 12.9675394034833 ], [ 77.550675758378603, 12.967163142201899 ], [ 77.550305583356106, 12.966731510459899 ], [ 77.550281084611598, 12.966690636694601 ], [ 77.550235654832605, 12.9666148405306 ], [ 77.550055965068907, 12.9664144138408 ], [ 77.550005976934003, 12.9663586541261 ], [ 77.549756983301094, 12.9661329028647 ], [ 77.549414960711204, 12.9658558208959 ], [ 77.548996975695601, 12.9655519927786 ], [ 77.548683403102501, 12.965315872190899 ], [ 77.548466003420003, 12.965164040276701 ], [ 77.548257290849406, 12.965039616390699 ], [ 77.548023574932202, 12.9649374283625 ], [ 77.547514409146203, 12.9647637072443 ], [ 77.547022257352694, 12.9646090640914 ], [ 77.546628435369698, 12.964475452517799 ], [ 77.546369799780393, 12.964403751974199 ], [ 77.546159100298695, 12.9643590727934 ], [ 77.5459671370417, 12.964344538574499 ], [ 77.545637541413498, 12.9643449324039 ], [ 77.545315332067204, 12.964361829468301 ], [ 77.544970755912004, 12.9643844451865 ], [ 77.544732442630107, 12.9643812772087 ], [ 77.544462737112596, 12.9643234282468 ], [ 77.5442152055696, 12.9642406189406 ], [ 77.543956039636996, 12.9641166852407 ], [ 77.543875697148295, 12.9640644009512 ], [ 77.543816113103006, 12.9640256274498 ], [ 77.543815702869097, 12.9640258699753 ], [ 77.5444118510339, 12.963312415837599 ], [ 77.544488493984005, 12.9633657155153 ], [ 77.544568973747104, 12.9632799955198 ], [ 77.544636516334606, 12.963212418940699 ], [ 77.544735284413306, 12.963118801777799 ], [ 77.544844835241705, 12.9630533865757 ], [ 77.544972831383802, 12.9629955156067 ], [ 77.545111325280203, 12.9629375401183 ], [ 77.545268133596693, 12.962874236600801 ], [ 77.545427304415895, 12.9627851764612 ], [ 77.545513265768406, 12.962722565719201 ], [ 77.545557508511493, 12.9626861009484 ], [ 77.545570183867298, 12.962642223904201 ], [ 77.545572256732498, 12.9625881564648 ], [ 77.545553235742304, 12.9625240012414 ], [ 77.5455027520577, 12.9624627249993 ], [ 77.545441746274307, 12.9623989794813 ], [ 77.545357206533694, 12.962343185125301 ], [ 77.545257026165999, 12.962297840498699 ], [ 77.545183112353101, 12.962254810233301 ], [ 77.545320426562498, 12.962081029062499 ], [ 77.545583751044006, 12.9616537938407 ], [ 77.5457412670401, 12.961410858809099 ], [ 77.545919625686494, 12.9611357714963 ], [ 77.546184522606296, 12.9606540894936 ], [ 77.546302702691307, 12.9604230085847 ], [ 77.546481169222801, 12.9600740454438 ], [ 77.546807428878196, 12.959570444717601 ], [ 77.547060314069498, 12.9590933574529 ], [ 77.547405825105102, 12.9584141674378 ], [ 77.547782946140799, 12.957739827625799 ], [ 77.548155251228806, 12.957067469046899 ], [ 77.548362495894096, 12.9566931977969 ], [ 77.548411257668903, 12.956609679471701 ], [ 77.548585688695098, 12.9563109138532 ], [ 77.548792601046998, 12.9559565092933 ], [ 77.549095184806305, 12.955451792906 ], [ 77.5490991711726, 12.9554451414254 ], [ 77.549305981687795, 12.9550876451297 ], [ 77.549586793148194, 12.9547255989897 ], [ 77.549333577845701, 12.9547357195144 ], [ 77.549279891856699, 12.9540558748955 ], [ 77.549249473908205, 12.9533643356576 ], [ 77.549220453717794, 12.9528103875626 ], [ 77.549207323783307, 12.952669090437199 ], [ 77.549206779360105, 12.9526155835567 ], [ 77.549147383183396, 12.952351942145301 ], [ 77.549125979847801, 12.9522788499216 ], [ 77.549586519908402, 12.9522097137081 ], [ 77.550507418454998, 12.9520638570669 ], [ 77.550732419160695, 12.9520844607254 ], [ 77.550898748068406, 12.952052422097999 ], [ 77.551042520400401, 12.9520890281063 ], [ 77.551163004589398, 12.952122057649101 ], [ 77.551275351065499, 12.952117157236501 ], [ 77.551337238962404, 12.952105146600299 ], [ 77.5514338885651, 12.952081391917099 ], [ 77.551476246178893, 12.9520543681842 ], [ 77.551522653562799, 12.952166320651999 ], [ 77.551569262887796, 12.9521107717697 ], [ 77.551643153585204, 12.952042521254199 ], [ 77.551975035401696, 12.951673497326899 ], [ 77.552287018230501, 12.951237344790799 ], [ 77.5523540463698, 12.951143636764099 ], [ 77.5523703335368, 12.951120880664 ], [ 77.552588840250905, 12.950815615125901 ], [ 77.552670332969896, 12.9507033717172 ], [ 77.552791356408605, 12.9505572892933 ], [ 77.553280617543507, 12.950883610210401 ], [ 77.553464488288, 12.9508567222887 ], [ 77.553637412201397, 12.950759707336699 ], [ 77.553840975271598, 12.950657373173 ], [ 77.553927516533605, 12.9506163893109 ], [ 77.554044333643404, 12.9505349740986 ], [ 77.5542220137296, 12.950402792843599 ], [ 77.554399695441901, 12.950270609676201 ], [ 77.554460352935607, 12.950199777963199 ], [ 77.554499786808705, 12.9500539032622 ], [ 77.554524237536199, 12.9499432894211 ], [ 77.554578605094306, 12.949757130199 ], [ 77.554741504046206, 12.9496802798009 ], [ 77.554990889756397, 12.9505608099716 ], [ 77.555559535163297, 12.9504131806631 ], [ 77.555618788838203, 12.9503959440455 ], [ 77.555714254210699, 12.950378225655101 ], [ 77.555745475885303, 12.9503740218035 ], [ 77.555995629078694, 12.950340334734101 ], [ 77.556193341281997, 12.950293897437801 ], [ 77.556317183840704, 12.9502622382493 ], [ 77.556405163492897, 12.9502262447101 ], [ 77.556519267227401, 12.9501759441504 ], [ 77.556690022522602, 12.9500618543698 ], [ 77.556760933032393, 12.949990898122101 ], [ 77.556784594380005, 12.949969589069999 ], [ 77.556813172867606, 12.949962282363201 ], [ 77.556834756536304, 12.949971439395799 ], [ 77.557333200117696, 12.9500819211046 ], [ 77.557640935467305, 12.9501383564932 ], [ 77.557655480700902, 12.9501390276988 ], [ 77.557703398955198, 12.9501498116043 ], [ 77.557715310874798, 12.9501524908517 ], [ 77.558084232289403, 12.9501928685292 ], [ 77.558086252742697, 12.9503907893474 ], [ 77.557942924521797, 12.9504024935567 ], [ 77.557711020035299, 12.950464639332001 ], [ 77.557635713362401, 12.9504910369957 ], [ 77.557595139571504, 12.9505028406428 ], [ 77.557589793255502, 12.9505485069934 ], [ 77.557587845641805, 12.950642606053 ], [ 77.557529822111704, 12.950804629373 ], [ 77.557522347089503, 12.950813841258 ], [ 77.557447973692703, 12.950939544314201 ], [ 77.557325546217001, 12.9510383813709 ], [ 77.557167283198496, 12.9511375692929 ], [ 77.556964985765703, 12.951213759085601 ], [ 77.556750505768093, 12.9512666334778 ], [ 77.556488643477707, 12.951359031145801 ], [ 77.556286267709595, 12.951427408122001 ], [ 77.556119563364405, 12.951479813168699 ], [ 77.555937052472103, 12.9515440911093 ], [ 77.5557226098244, 12.951600870936501 ], [ 77.555760794704696, 12.9517663625743 ], [ 77.5557733756023, 12.951803643293699 ], [ 77.555795710272406, 12.9518899313793 ], [ 77.5558518151839, 12.9520593813756 ], [ 77.5559005805856, 12.952175567585099 ], [ 77.555991110157805, 12.952388012370999 ], [ 77.556060233058503, 12.9525006667804 ], [ 77.556156776384398, 12.952636385711401 ], [ 77.556284518531697, 12.9528317989634 ], [ 77.556587560062397, 12.953248277348999 ], [ 77.556636413655497, 12.953319604760001 ], [ 77.557654242706505, 12.9531879574765 ], [ 77.5584431119116, 12.953156687565899 ], [ 77.558434918085297, 12.9532080854169 ], [ 77.558517756310394, 12.953199865982199 ], [ 77.558565436745198, 12.953209400662599 ], [ 77.558602884201306, 12.953215698489201 ], [ 77.5586470968897, 12.9532185969869 ], [ 77.558762840758007, 12.953237458799901 ], [ 77.558923035642707, 12.9532825511887 ], [ 77.559315774875699, 12.9534686910687 ], [ 77.559762649214704, 12.953630965456799 ], [ 77.559916014784804, 12.9536727914255 ], [ 77.559984013004396, 12.9536754558741 ], [ 77.560028191690805, 12.953675021598199 ], [ 77.560092758057394, 12.9536743868982 ], [ 77.560164054638804, 12.953667018503401 ], [ 77.560340321006393, 12.953621954014601 ], [ 77.560601100223593, 12.9535327232502 ], [ 77.560772996367106, 12.953460888663701 ], [ 77.5611210855282, 12.9533831817056 ], [ 77.561407701758895, 12.9533651559597 ], [ 77.561689228912599, 12.953391669779901 ], [ 77.561689862496905, 12.953318684128799 ], [ 77.561691928392705, 12.953037409627999 ], [ 77.5617458355716, 12.9524963087709 ], [ 77.561753121951796, 12.9523749679263 ], [ 77.561773540046204, 12.952034960795901 ], [ 77.5617720771574, 12.951891883913699 ], [ 77.561786714580407, 12.951738046612499 ], [ 77.561812482894396, 12.9516159006054 ], [ 77.561870233207102, 12.951451039916501 ], [ 77.561960349372299, 12.9512805639182 ], [ 77.562093364263205, 12.951077866090101 ], [ 77.562111130746501, 12.951052051240399 ], [ 77.562261423983799, 12.9507431257646 ], [ 77.562236816503898, 12.9505989792187 ], [ 77.562232958256402, 12.9504617288341 ], [ 77.562241976793601, 12.9502867472216 ], [ 77.562201824151799, 12.9500592552107 ], [ 77.562141093317393, 12.949932659418399 ], [ 77.562064585582505, 12.949848616179301 ], [ 77.561971978620804, 12.9497753305942 ], [ 77.561765098404194, 12.9496236762966 ], [ 77.561628887783897, 12.949513718889101 ], [ 77.561590308623295, 12.9494399045586 ], [ 77.561485133764194, 12.9493440700744 ], [ 77.561534268896906, 12.9492219464031 ], [ 77.561717469906498, 12.9492177977942 ], [ 77.561866575391306, 12.9491079862921 ], [ 77.562147383685698, 12.948907535750299 ], [ 77.562256696644098, 12.948981873972 ], [ 77.562411185678499, 12.949051335432101 ], [ 77.562483816719904, 12.949077237753 ], [ 77.562578925128506, 12.949089610135401 ], [ 77.562664807480004, 12.949084329357399 ], [ 77.562759734455298, 12.949078959576999 ], [ 77.562827388655407, 12.949060547442899 ], [ 77.562890387256104, 12.949028877702901 ], [ 77.562967043457803, 12.949005941007499 ], [ 77.563029996631698, 12.9489698330067 ], [ 77.563385775002999, 12.948819938345199 ], [ 77.563666180495801, 12.9487136476346 ], [ 77.563853070524104, 12.9485795344502 ], [ 77.563942043965, 12.9485634536766 ], [ 77.564054035722506, 12.9485243404068 ], [ 77.5641389019126, 12.948485493168301 ], [ 77.564247579825206, 12.948426708986201 ], [ 77.564255757899204, 12.948361554417501 ], [ 77.564264957194595, 12.948116579614201 ], [ 77.564228738486904, 12.947627170261899 ], [ 77.564211754526895, 12.9471107859217 ], [ 77.564233109379899, 12.9465289808872 ], [ 77.564230657505504, 12.945526513735199 ], [ 77.564254898926194, 12.9437011298133 ], [ 77.564268286011497, 12.942721466182 ], [ 77.564270324001399, 12.941895121260799 ], [ 77.564271184175098, 12.9418605194832 ], [ 77.564278969819895, 12.9418313796244 ], [ 77.564279318976105, 12.9417901316341 ], [ 77.564332890609705, 12.941791038374101 ], [ 77.5643875021414, 12.9417905010882 ], [ 77.5645864338004, 12.941788543837401 ], [ 77.564888513908599, 12.9417893993782 ], [ 77.564992140842193, 12.941788379631999 ], [ 77.565027246197801, 12.941788034166599 ], [ 77.565104747150201, 12.941784521359899 ], [ 77.565088534281998, 12.9416774109797 ], [ 77.565088524634604, 12.9416764678675 ], [ 77.565084163894596, 12.9416485316808 ], [ 77.565071825020098, 12.941569495984499 ], [ 77.565009090248907, 12.941156872952 ], [ 77.564992585499695, 12.9410690316013 ], [ 77.564960715482201, 12.9410042991432 ], [ 77.564908754251107, 12.940882367860601 ], [ 77.564313486001396, 12.939893386099801 ], [ 77.564062965542405, 12.9394124842474 ], [ 77.563993479922999, 12.939285821937601 ], [ 77.564133447052299, 12.939282476673 ], [ 77.564142307161006, 12.939283474578099 ], [ 77.564363635037395, 12.939278439032799 ], [ 77.564492344938003, 12.939283967828 ], [ 77.564742481181298, 12.939294713815 ], [ 77.565267013985107, 12.939315267059101 ], [ 77.565916231894406, 12.9393274502286 ], [ 77.565897139247795, 12.939739060575601 ], [ 77.5659296494768, 12.939879692158 ], [ 77.5659735367488, 12.9399935444715 ], [ 77.566024840156302, 12.940073038571001 ], [ 77.566107366891401, 12.940167462058 ], [ 77.566185504979899, 12.940212408563699 ], [ 77.5666594489131, 12.940222979279699 ], [ 77.566714043049402, 12.941003387473501 ], [ 77.566727174426703, 12.9411480186182 ], [ 77.566739565056807, 12.9412202768303 ], [ 77.566767568358998, 12.9413000001272 ], [ 77.566827147929502, 12.941428935302801 ], [ 77.566961136448199, 12.941618090093799 ], [ 77.5671536122654, 12.941829526119101 ], [ 77.567645330743304, 12.942438006498101 ], [ 77.567708365052695, 12.9425250051326 ], [ 77.567763591619794, 12.942608268995899 ], [ 77.567807168336699, 12.9426916503278 ], [ 77.567839409954999, 12.9428056140934 ], [ 77.567853202696696, 12.943015000756599 ], [ 77.567861028612498, 12.9433996808943 ], [ 77.5678706521702, 12.943527729167799 ], [ 77.567850538698593, 12.9436306960534 ], [ 77.568078032117995, 12.943648964645 ], [ 77.568331743171697, 12.9436677778299 ], [ 77.570164343293101, 12.9436710237044 ], [ 77.571099574397607, 12.943664463097299 ], [ 77.572305741777797, 12.943679202657901 ], [ 77.573435750676296, 12.943684032445899 ], [ 77.573616785470193, 12.943685943471101 ], [ 77.573773197638502, 12.9436939094299 ], [ 77.573773197304703, 12.943693876909 ], [ 77.573756174798703, 12.9427350596222 ], [ 77.573773195461399, 12.9414559837774 ], [ 77.573796078977395, 12.9407090170155 ], [ 77.573848844389104, 12.940709055249901 ], [ 77.573851163012904, 12.940633063091299 ], [ 77.574027592340698, 12.9406359141115 ], [ 77.576252416963598, 12.9406017098113 ], [ 77.577656867320798, 12.940587825612599 ], [ 77.577748180787296, 12.9405869226386 ], [ 77.577753914875203, 12.9403781588274 ], [ 77.577678208522101, 12.939704529362899 ], [ 77.577840883254297, 12.939474587194301 ], [ 77.577916540931795, 12.9393808842872 ], [ 77.579159628600095, 12.9378279717572 ], [ 77.579738168508896, 12.937113076363 ], [ 77.579941443828602, 12.936878749389599 ], [ 77.580078380614694, 12.936722035165801 ], [ 77.581095506691597, 12.936743744586099 ], [ 77.582881735533405, 12.936721255645301 ], [ 77.584902601302502, 12.936646242252699 ], [ 77.584903523837298, 12.936489329511399 ], [ 77.584884158153599, 12.9346097797204 ], [ 77.584828570698093, 12.932934679102001 ], [ 77.583921932073807, 12.932953327939799 ], [ 77.583821308103097, 12.932955399917899 ], [ 77.582348788811203, 12.932991467617599 ], [ 77.581259508762102, 12.9330237317024 ], [ 77.579649447632804, 12.933058325815701 ], [ 77.579635474559296, 12.933057916532499 ], [ 77.5796612955412, 12.930829869215501 ], [ 77.579672175827596, 12.9301793678757 ], [ 77.579662039415098, 12.9291931124306 ], [ 77.579669908991704, 12.9282497497859 ], [ 77.5796721913715, 12.927190146182101 ], [ 77.5796889790835, 12.9262596190775 ], [ 77.579704437116803, 12.925199887825899 ], [ 77.579741936781403, 12.9241485521113 ], [ 77.579741701577603, 12.923426800822 ], [ 77.579698921214202, 12.9234314237983 ], [ 77.579650076145896, 12.923436701179501 ], [ 77.579028866567498, 12.9234701408449 ], [ 77.577261787507297, 12.9234875965128 ], [ 77.5761256152215, 12.9235124638138 ], [ 77.5748131521201, 12.923534513872401 ], [ 77.573600779900701, 12.923554849432501 ], [ 77.573573158131595, 12.922207248356299 ], [ 77.573568556433003, 12.921115485224099 ], [ 77.573565377794495, 12.921036545024499 ], [ 77.574395559462502, 12.920791048794699 ], [ 77.574430372095705, 12.9207711710699 ], [ 77.574396291006295, 12.920525888858601 ], [ 77.574394931461796, 12.920498828571001 ], [ 77.574385436776097, 12.9203954970209 ], [ 77.574362360468797, 12.9202012849137 ], [ 77.574287533747906, 12.9198958823112 ], [ 77.574181131247599, 12.919543939862001 ], [ 77.574054178087806, 12.919127511963101 ], [ 77.573772562861393, 12.9184082008258 ], [ 77.573683866567507, 12.9182037767984 ], [ 77.573616891001294, 12.9180062153435 ], [ 77.573614063039798, 12.917730150417 ], [ 77.573649093902205, 12.916916196947399 ], [ 77.573097957661105, 12.9167437362798 ], [ 77.572553392322405, 12.916596899221499 ], [ 77.571760091387503, 12.916570892821801 ], [ 77.571277591833393, 12.9165925534642 ], [ 77.570793710738798, 12.916478940188499 ], [ 77.570522551527503, 12.9163784497562 ], [ 77.570425025756293, 12.916339906293899 ], [ 77.570370117401197, 12.916298616903701 ], [ 77.570262293745401, 12.916182718080201 ], [ 77.570189145554295, 12.916076395109499 ], [ 77.570117595443307, 12.915929288048099 ], [ 77.570073840052999, 12.915820496603301 ], [ 77.570020034079704, 12.915745415233101 ], [ 77.569977688706501, 12.915684338420601 ], [ 77.569926052172804, 12.9156429769452 ], [ 77.569646302858999, 12.915543196905 ], [ 77.569545128933896, 12.9155101015181 ], [ 77.569466945365207, 12.9157056210954 ], [ 77.569079112024596, 12.916555004723101 ], [ 77.568775217103806, 12.9171837131972 ], [ 77.568666800070005, 12.9175399194586 ], [ 77.568654971548, 12.9178367545549 ], [ 77.568658305004305, 12.9178916445439 ], [ 77.568657228706499, 12.9179565403039 ], [ 77.568669211289205, 12.9180229464561 ], [ 77.568675542170496, 12.9180894082085 ], [ 77.568698767837603, 12.9181501601511 ], [ 77.568578274305196, 12.9181794719024 ], [ 77.566026917406802, 12.918764506611501 ], [ 77.565745147054002, 12.917979325798999 ], [ 77.565523501142707, 12.9175207682467 ], [ 77.565467475401604, 12.9174043834901 ], [ 77.565394881953097, 12.9172998531162 ], [ 77.565300808081005, 12.9171931928914 ], [ 77.565230884637302, 12.9171167020877 ], [ 77.5650067896606, 12.916885028471 ], [ 77.564898413276495, 12.9167785085359 ], [ 77.564844462308798, 12.9167443339947 ], [ 77.564721086778903, 12.9170798799059 ], [ 77.564455826675598, 12.917751742552699 ], [ 77.564386505504103, 12.9179149037864 ], [ 77.564220416010301, 12.9182569656982 ], [ 77.564069426830301, 12.9185331157404 ], [ 77.563894779584999, 12.918809498079399 ], [ 77.563650018715506, 12.919171674531601 ], [ 77.5635254492298, 12.9193315086938 ], [ 77.5634201625641, 12.9194485988367 ], [ 77.563326587696295, 12.9195539681458 ], [ 77.5633084730717, 12.9195660734513 ], [ 77.563162072161305, 12.9196639016465 ], [ 77.563000942554396, 12.919754645814301 ], [ 77.562711071067199, 12.9199120478096 ], [ 77.562429039856994, 12.920100505750799 ], [ 77.562295910520007, 12.9201946572295 ], [ 77.562260740555601, 12.9202514938522 ], [ 77.562156277897799, 12.9204242719506 ], [ 77.561852010734995, 12.9211390712072 ], [ 77.561694158213896, 12.9215158690705 ], [ 77.561612293964501, 12.9216095172621 ], [ 77.561531382223194, 12.921628953239701 ], [ 77.561407706669002, 12.9216579464082 ], [ 77.561096691305494, 12.9217112909792 ], [ 77.560309309740802, 12.921846675864201 ], [ 77.559502406559602, 12.922001593916301 ], [ 77.559116740471296, 12.922082747667501 ], [ 77.558751026075498, 12.922186914296301 ], [ 77.557516532298706, 12.9225665265228 ], [ 77.557215421193405, 12.922672818280599 ], [ 77.556918913550803, 12.9227780645056 ], [ 77.556549608143897, 12.9228899935735 ], [ 77.556447565520799, 12.922925970577699 ], [ 77.556281300044205, 12.922978109772099 ], [ 77.556169292070507, 12.9225810402838 ], [ 77.555971975057602, 12.9220100232035 ], [ 77.555783657160902, 12.9213825624251 ], [ 77.555645699290295, 12.9209988168623 ], [ 77.555524307055805, 12.9210040970677 ], [ 77.555250074517105, 12.9210212505371 ], [ 77.555250015604202, 12.9210212538242 ], [ 77.555218855667704, 12.921023663001399 ], [ 77.555190487274601, 12.9210245216122 ], [ 77.555119431504494, 12.9210215671401 ], [ 77.5550490782054, 12.9210113419329 ], [ 77.5549802003666, 12.920993959488399 ], [ 77.554913553329996, 12.920969609368701 ], [ 77.5548970517562, 12.9209623371835 ], [ 77.5548171025915, 12.920966820240499 ], [ 77.554736294548704, 12.9209786830324 ], [ 77.554656947482798, 12.920997812510301 ], [ 77.554616693756699, 12.921010507997201 ], [ 77.554545554573195, 12.921019095922199 ], [ 77.554465850693603, 12.9210217099206 ], [ 77.5543862435226, 12.921016988635399 ], [ 77.554307439983603, 12.921004979355899 ], [ 77.554230126378201, 12.9209857846853 ], [ 77.554154988730303, 12.9209595704731 ], [ 77.554130565472505, 12.9209493229421 ], [ 77.554041549416993, 12.920900892801701 ], [ 77.5537153229984, 12.9207286950147 ], [ 77.553555341530398, 12.920647223561501 ], [ 77.553506415748998, 12.920619737234601 ], [ 77.553399531726697, 12.920553630973499 ], [ 77.553296788119198, 12.9204814842586 ], [ 77.553198538410598, 12.9204035493172 ], [ 77.553162652052706, 12.9203726440604 ], [ 77.5530965828533, 12.920322113509201 ], [ 77.553026209118897, 12.9202595655959 ], [ 77.552961054343498, 12.920191795191201 ], [ 77.552901521547696, 12.920119216661799 ], [ 77.552881946819895, 12.9200925742965 ], [ 77.552859253771601, 12.920050917035001 ], [ 77.5528592199841, 12.9200508550264 ], [ 77.552682606603597, 12.919734042239 ], [ 77.552682126945399, 12.919731342860601 ], [ 77.552676360413997, 12.919711046003099 ], [ 77.552667089568203, 12.9196920392252 ], [ 77.552654593830994, 12.9196749007218 ], [ 77.552639254270801, 12.9196601507756 ], [ 77.552621536896595, 12.9196482392723 ], [ 77.552601979544207, 12.9196395241453 ], [ 77.552581177159595, 12.919634273327 ], [ 77.552559760452198, 12.919632648694799 ], [ 77.552538381934198, 12.919634691752499 ], [ 77.552517690381805, 12.9196403482736 ], [ 77.552498314010904, 12.9196494440717 ], [ 77.552483168713593, 12.919659794068799 ], [ 77.552474233570607, 12.919667116371199 ], [ 77.552426285202202, 12.9197006248548 ], [ 77.552374364072094, 12.919727846114601 ], [ 77.5523193184859, 12.9197483300602 ], [ 77.552262055005599, 12.9197617398685 ], [ 77.552203515471405, 12.919767856725899 ], [ 77.552195954502693, 12.919768108625201 ], [ 77.552173255061703, 12.919769503232899 ], [ 77.5521534517178, 12.919662964236499 ], [ 77.552123031796995, 12.9196682189255 ], [ 77.552036992093505, 12.919230736005201 ], [ 77.551993450024895, 12.918968686161399 ], [ 77.551945075455805, 12.918801475949801 ], [ 77.551915711813606, 12.9187223845469 ], [ 77.551902697880493, 12.918612785047101 ], [ 77.551904341563201, 12.9185403942245 ], [ 77.551920312739597, 12.918472533372899 ], [ 77.551936094226505, 12.9183859988553 ], [ 77.551954183316496, 12.9182924345107 ], [ 77.551997869808105, 12.9182073221456 ], [ 77.551956231904995, 12.9178789871973 ], [ 77.551736232719094, 12.917430289361199 ], [ 77.551618671900997, 12.9171684440634 ], [ 77.551531312616305, 12.9170518897267 ], [ 77.551009392094898, 12.916573270199899 ], [ 77.550737690678304, 12.9162190048624 ], [ 77.550614274797994, 12.9158310298396 ], [ 77.550472084326202, 12.9158711682609 ], [ 77.549472084510697, 12.916131269182999 ], [ 77.549167965296604, 12.916219465770499 ], [ 77.548879954867402, 12.9163133276474 ], [ 77.548675598740203, 12.9163668578377 ], [ 77.548535978785395, 12.916414605419799 ], [ 77.547999796364294, 12.9165211328007 ], [ 77.547999469797702, 12.916526348993999 ], [ 77.547999370216004, 12.916579743081 ], [ 77.548050423408995, 12.9167975226217 ], [ 77.548108365238306, 12.9170463774286 ], [ 77.548135283675407, 12.9171292536086 ], [ 77.548185310181395, 12.9172406851257 ], [ 77.5483969554803, 12.917216236211701 ], [ 77.548454928420298, 12.9174682897305 ], [ 77.548480474141101, 12.9175853420408 ], [ 77.548530139907101, 12.9178129068048 ], [ 77.548573877238695, 12.9179467820644 ], [ 77.548584108002103, 12.917991449892501 ], [ 77.548601187061806, 12.918068029084299 ], [ 77.548451035017607, 12.918084983729299 ], [ 77.548090992299194, 12.9181322833286 ], [ 77.547850842869906, 12.918166796645901 ], [ 77.547686937773094, 12.918173757204899 ], [ 77.547528440383203, 12.9181753037223 ], [ 77.547413993509295, 12.918208590135899 ], [ 77.547146589202498, 12.918259782951701 ], [ 77.546863198264504, 12.9183051486905 ], [ 77.546873006718997, 12.9183523396244 ], [ 77.546842605924994, 12.918359669671 ], [ 77.5467291200505, 12.9180491135861 ], [ 77.546402245485297, 12.9180979349679 ], [ 77.546206241473399, 12.918127353460999 ], [ 77.545926134603903, 12.918159710541101 ], [ 77.545674769628903, 12.9182036406118 ], [ 77.544799721449294, 12.9182973680015 ], [ 77.544721919074703, 12.9175360833041 ], [ 77.544419795412594, 12.917551461130699 ], [ 77.544395408010402, 12.917551698777601 ], [ 77.543947605422602, 12.9175859678131 ], [ 77.543447321325004, 12.9176234252144 ], [ 77.543310769498007, 12.917619086960901 ], [ 77.543180024960904, 12.9176532567054 ], [ 77.5431103372309, 12.917692958150701 ], [ 77.542871119064102, 12.9178566297486 ], [ 77.541965191297507, 12.918485667653901 ], [ 77.541967259916007, 12.9185123360503 ], [ 77.541979505932801, 12.9187056689566 ], [ 77.541995787346707, 12.9187896190772 ], [ 77.542001212136896, 12.9188069933133 ], [ 77.541958586150102, 12.9188102298699 ], [ 77.5419039291979, 12.9188081491739 ], [ 77.541818532400697, 12.918797214672599 ], [ 77.541762486055404, 12.9187817968786 ], [ 77.541623439632701, 12.918732246227 ], [ 77.541416859672097, 12.918599255941199 ], [ 77.541273412683196, 12.918501174566201 ], [ 77.541224887054796, 12.918477963272601 ], [ 77.541205479933097, 12.9184686783603 ], [ 77.541154611455397, 12.918452594754999 ], [ 77.541135274362603, 12.9184504149595 ], [ 77.541106253516304, 12.918445960508301 ], [ 77.540755486063503, 12.918234391219601 ], [ 77.540615543338703, 12.918139701263099 ], [ 77.540555343826995, 12.918121693575101 ], [ 77.5404656483434, 12.918102700778199 ], [ 77.540338498023104, 12.918033332464701 ], [ 77.540176873752998, 12.917878183199701 ], [ 77.539992306030499, 12.917743645650599 ], [ 77.539808239587998, 12.917658677499499 ], [ 77.539643468898305, 12.9176076041197 ], [ 77.539279277203704, 12.917515091625701 ], [ 77.538684576579797, 12.917924441427401 ], [ 77.538477616946693, 12.918042838140799 ], [ 77.538405741364301, 12.918098012755401 ], [ 77.538392763987503, 12.918119711155599 ], [ 77.538289217741706, 12.918154844713399 ], [ 77.538288075055604, 12.918146307156301 ], [ 77.538271333561198, 12.9181609119334 ], [ 77.538131028031998, 12.9182833187522 ], [ 77.538095316358806, 12.9183673465319 ], [ 77.538035475164094, 12.9184755192998 ], [ 77.536812260836001, 12.919659619018301 ], [ 77.534408880558601, 12.9183794700149 ], [ 77.531711182781294, 12.917998023966399 ], [ 77.531689561866102, 12.917994966632801 ], [ 77.531609573983701, 12.9162981897511 ], [ 77.5312854142433, 12.914229198963699 ], [ 77.530763285978793, 12.912401217625799 ], [ 77.530204577590595, 12.911243046033301 ], [ 77.529092474035096, 12.909452649877201 ], [ 77.528409435055295, 12.9083169286149 ], [ 77.527268572800693, 12.906356778310901 ], [ 77.5258286402848, 12.9042773051233 ], [ 77.5255202332268, 12.904038887614499 ], [ 77.525298084503504, 12.9037842725196 ], [ 77.524808661691793, 12.903360092185 ], [ 77.524311944230902, 12.902944152179501 ], [ 77.523806311413793, 12.902538681647 ], [ 77.523293712607995, 12.9021417201362 ], [ 77.521733479195106, 12.9009241763932 ], [ 77.5201708321827, 12.899709619016701 ], [ 77.518407787771693, 12.898346173333101 ], [ 77.517832913951807, 12.897867897538401 ], [ 77.5172095909479, 12.8972595406017 ], [ 77.516029921445707, 12.8960185978961 ], [ 77.515099752557205, 12.895055085388 ], [ 77.514164838786499, 12.8940960030233 ], [ 77.514106240659899, 12.894035793028401 ], [ 77.513111966619704, 12.893014154562801 ], [ 77.512669773127897, 12.8924963411185 ], [ 77.512199856349497, 12.8918922546211 ], [ 77.511661957116999, 12.8911279971295 ], [ 77.511342526718806, 12.8906546813198 ] ], [ [ 77.532672191824005, 12.939562071100299 ], [ 77.532509732463296, 12.939815875429 ], [ 77.5325745615351, 12.9397145948077 ], [ 77.532672191824005, 12.939562071100299 ] ] ] ] } },
{ "type": "Feature", "properties": { "id": "bbmp_c2__wards_c2.3", "Name": null, "description": null, "timestamp": null, "begin": null, "end": null, "altitudeMode": null, "tessellate": -1, "extrude": 0, "visibility": -1, "drawOrder": null, "icon": null, "OBJECTID": 1, "NewCorp": "North" }, "geometry": { "type": "MultiPolygon", "coordinates": [ [ [ [ 77.557566411737, 13.0252281280479 ], [ 77.557518644423595, 13.025058513255001 ], [ 77.557409308927504, 13.0247036545223 ], [ 77.557337353799298, 13.024459008801101 ], [ 77.557195083366693, 13.0240435991784 ], [ 77.557090316869093, 13.0237251341168 ], [ 77.556924904330998, 13.0232822507812 ], [ 77.556828126422602, 13.0230128103876 ], [ 77.556713109697597, 13.0226964355371 ], [ 77.556601223027599, 13.022394035977801 ], [ 77.556291641260501, 13.021619799517801 ], [ 77.555984795536006, 13.0209038516407 ], [ 77.555898035441501, 13.020674454108599 ], [ 77.555708792431005, 13.020174094070899 ], [ 77.555596116728296, 13.019928796253399 ], [ 77.555557802837399, 13.019885292211599 ], [ 77.555467892568899, 13.019845673984401 ], [ 77.555306710520995, 13.019845813002 ], [ 77.555187529247803, 13.019845916425 ], [ 77.554650416053605, 13.019824643691599 ], [ 77.554324661936406, 13.0198282471125 ], [ 77.554262834463898, 13.019737945065399 ], [ 77.5539332639718, 13.0192565877009 ], [ 77.553864114496506, 13.019155591138601 ], [ 77.553765312491294, 13.019322084395199 ], [ 77.553545890166205, 13.019654162806701 ], [ 77.553533942668693, 13.019665883621 ], [ 77.553393451072395, 13.0199276623703 ], [ 77.552661184724101, 13.021292076798099 ], [ 77.551579882955295, 13.023567357206201 ], [ 77.550822874289807, 13.025042449573601 ], [ 77.550018865528301, 13.0266091213278 ], [ 77.549610192572999, 13.0276621050887 ], [ 77.548961163826206, 13.029173060116699 ], [ 77.5487195428083, 13.0295890600457 ], [ 77.548343032980299, 13.0302648238351 ], [ 77.547959683545898, 13.0309528577406 ], [ 77.547602620625796, 13.031638222403799 ], [ 77.546532850874698, 13.033646128779401 ], [ 77.546103690217805, 13.0345282791343 ], [ 77.545596348700201, 13.0354343708429 ], [ 77.544982011034406, 13.036674480598 ], [ 77.544300502079395, 13.0377771765387 ], [ 77.543682705412095, 13.038402412077099 ], [ 77.543354243420396, 13.038806988760101 ], [ 77.542930566217393, 13.0392030594418 ], [ 77.542922113027402, 13.039220057136999 ], [ 77.542603693335195, 13.0389433950224 ], [ 77.542054938488107, 13.0384629666737 ], [ 77.541993790514894, 13.038392471739501 ], [ 77.541907023219395, 13.038180040216099 ], [ 77.541551241054705, 13.036477250969201 ], [ 77.540737099080005, 13.0324920622596 ], [ 77.535927391145705, 13.036070278882599 ], [ 77.531513188280996, 13.0393364803518 ], [ 77.527590237391607, 13.0421949503262 ], [ 77.522198742066095, 13.045888788488501 ], [ 77.522140657620994, 13.0457990892948 ], [ 77.521498420104805, 13.0447856120296 ], [ 77.520899956492897, 13.043868514253999 ], [ 77.520328707171203, 13.0430382788185 ], [ 77.519843551328094, 13.042258836912501 ], [ 77.519302192810898, 13.041454121028799 ], [ 77.518737244751094, 13.040594778206801 ], [ 77.518384985935597, 13.0399366641066 ], [ 77.518025570901898, 13.0402032026079 ], [ 77.517253872504597, 13.040991181907 ], [ 77.516833029375604, 13.04142090062 ], [ 77.516803440160203, 13.041447805796199 ], [ 77.516348004179903, 13.0417715984476 ], [ 77.515919662774905, 13.0419435691147 ], [ 77.515101909939901, 13.042231193041699 ], [ 77.513588478262307, 13.0427278018956 ], [ 77.512236967088199, 13.043179806216701 ], [ 77.511453962819203, 13.043432659015901 ], [ 77.511021788787602, 13.0436605953804 ], [ 77.510349438169897, 13.044007034917099 ], [ 77.5098646944748, 13.0442440862822 ], [ 77.508978271350102, 13.044687257317101 ], [ 77.508244264454703, 13.0450127781981 ], [ 77.507465676919594, 13.0452698819427 ], [ 77.507343108834206, 13.0453011883552 ], [ 77.507308840324797, 13.0453212363101 ], [ 77.507290756038998, 13.045331815198001 ], [ 77.506034134555506, 13.045688443861399 ], [ 77.505255788647702, 13.045882989122999 ], [ 77.504167233583104, 13.0462675415612 ], [ 77.502888634468704, 13.0467219314937 ], [ 77.501374094289204, 13.047280600349101 ], [ 77.499588818912699, 13.0479325482818 ], [ 77.498056922706397, 13.0484913678598 ], [ 77.497673379476097, 13.0486248363668 ], [ 77.496772059020998, 13.0489384825259 ], [ 77.496801023936101, 13.049407019603199 ], [ 77.496894800496193, 13.049636032331399 ], [ 77.496981079887405, 13.0498467294998 ], [ 77.4973068854014, 13.050642375566101 ], [ 77.494583631601699, 13.051240593523399 ], [ 77.494493599272303, 13.051262183537601 ], [ 77.494302696382306, 13.051307961651 ], [ 77.493641857226393, 13.0514530648438 ], [ 77.493006084199806, 13.0515681059178 ], [ 77.492554831910297, 13.051653230557401 ], [ 77.492553419058893, 13.051653496249401 ], [ 77.492523687053193, 13.0522373048271 ], [ 77.492425348748995, 13.053569214094701 ], [ 77.492423343781496, 13.0535963599427 ], [ 77.492433321319695, 13.0538528155843 ], [ 77.492417635909405, 13.0545040331133 ], [ 77.492418048511198, 13.054545174279101 ], [ 77.492270269484195, 13.054875478923 ], [ 77.491648999607307, 13.055895860218399 ], [ 77.491100092378602, 13.0567966652594 ], [ 77.490977806362693, 13.0569115990413 ], [ 77.492317946763905, 13.060778785500499 ], [ 77.492383268454901, 13.060912890059599 ], [ 77.492843154329094, 13.0622138335385 ], [ 77.493079594666, 13.062163663875699 ], [ 77.493023851434202, 13.0625961665174 ], [ 77.492778110304101, 13.0644338421244 ], [ 77.4927875404085, 13.064717734601199 ], [ 77.492781179618305, 13.065038795558801 ], [ 77.492780006200206, 13.06629763836 ], [ 77.492795860713301, 13.067373899581799 ], [ 77.492836677561002, 13.068282765372301 ], [ 77.492868872726802, 13.0687789324862 ], [ 77.492926976591505, 13.0698231995322 ], [ 77.492998820893703, 13.0708179551608 ], [ 77.493083970375906, 13.0721107087116 ], [ 77.494845720826305, 13.0720027410926 ], [ 77.495881369620193, 13.0719624153864 ], [ 77.496737285174206, 13.0719895116115 ], [ 77.497824877175603, 13.071989101721201 ], [ 77.499247323563907, 13.071970285336601 ], [ 77.499480410286694, 13.0719180150088 ], [ 77.499694751772196, 13.071869947361201 ], [ 77.499785562871196, 13.071855500646199 ], [ 77.500899167939096, 13.072218197324201 ], [ 77.5013622499593, 13.0726482700964 ], [ 77.501473305209998, 13.072798261132199 ], [ 77.501565457282993, 13.0729049449293 ], [ 77.501572420446095, 13.072932121246501 ], [ 77.501669128047794, 13.0732006938757 ], [ 77.501685155916803, 13.0732493946971 ], [ 77.5019286764566, 13.0735610984507 ], [ 77.501938677615797, 13.073573396492399 ], [ 77.502058431426406, 13.0737206709932 ], [ 77.502159825089507, 13.0738565740509 ], [ 77.502171751429302, 13.0738637396847 ], [ 77.502401455724097, 13.073975450615899 ], [ 77.502509804919796, 13.074131422996601 ], [ 77.502688496617694, 13.074394236597101 ], [ 77.502827834172507, 13.0747650819611 ], [ 77.502878576194902, 13.0748025681551 ], [ 77.503061091950002, 13.074850975758 ], [ 77.503119442659496, 13.0748685963506 ], [ 77.503498005806506, 13.0750575700786 ], [ 77.503654352202403, 13.075138072528301 ], [ 77.503686427416497, 13.0751508891477 ], [ 77.504194139990702, 13.0754050733116 ], [ 77.504663682988493, 13.076180197917701 ], [ 77.504804822794696, 13.0764131882394 ], [ 77.504930050929701, 13.076537305612201 ], [ 77.505222756071205, 13.076716843788301 ], [ 77.505436488648002, 13.076813434687899 ], [ 77.505557498783702, 13.0769034101434 ], [ 77.505640230763504, 13.077039330654401 ], [ 77.505674526505601, 13.077138738007299 ], [ 77.505704016454203, 13.0772172139788 ], [ 77.505763350792293, 13.077338170328799 ], [ 77.505814095593294, 13.0773756557453 ], [ 77.505828236418907, 13.077380126253001 ], [ 77.505830190531299, 13.0773816079728 ], [ 77.506022632226504, 13.0774531335418 ], [ 77.506665259113603, 13.0777057217097 ], [ 77.5070819632991, 13.077857072418499 ], [ 77.507267871240501, 13.077851469422701 ], [ 77.507576629153505, 13.077734533741699 ], [ 77.507690972736796, 13.077735116101101 ], [ 77.507917491101296, 13.077727424108 ], [ 77.508138425426594, 13.077669441363501 ], [ 77.508421233709399, 13.077601006528999 ], [ 77.508508339695993, 13.077594382306099 ], [ 77.508578654035603, 13.077595670409799 ], [ 77.508647463523602, 13.0776494727188 ], [ 77.508681844688098, 13.077697508371401 ], [ 77.508746499194601, 13.077795211515401 ], [ 77.508789777376194, 13.077855125505099 ], [ 77.508905679196303, 13.078029459958399 ], [ 77.508916443041898, 13.0779925474428 ], [ 77.5089588643729, 13.077839891922901 ], [ 77.509055012317106, 13.077698283296399 ], [ 77.509097723835893, 13.077642212696 ], [ 77.5091931005623, 13.0775332579879 ], [ 77.509290370035899, 13.0774824113279 ], [ 77.509328646609504, 13.0774364639709 ], [ 77.509351351342502, 13.0773830733048 ], [ 77.509342376518106, 13.077317304785 ], [ 77.509400226252197, 13.0772144356716 ], [ 77.509447497610793, 13.077161250708301 ], [ 77.509503678789798, 13.077090239244001 ], [ 77.509535982001907, 13.077017314124801 ], [ 77.509552711862199, 13.0769080948102 ], [ 77.509567717881694, 13.0768628886402 ], [ 77.509575529691205, 13.076841383898699 ], [ 77.509593261802607, 13.076837346421501 ], [ 77.509609893322306, 13.0768342963071 ], [ 77.509678762734097, 13.076833626793899 ], [ 77.509761472128105, 13.076839576243099 ], [ 77.509905550323893, 13.076784158978001 ], [ 77.509973736659802, 13.0767159778867 ], [ 77.510001076920304, 13.0766954577965 ], [ 77.510094546223797, 13.0765846096551 ], [ 77.510292516466293, 13.0763444075313 ], [ 77.510300478001994, 13.0763347017059 ], [ 77.510437605228304, 13.0762108398471 ], [ 77.510512054966497, 13.0761435933942 ], [ 77.510793186709293, 13.076019327539401 ], [ 77.511075131562805, 13.075822268122399 ], [ 77.511151085548093, 13.075769178916 ], [ 77.511477424577194, 13.0755738042081 ], [ 77.511479771178998, 13.0755753633771 ], [ 77.511526806058797, 13.0756068728119 ], [ 77.511567566918302, 13.075633694572 ], [ 77.511616692103402, 13.075752787017899 ], [ 77.511645235323897, 13.0758219888637 ], [ 77.511974946848895, 13.075745381322101 ], [ 77.512064977111095, 13.075724461602899 ], [ 77.512524764241306, 13.0756176293566 ], [ 77.512792389476701, 13.075520498069 ], [ 77.513328738967104, 13.0754342568291 ], [ 77.513940894979896, 13.075175000842201 ], [ 77.514267324837206, 13.075041415718401 ], [ 77.514436415147301, 13.0753154441765 ], [ 77.515696742040404, 13.074958465149001 ], [ 77.515914226460595, 13.0748904444124 ], [ 77.517149393085006, 13.074509405123401 ], [ 77.517912952186194, 13.074328559231599 ], [ 77.518139204437901, 13.075221143223899 ], [ 77.518215134196495, 13.0755931033008 ], [ 77.518039737792293, 13.076641492586599 ], [ 77.518593461058501, 13.0779129786418 ], [ 77.518621024864899, 13.0779953380867 ], [ 77.518732968125605, 13.078270343823799 ], [ 77.518769374112694, 13.078438640596 ], [ 77.518774778604595, 13.0784547944256 ], [ 77.5188252081239, 13.078716365699 ], [ 77.518999120048804, 13.0795539549458 ], [ 77.519100557688006, 13.079538738787701 ], [ 77.519143539545396, 13.079532291284201 ], [ 77.519492041202199, 13.0792605056453 ], [ 77.519573343393205, 13.079261340076201 ], [ 77.519575322625002, 13.079269460173 ], [ 77.519633383438801, 13.079367982147399 ], [ 77.519637849196997, 13.0793755503397 ], [ 77.520303572349704, 13.0792502282585 ], [ 77.520898027674093, 13.0791457797568 ], [ 77.5210148668626, 13.079490585624299 ], [ 77.521284977904898, 13.080321591832099 ], [ 77.521605581019301, 13.080300067603501 ], [ 77.5221677036199, 13.0802623280779 ], [ 77.522277922436203, 13.08043342066 ], [ 77.522440346811706, 13.0805034308716 ], [ 77.522544061116704, 13.0805481365957 ], [ 77.522672225084406, 13.0806017365072 ], [ 77.522766485776302, 13.0807274090227 ], [ 77.522801085664995, 13.0808207565541 ], [ 77.522841244217602, 13.080939397606601 ], [ 77.5231766323258, 13.0809134849657 ], [ 77.523271984565696, 13.080908983082301 ], [ 77.523344739725403, 13.0814780230731 ], [ 77.5233468306362, 13.081495654698699 ], [ 77.523367157803904, 13.0814982964629 ], [ 77.523491661634495, 13.0815144925915 ], [ 77.523640529989805, 13.082562902914599 ], [ 77.523650736517794, 13.082602036433901 ], [ 77.523684529742994, 13.082869705083199 ], [ 77.523649392669, 13.083477706009299 ], [ 77.523775263473496, 13.083499703209201 ], [ 77.524339039317297, 13.083598231391999 ], [ 77.524737714312494, 13.083667904174201 ], [ 77.525066047969801, 13.083724044018901 ], [ 77.525221771931299, 13.083754417137699 ], [ 77.525379940593098, 13.0836498235979 ], [ 77.525626818335198, 13.083613243325599 ], [ 77.525765059239902, 13.0835920381673 ], [ 77.525764883334006, 13.083574770019601 ], [ 77.525758182329, 13.082916934428001 ], [ 77.525829546289899, 13.082913247206401 ], [ 77.526569614835395, 13.082875550478599 ], [ 77.527396581299996, 13.0828333740186 ], [ 77.527979419652397, 13.0825778523606 ], [ 77.528300350422697, 13.0823046399916 ], [ 77.528877128423801, 13.0821301938334 ], [ 77.529207194076406, 13.0820962898601 ], [ 77.529246144722507, 13.082096911855899 ], [ 77.529475735553504, 13.082070313882801 ], [ 77.529759716841298, 13.082086391863299 ], [ 77.530091575690705, 13.0820945871475 ], [ 77.530892322200003, 13.082882328876099 ], [ 77.534835052039298, 13.0838832856743 ], [ 77.536920261438794, 13.083862791916699 ], [ 77.539476811855295, 13.087680920769399 ], [ 77.540756732761906, 13.0900158095432 ], [ 77.5407303330594, 13.0908735655621 ], [ 77.5406957226853, 13.092120637481999 ], [ 77.5421127173515, 13.0943450935538 ], [ 77.542422128259204, 13.095606552862799 ], [ 77.542375750358801, 13.095771945156899 ], [ 77.543000691025298, 13.097328746449801 ], [ 77.543341480210103, 13.0982127141286 ], [ 77.543395139883401, 13.098500455306 ], [ 77.543952458316895, 13.099773944486699 ], [ 77.544174463004794, 13.1003250967666 ], [ 77.544348607483997, 13.1008237089003 ], [ 77.543996912535107, 13.1008106132634 ], [ 77.543893386501495, 13.1011884321079 ], [ 77.543859187946097, 13.1013160626493 ], [ 77.5441860675475, 13.1012932848404 ], [ 77.544405973655003, 13.1013419459419 ], [ 77.544654649625201, 13.101281055687201 ], [ 77.546259618107996, 13.101265202589399 ], [ 77.549477148926599, 13.1011104543991 ], [ 77.554278501933098, 13.1004892080337 ], [ 77.555121986809098, 13.1003575163557 ], [ 77.555151497805497, 13.100468448722999 ], [ 77.555208801127193, 13.1005234898882 ], [ 77.555303444470397, 13.1005318218197 ], [ 77.555628837120295, 13.100403831212301 ], [ 77.555681539657797, 13.1004854215556 ], [ 77.556190119997197, 13.1002887798568 ], [ 77.556382070783002, 13.1007209050103 ], [ 77.557320265957699, 13.100406603419099 ], [ 77.557510722633594, 13.100694065343401 ], [ 77.557073980353593, 13.10089390786 ], [ 77.557256583728702, 13.101193178284101 ], [ 77.557687741498896, 13.101611197677 ], [ 77.558097704751304, 13.101908210511001 ], [ 77.558279987930007, 13.102176201950799 ], [ 77.558328944489006, 13.102281290419601 ], [ 77.558446233023901, 13.102436533064401 ], [ 77.558712158434602, 13.102691963161 ], [ 77.558878445695896, 13.102956201753299 ], [ 77.559293656178596, 13.103374375766499 ], [ 77.559266096876001, 13.1034098415857 ], [ 77.559078707358395, 13.103419522156001 ], [ 77.558862665422893, 13.103359105673 ], [ 77.559098555711998, 13.1046798698051 ], [ 77.559726630384404, 13.105674629804801 ], [ 77.559996098312794, 13.106129201413999 ], [ 77.560472514980802, 13.1070883914541 ], [ 77.560756000536301, 13.1076787579713 ], [ 77.561011310184199, 13.108373387370101 ], [ 77.560931447218607, 13.108879893034899 ], [ 77.560697919659702, 13.1089291373035 ], [ 77.560295170982101, 13.109073906629 ], [ 77.559999331712802, 13.109269749024 ], [ 77.560000734002998, 13.1094052876732 ], [ 77.560135909052903, 13.1096176982398 ], [ 77.560282691034104, 13.1099238381478 ], [ 77.560335272350898, 13.1108930339396 ], [ 77.560210646782195, 13.111186230556999 ], [ 77.560077599723002, 13.1116932668792 ], [ 77.559839989277293, 13.111862462612001 ], [ 77.559670174740106, 13.1119006454838 ], [ 77.559591097269106, 13.111969206466499 ], [ 77.559560696410202, 13.112115489768501 ], [ 77.559541848247704, 13.112350285696101 ], [ 77.5597206203512, 13.113177461943801 ], [ 77.560383877338793, 13.1130196753242 ], [ 77.560751043802696, 13.1135478054646 ], [ 77.561006847992999, 13.1141083235159 ], [ 77.561659793949303, 13.113981915044899 ], [ 77.562156474480801, 13.115202152290401 ], [ 77.562376890019806, 13.115940280215 ], [ 77.562472492124996, 13.116439828347101 ], [ 77.562899995610394, 13.1186826034681 ], [ 77.562983047520504, 13.1195107266365 ], [ 77.562980215354401, 13.11975057834 ], [ 77.562981944668607, 13.1199173924586 ], [ 77.563065724970897, 13.120302359551999 ], [ 77.563236821974002, 13.120900211374099 ], [ 77.563519179459007, 13.1214552469786 ], [ 77.5641023993293, 13.1228101655697 ], [ 77.565494832571702, 13.1260218210947 ], [ 77.5668628740099, 13.1256506526171 ], [ 77.567967598180601, 13.1253712804471 ], [ 77.569404306415905, 13.1250243808752 ], [ 77.569699797436201, 13.1269127562501 ], [ 77.570427162092997, 13.1306328293195 ], [ 77.570917755556806, 13.131353242771199 ], [ 77.571298760949901, 13.1333944314639 ], [ 77.571068245970395, 13.1339608747806 ], [ 77.571288691597402, 13.134401919756099 ], [ 77.571543854688997, 13.1352153539775 ], [ 77.571798912207797, 13.1360187107932 ], [ 77.572238459367, 13.1359132000201 ], [ 77.5722887008193, 13.136052945465799 ], [ 77.572332768811293, 13.136224626016901 ], [ 77.5725343248276, 13.1362162352683 ], [ 77.5727236030245, 13.1362780885947 ], [ 77.573404918341893, 13.136118272449 ], [ 77.573574059845797, 13.136744502579701 ], [ 77.573817548584003, 13.1378063732241 ], [ 77.573868368414793, 13.1382440754002 ], [ 77.573958775980302, 13.1402604613388 ], [ 77.573995282394904, 13.140804084829799 ], [ 77.574651211105305, 13.1408655103107 ], [ 77.574316610014904, 13.141307076012399 ], [ 77.576286768618203, 13.1417179880214 ], [ 77.577229255048294, 13.141904976517299 ], [ 77.5803210225002, 13.142694730839301 ], [ 77.581983950115699, 13.140818453116401 ], [ 77.582314722316895, 13.140505608797699 ], [ 77.582475810519995, 13.1396637820508 ], [ 77.582554954442102, 13.1393475730244 ], [ 77.582658091046596, 13.1390363366157 ], [ 77.582791068900406, 13.138526688351901 ], [ 77.582819669177596, 13.1384638400302 ], [ 77.582869506078794, 13.138142712721899 ], [ 77.582898149664601, 13.138086122948399 ], [ 77.583090780156098, 13.1376132475321 ], [ 77.583302017953201, 13.1370541249998 ], [ 77.583444704526897, 13.1367036678879 ], [ 77.583624374507195, 13.135924930094401 ], [ 77.583788322428902, 13.135275442705799 ], [ 77.583981961912301, 13.1351324534988 ], [ 77.584038894489595, 13.134537895339699 ], [ 77.584219990472405, 13.134163346072 ], [ 77.584613542933496, 13.1334642984966 ], [ 77.584825788550006, 13.1331196575417 ], [ 77.584978475426595, 13.1329770886936 ], [ 77.585138441237206, 13.1327934461632 ], [ 77.585557866881203, 13.132639173436001 ], [ 77.585871622331496, 13.132628515238199 ], [ 77.585672884871897, 13.1333882884991 ], [ 77.587461087970894, 13.1333327849787 ], [ 77.592137444601903, 13.1330667298782 ], [ 77.596280056812404, 13.1328115237748 ], [ 77.599642717682997, 13.1319591749439 ], [ 77.601097221477701, 13.1334149800826 ], [ 77.601669638014698, 13.134139443478199 ], [ 77.6044866690644, 13.1341309292473 ], [ 77.604480137482895, 13.1338342231473 ], [ 77.608497799846106, 13.133790159398099 ], [ 77.608489537956203, 13.1333300825988 ], [ 77.612091086987505, 13.1332046880728 ], [ 77.613754898652999, 13.1314641375427 ], [ 77.615076399688704, 13.131035417396699 ], [ 77.615086537810797, 13.131034151605601 ], [ 77.615661204141205, 13.131000699535599 ], [ 77.6169033026421, 13.130964122791299 ], [ 77.617790252519896, 13.130953243216201 ], [ 77.618796351109296, 13.130941144508601 ], [ 77.620127734022006, 13.130925729546799 ], [ 77.621171157881506, 13.1309185858108 ], [ 77.621737158624896, 13.130911178911999 ], [ 77.621935219641401, 13.1309102228561 ], [ 77.624903399609593, 13.1289138530781 ], [ 77.625706049367096, 13.127915076496 ], [ 77.626016491587094, 13.1275232413344 ], [ 77.6266327143327, 13.1273013182195 ], [ 77.630506397869496, 13.1260449291113 ], [ 77.632781324985103, 13.1224405770453 ], [ 77.634342733557901, 13.119977687067401 ], [ 77.638605748953907, 13.1133181883789 ], [ 77.637751051424203, 13.109697245691599 ], [ 77.637075066133093, 13.1065516726191 ], [ 77.639783930357595, 13.106107965457999 ], [ 77.640587871299303, 13.1058302315663 ], [ 77.641088513494097, 13.105696210727199 ], [ 77.641911629555693, 13.105535447094899 ], [ 77.642222277350498, 13.1055205449382 ], [ 77.642562993371897, 13.105522908638401 ], [ 77.642855711028503, 13.1055081869406 ], [ 77.643118484445196, 13.1054879172416 ], [ 77.643340360098605, 13.1055559438096 ], [ 77.6435497835365, 13.1055772270952 ], [ 77.643811076619301, 13.105659629166 ], [ 77.649102808315305, 13.104800274893201 ], [ 77.6504387430886, 13.1045854746825 ], [ 77.650190953599804, 13.103275709402199 ], [ 77.649895061870197, 13.102435120944399 ], [ 77.649782910224403, 13.1018842679236 ], [ 77.649385718321597, 13.1005135454994 ], [ 77.648958665338498, 13.099330601274501 ], [ 77.648603828506893, 13.0989384720278 ], [ 77.647349805014102, 13.096930803647499 ], [ 77.645224911650999, 13.091974132967101 ], [ 77.643004795307704, 13.0874944772875 ], [ 77.642712792561895, 13.0868720539117 ], [ 77.643245309392299, 13.0867319916764 ], [ 77.6438240734483, 13.086636323428699 ], [ 77.644890382496598, 13.0864758308839 ], [ 77.645911558448901, 13.0863756217 ], [ 77.6464130835829, 13.086191003311599 ], [ 77.646498464196398, 13.085228351209199 ], [ 77.646292326867197, 13.084693935270799 ], [ 77.645603958471099, 13.083521090809301 ], [ 77.645212689772194, 13.0830900065328 ], [ 77.6446023990475, 13.0823883145938 ], [ 77.644121840085901, 13.081579908303301 ], [ 77.643741714876498, 13.0809404483759 ], [ 77.642788329533602, 13.079232766447101 ], [ 77.642643753513596, 13.0789738046315 ], [ 77.642606489401501, 13.078895376508299 ], [ 77.642516110729005, 13.0787051646662 ], [ 77.642514691948406, 13.0787021772028 ], [ 77.642311421586101, 13.0782743693432 ], [ 77.642307729083996, 13.078266601789601 ], [ 77.642203797860901, 13.0779761501742 ], [ 77.642014557482796, 13.077794472590201 ], [ 77.641779664822195, 13.077723430519701 ], [ 77.641303453028002, 13.077856834038601 ], [ 77.640720420878907, 13.0776332802751 ], [ 77.638501113517705, 13.075522913222599 ], [ 77.638249831094598, 13.075205941384899 ], [ 77.639458233465803, 13.0750195154274 ], [ 77.639452499550501, 13.074480535407501 ], [ 77.639459565234901, 13.0719635673896 ], [ 77.639449202792306, 13.0709892591218 ], [ 77.639429768491695, 13.0703550515706 ], [ 77.639476284084495, 13.069558457796999 ], [ 77.639311645465895, 13.0687930462558 ], [ 77.639213756279503, 13.068337937911901 ], [ 77.639099740865504, 13.0679576286227 ], [ 77.638741225378894, 13.066858335239599 ], [ 77.638715095395398, 13.066661586772801 ], [ 77.638626288448805, 13.065992901533701 ], [ 77.638563245332193, 13.0652347440114 ], [ 77.638459366792404, 13.064613835183099 ], [ 77.638371524249095, 13.063909835665701 ], [ 77.638361172662499, 13.0629355241282 ], [ 77.638311657543596, 13.0626540710394 ], [ 77.638276372926498, 13.06211953931 ], [ 77.638293379896695, 13.0609334792494 ], [ 77.638175459083598, 13.0593880557057 ], [ 77.638215065934403, 13.0583385984069 ], [ 77.638303263354302, 13.057483526887699 ], [ 77.638258433131, 13.0552531910936 ], [ 77.638167910338893, 13.0550924032634 ], [ 77.638102845833004, 13.0549396488324 ], [ 77.638249011729698, 13.0547640059236 ], [ 77.638068045304394, 13.053804261007199 ], [ 77.637984060444396, 13.053020088011801 ], [ 77.637819114638205, 13.051736050119899 ], [ 77.638441922454604, 13.051606070461499 ], [ 77.638282093332506, 13.0508041253737 ], [ 77.638110575236595, 13.050088840568201 ], [ 77.638393737850393, 13.0500365016436 ], [ 77.638327843041793, 13.0497799013266 ], [ 77.638308241780805, 13.0497035804459 ], [ 77.638133108275099, 13.0492417663888 ], [ 77.638097326574993, 13.048840344281301 ], [ 77.638031604131399, 13.0479941701463 ], [ 77.637799373954905, 13.0471649920256 ], [ 77.637495537764806, 13.046699225160101 ], [ 77.637246297816404, 13.045744495518701 ], [ 77.637115359739298, 13.044671342940999 ], [ 77.637110181537395, 13.0441829926992 ], [ 77.637144021949098, 13.043616100423099 ], [ 77.637401424182798, 13.042874441109401 ], [ 77.637439355965796, 13.0429125981632 ], [ 77.637622244571901, 13.043053874502901 ], [ 77.637831301627003, 13.0431601797046 ], [ 77.638102155697297, 13.0432528447704 ], [ 77.638478899183099, 13.0433184036835 ], [ 77.638806614402398, 13.0433497614532 ], [ 77.639058762232594, 13.0433471898763 ], [ 77.639328326247295, 13.0433184161223 ], [ 77.639539969973001, 13.043251193368301 ], [ 77.639786955923995, 13.0431792744847 ], [ 77.639958831868896, 13.0431167961656 ], [ 77.640338342845098, 13.0430261739732 ], [ 77.640602698201604, 13.042923712958499 ], [ 77.640774576414401, 13.0428612323339 ], [ 77.640862586698304, 13.0428169591708 ], [ 77.641065244616996, 13.0427368162512 ], [ 77.641192930036198, 13.0426791245669 ], [ 77.641311952998294, 13.0426388710498 ], [ 77.641381855395693, 13.0425557466569 ], [ 77.641442958116201, 13.0424770483983 ], [ 77.641482077869796, 13.0424115862021 ], [ 77.641525806959805, 13.042363425844499 ], [ 77.641596033452601, 13.042310659575501 ], [ 77.641666304118004, 13.042262229161199 ], [ 77.641714641625498, 13.042231374242 ], [ 77.641779003938694, 13.042186403614499 ], [ 77.6417246996198, 13.042005241822901 ], [ 77.641580407108293, 13.041744338536899 ], [ 77.641495991906993, 13.0416315606208 ], [ 77.641433968355798, 13.0414820784294 ], [ 77.641429617485798, 13.041455533967399 ], [ 77.641428063663099, 13.041446046961701 ], [ 77.641408115130901, 13.041324326793401 ], [ 77.641393429798796, 13.041079552262 ], [ 77.641403692016993, 13.040987943024501 ], [ 77.641427224344994, 13.040777857446701 ], [ 77.641441274735996, 13.0406524232857 ], [ 77.641471855804397, 13.040252619499499 ], [ 77.641476654486596, 13.040189868230501 ], [ 77.641469397269603, 13.039885763859401 ], [ 77.641474518600901, 13.039609183515401 ], [ 77.6415263475687, 13.0395572989669 ], [ 77.641666849201698, 13.0395084608635 ], [ 77.641697265274701, 13.0394867741696 ], [ 77.641863450457194, 13.0393682610983 ], [ 77.641874791069796, 13.0393601737421 ], [ 77.641889992481595, 13.0393402910346 ], [ 77.6420178524683, 13.0391730476227 ], [ 77.642117808872001, 13.0391160689014 ], [ 77.642166035888195, 13.039088575787501 ], [ 77.642334740379795, 13.039039449491399 ], [ 77.642648769984703, 13.039016491536 ], [ 77.642953736863802, 13.0389818643947 ], [ 77.643031076495006, 13.0389730840969 ], [ 77.643091147113793, 13.0389724706869 ], [ 77.643409777190797, 13.0389692167688 ], [ 77.643624073391294, 13.0389793802814 ], [ 77.643752427478901, 13.0389854699261 ], [ 77.643796689703905, 13.039000496653401 ], [ 77.643882315115405, 13.0390295696953 ], [ 77.643863572780603, 13.038791468976701 ], [ 77.643857673002699, 13.038652728362599 ], [ 77.643865091759096, 13.0385181898278 ], [ 77.643899283942005, 13.0384050666171 ], [ 77.643989497289994, 13.038246881510601 ], [ 77.644001057541601, 13.0382266122191 ], [ 77.644019515330498, 13.0381780611414 ], [ 77.644056189998096, 13.038058635758301 ], [ 77.6440705889447, 13.0379800809117 ], [ 77.644142266157402, 13.0375889947672 ], [ 77.644148096748495, 13.0375511803792 ], [ 77.644150078336693, 13.037538312907699 ], [ 77.644181315343104, 13.0373356117895 ], [ 77.644180564308101, 13.037264932141801 ], [ 77.644179971419106, 13.0372091352721 ], [ 77.644179457545903, 13.0371607743716 ], [ 77.644179062289695, 13.0371235764581 ], [ 77.644178548429693, 13.0370752164606 ], [ 77.644177757895406, 13.0370008179232 ], [ 77.644206845468304, 13.036881470051901 ], [ 77.644258103724098, 13.036706090085501 ], [ 77.644269130699399, 13.0366724938894 ], [ 77.644298931562105, 13.036620105855899 ], [ 77.644321061783799, 13.0365603530739 ], [ 77.6443472894221, 13.0365129078946 ], [ 77.644358291432596, 13.0364930056665 ], [ 77.644365475441504, 13.036443822641999 ], [ 77.644379515293707, 13.036347697663601 ], [ 77.644409076164095, 13.036272989104299 ], [ 77.644446385762393, 13.0362130839779 ], [ 77.644491479880998, 13.0361716975926 ], [ 77.644676207818307, 13.0360650958383 ], [ 77.644899339151607, 13.0359568901813 ], [ 77.644957225748897, 13.0359122834218 ], [ 77.644969988963496, 13.0358461299844 ], [ 77.644377469491104, 13.0358521828351 ], [ 77.643235806815596, 13.0359279892738 ], [ 77.643204725006001, 13.035754120403899 ], [ 77.643151610353797, 13.0354025357134 ], [ 77.643175550469905, 13.035120592436201 ], [ 77.6432158108355, 13.034684426772399 ], [ 77.643248313738098, 13.034159652699101 ], [ 77.643249788501095, 13.0341539760404 ], [ 77.643268108633094, 13.034083524425901 ], [ 77.643268018539203, 13.0340750406196 ], [ 77.643267934450407, 13.0340671222799 ], [ 77.643259829236698, 13.0340643746736 ], [ 77.643240762284094, 13.0340627652329 ], [ 77.6431984628164, 13.0340631970479 ], [ 77.643098720374397, 13.0340612502865 ], [ 77.642548655128394, 13.0340520517515 ], [ 77.642376177263003, 13.0340301094867 ], [ 77.6423033502858, 13.034001224789099 ], [ 77.642185371856201, 13.033997051687299 ], [ 77.642173361540898, 13.0339966258822 ], [ 77.642055700659, 13.034037907668701 ], [ 77.642016812358193, 13.0340515519412 ], [ 77.641715605174397, 13.034143508991001 ], [ 77.641710243492497, 13.0341452385991 ], [ 77.6416941758647, 13.0341504191144 ], [ 77.641278937379496, 13.034284254466099 ], [ 77.641145616325502, 13.034344490891399 ], [ 77.641104508967103, 13.0343630649524 ], [ 77.641077314990596, 13.034363342344699 ], [ 77.641046848598904, 13.0343399505891 ], [ 77.641039072055193, 13.034327538590301 ], [ 77.641017254237696, 13.034292714608499 ], [ 77.641000741319999, 13.034266351969 ], [ 77.640900371102703, 13.034054761251699 ], [ 77.640873465920194, 13.0339924589003 ], [ 77.640805798358599, 13.0338357739111 ], [ 77.640676287586402, 13.0335911826841 ], [ 77.640636709299798, 13.033546478596699 ], [ 77.640572300451595, 13.033473730488399 ], [ 77.640410621933498, 13.0333302035428 ], [ 77.640263643409895, 13.033148008252001 ], [ 77.640140710523696, 13.0329537177566 ], [ 77.640110717580498, 13.032919166716701 ], [ 77.640064231974904, 13.0328656154506 ], [ 77.639875989795001, 13.0326308894536 ], [ 77.639860343463695, 13.032599508500301 ], [ 77.639812607927198, 13.0325037557577 ], [ 77.639696251530296, 13.032198480926199 ], [ 77.639694492495494, 13.0321938662129 ], [ 77.639618614218705, 13.0319614283038 ], [ 77.6396164105373, 13.031954677059399 ], [ 77.639614953109799, 13.0319520901178 ], [ 77.6395592049671, 13.031853165807201 ], [ 77.639458869496593, 13.0316751197694 ], [ 77.639449218494804, 13.031661180172 ], [ 77.639305903832494, 13.0314541681583 ], [ 77.638826763650499, 13.031008706598399 ], [ 77.638518612646706, 13.030730379443799 ], [ 77.638329087033, 13.030524913373799 ], [ 77.638056212554005, 13.030253729756 ], [ 77.637959317350806, 13.030134629139599 ], [ 77.637913814900898, 13.0300451534017 ], [ 77.6379004969112, 13.0300019022122 ], [ 77.637896958921104, 13.0299930433403 ], [ 77.637766943937294, 13.029667649055201 ], [ 77.637632961361703, 13.029225300706401 ], [ 77.637562815477594, 13.028706237408199 ], [ 77.637506133607005, 13.028237748575201 ], [ 77.637429447613698, 13.0279846188229 ], [ 77.637035887923503, 13.0278851868134 ], [ 77.6365954980282, 13.0278163403569 ], [ 77.636352957229903, 13.027812143596201 ], [ 77.636188480461399, 13.0278359201829 ], [ 77.636137986077898, 13.027843219519299 ], [ 77.635832892186698, 13.027924096450301 ], [ 77.635613501673703, 13.028016355747701 ], [ 77.635210161757698, 13.028185975728 ], [ 77.635138125134105, 13.028215541638801 ], [ 77.634860399111602, 13.028329525382601 ], [ 77.634555256009904, 13.028405957634 ], [ 77.634387393463498, 13.028445947602 ], [ 77.634272679430794, 13.028473273260699 ], [ 77.633806998310902, 13.028584669360701 ], [ 77.6336666550839, 13.0286299549017 ], [ 77.633615012802295, 13.0286466202265 ], [ 77.633482064568, 13.0287153479561 ], [ 77.633458493420207, 13.028687872009099 ], [ 77.633196123970393, 13.0283820116803 ], [ 77.633085954511003, 13.0282535822346 ], [ 77.633013010738907, 13.0281685443708 ], [ 77.632953753154098, 13.028086987313801 ], [ 77.632766305390803, 13.0278289960525 ], [ 77.6327286137779, 13.027770185224 ], [ 77.6327247624872, 13.027764178769401 ], [ 77.632737250015396, 13.0277588690105 ], [ 77.632653103134601, 13.0276317891933 ], [ 77.6327008447374, 13.0276628491422 ], [ 77.632772485675801, 13.027665465442199 ], [ 77.632840574655305, 13.0276547437938 ], [ 77.633361099383706, 13.027415382071499 ], [ 77.633502337003094, 13.027350432308801 ], [ 77.634307026145606, 13.0270179189088 ], [ 77.634726523813995, 13.0268787381781 ], [ 77.6353570715861, 13.0266695317368 ], [ 77.636271930414495, 13.026436200010499 ], [ 77.637265632214707, 13.026242186527201 ], [ 77.638208257334199, 13.026055377525401 ], [ 77.6393283595187, 13.025854360860601 ], [ 77.639413149329897, 13.025839144698301 ], [ 77.639794084167093, 13.025744986558699 ], [ 77.639924847972495, 13.0256938405611 ], [ 77.640364615517996, 13.0255218359025 ], [ 77.641844488894506, 13.0248681214799 ], [ 77.643555114002197, 13.0241083906129 ], [ 77.645415253456605, 13.023300315206299 ], [ 77.647322762606095, 13.022458307189501 ], [ 77.649780414333804, 13.021403362467201 ], [ 77.651867815717097, 13.020485927037001 ], [ 77.653541145327097, 13.019753271013601 ], [ 77.653901213214994, 13.019622529388201 ], [ 77.654777761954804, 13.019319316842299 ], [ 77.6555187773847, 13.019091843068299 ], [ 77.655768339333903, 13.018993788597699 ], [ 77.656001878036193, 13.018902031235999 ], [ 77.656777763717997, 13.018556326999599 ], [ 77.657502569068498, 13.0182378062786 ], [ 77.658218465388302, 13.017934190816799 ], [ 77.6594666856315, 13.017396980903801 ], [ 77.660044827276295, 13.017138218405499 ], [ 77.6600561001774, 13.017133174744099 ], [ 77.660201762187697, 13.0170693949709 ], [ 77.660603463836594, 13.0168935003498 ], [ 77.661205241089704, 13.016656229531099 ], [ 77.661521047375103, 13.016519664553 ], [ 77.661611515869197, 13.016473383856599 ], [ 77.661654844607099, 13.0164512161369 ], [ 77.661698351135996, 13.016428960764101 ], [ 77.661702927762903, 13.0164252920928 ], [ 77.661732000819001, 13.0164019924326 ], [ 77.661803207225702, 13.016344926961599 ], [ 77.661865799087195, 13.0162642911002 ], [ 77.661874759910006, 13.016250237233001 ], [ 77.661913346210497, 13.0161897323175 ], [ 77.661961560743194, 13.0160981296854 ], [ 77.661993307293102, 13.016037810628299 ], [ 77.661999715183796, 13.0160159108505 ], [ 77.662009185182797, 13.0159835400808 ], [ 77.662042862656406, 13.015868427885501 ], [ 77.662071019276695, 13.015675558161901 ], [ 77.662098763706496, 13.0154441794423 ], [ 77.662159124227301, 13.014871751296599 ], [ 77.662189414721794, 13.014595903377099 ], [ 77.662225620837901, 13.013742261931 ], [ 77.662231754710405, 13.0135385428062 ], [ 77.662239562890605, 13.0132791126277 ], [ 77.662245694515605, 13.0130754368867 ], [ 77.662276444456495, 13.012559603791299 ], [ 77.662292656216195, 13.012388983415899 ], [ 77.662276340096199, 13.0123874444234 ], [ 77.662170765549803, 13.0123429478251 ], [ 77.662099152948898, 13.012313287589 ], [ 77.661868256991596, 13.012172792349601 ], [ 77.661512893915599, 13.011987982099299 ], [ 77.660996386807795, 13.011807863805 ], [ 77.660003633349802, 13.011444174466099 ], [ 77.659312483088101, 13.0111655357041 ], [ 77.658894708477803, 13.010941845090001 ], [ 77.658564275174001, 13.010768934100099 ], [ 77.658355275406294, 13.010646448280401 ], [ 77.657912028027198, 13.010359186855499 ], [ 77.657893918593402, 13.0103578529367 ], [ 77.657496871562998, 13.0100898716071 ], [ 77.656447064015694, 13.0093163951087 ], [ 77.656131355466499, 13.0090703760512 ], [ 77.656046827126403, 13.0089922128714 ], [ 77.655943280053904, 13.008874724594699 ], [ 77.655819511370893, 13.008736882091799 ], [ 77.655472716556503, 13.0083506430729 ], [ 77.654729486625399, 13.0075466638115 ], [ 77.654527735970206, 13.007280103474701 ], [ 77.654011478451196, 13.006781936108 ], [ 77.653636141258303, 13.006466611093 ], [ 77.653132363384302, 13.006024935713601 ], [ 77.6529916252113, 13.0059078260823 ], [ 77.652941580721105, 13.005865782520999 ], [ 77.652873198865507, 13.005848244024 ], [ 77.652467774894205, 13.0059101441955 ], [ 77.651681883976707, 13.0060488836735 ], [ 77.651298221215995, 13.0061166350399 ], [ 77.6512360227686, 13.0061252539672 ], [ 77.651252441416801, 13.006183976731 ], [ 77.651413812149798, 13.0064923720028 ], [ 77.651540311092901, 13.006728173439701 ], [ 77.651528170358304, 13.0067526160255 ], [ 77.651358247069098, 13.0068060278291 ], [ 77.650999410058404, 13.0068765660832 ], [ 77.6507921301057, 13.0069151596536 ], [ 77.6506686648071, 13.0069650573154 ], [ 77.650489891953001, 13.0070611144004 ], [ 77.650268017754698, 13.0071849665544 ], [ 77.6498954573524, 13.007422826164101 ], [ 77.649682267568195, 13.007488836882001 ], [ 77.649543079352696, 13.0075176151859 ], [ 77.6488740593757, 13.0075700427819 ], [ 77.648263931688703, 13.0076218692948 ], [ 77.648090453299005, 13.0076327591281 ], [ 77.648020253785603, 13.0076229014522 ], [ 77.648033024950394, 13.0075067179217 ], [ 77.647715859802702, 13.0076234184263 ], [ 77.647656547440505, 13.007640226238999 ], [ 77.647462018141297, 13.0077121246771 ], [ 77.647245855355905, 13.0077903218206 ], [ 77.646702255220703, 13.0080569074445 ], [ 77.646274002860594, 13.007519447813101 ], [ 77.646188459789997, 13.0074667470665 ], [ 77.646103933616104, 13.0073885772286 ], [ 77.645956546096301, 13.007228977435201 ], [ 77.645814904309702, 13.0070267634048 ], [ 77.645704100662101, 13.0068090350674 ], [ 77.6457037284829, 13.0068037386201 ], [ 77.645701371774294, 13.0068007814372 ], [ 77.645662838778705, 13.0067182685559 ], [ 77.645536827404896, 13.006528052820601 ], [ 77.645523299070803, 13.0064218019553 ], [ 77.645464277406504, 13.006410245861099 ], [ 77.6451267201479, 13.006441044476601 ], [ 77.644869359219001, 13.006434549425499 ], [ 77.644279866106501, 13.0063858422696 ], [ 77.643662701049706, 13.0063586971142 ], [ 77.643181786973301, 13.0063180025713 ], [ 77.642675820428195, 13.006253243639099 ], [ 77.6425319948262, 13.0062388295476 ], [ 77.641822445400805, 13.0061677037365 ], [ 77.641125625090396, 13.006088617437699 ], [ 77.640913087073201, 13.006064494704299 ], [ 77.640531131884401, 13.006001508055601 ], [ 77.640474925905593, 13.005990569844601 ], [ 77.640263994197895, 13.005949514888799 ], [ 77.639934249013706, 13.005840398510101 ], [ 77.639374272343701, 13.0056515578492 ], [ 77.639075816251804, 13.005569483313201 ], [ 77.638731026521697, 13.0055030766913 ], [ 77.638476444750395, 13.0054661490679 ], [ 77.638305968578806, 13.005467882651001 ], [ 77.638111019850598, 13.0055002627057 ], [ 77.638024072502503, 13.005485947898601 ], [ 77.637728006819202, 13.0053369728671 ], [ 77.637571904138795, 13.005232170381101 ], [ 77.637502944367199, 13.005159919665999 ], [ 77.636900761934598, 13.0044973065436 ], [ 77.636466071990796, 13.004136959385701 ], [ 77.636457379475999, 13.0041351144197 ], [ 77.636456740461895, 13.004134015144301 ], [ 77.6364316226814, 13.0041038725702 ], [ 77.636300254570301, 13.0039927396425 ], [ 77.636248014875093, 13.003944187462 ], [ 77.636323991360101, 13.003892186138099 ], [ 77.636487271534904, 13.003796298373601 ], [ 77.636663761854194, 13.0036977892241 ], [ 77.637014239861102, 13.0035021701494 ], [ 77.637942024017505, 13.003003351394399 ], [ 77.638333670552299, 13.002810908837001 ], [ 77.638447646347799, 13.002742875536899 ], [ 77.638496755301304, 13.0026967814201 ], [ 77.638542511019594, 13.002626402656199 ], [ 77.638612097118894, 13.002464591077 ], [ 77.638668768902306, 13.002254276951399 ], [ 77.638732669531393, 13.002141157932799 ], [ 77.638830182785298, 13.001982104137699 ], [ 77.639138442881006, 13.001526054342801 ], [ 77.639486482670307, 13.0010209659844 ], [ 77.639617511000097, 13.0008068547601 ], [ 77.639900586498399, 13.000314584864199 ], [ 77.640393347724796, 12.999425022527101 ], [ 77.640956424727506, 12.9984435540874 ], [ 77.641539351315899, 12.997580431271199 ], [ 77.642210356735504, 12.9965461879017 ], [ 77.642615778046107, 12.995982021043099 ], [ 77.642714965036504, 12.9958616594367 ], [ 77.641296199147106, 12.995839643637201 ], [ 77.641199349462894, 12.995425995043201 ], [ 77.640980013274003, 12.9956142603135 ], [ 77.640664360318297, 12.995834486398399 ], [ 77.640557972050303, 12.995500628096901 ], [ 77.6404052076401, 12.9950775071664 ], [ 77.640368166947198, 12.9949696696738 ], [ 77.640113483130307, 12.994992259893399 ], [ 77.640048804501305, 12.9949829177698 ], [ 77.639420378430202, 12.995019304271 ], [ 77.637922610733995, 12.995131186132401 ], [ 77.637854555053806, 12.9943439457853 ], [ 77.637845133075999, 12.9942320301201 ], [ 77.638057608216201, 12.994201198375 ], [ 77.637979259755596, 12.993802711044699 ], [ 77.637939168548996, 12.993598800640999 ], [ 77.637475842934194, 12.9936129593403 ], [ 77.637295166453697, 12.9936007446322 ], [ 77.637163180297705, 12.9927230209036 ], [ 77.636983396042595, 12.9927498754162 ], [ 77.635696019679202, 12.9930298534921 ], [ 77.635347287760098, 12.9930992953753 ], [ 77.634760695671403, 12.9932370547433 ], [ 77.634371504186504, 12.9932937261093 ], [ 77.634092807409004, 12.9933130296053 ], [ 77.633388759033295, 12.993465157319401 ], [ 77.631930294179597, 12.9937732154249 ], [ 77.631142104733499, 12.9939130077667 ], [ 77.630209820389297, 12.994090506803101 ], [ 77.629112444836295, 12.9942587430729 ], [ 77.628790844996004, 12.994173097151201 ], [ 77.629051186624594, 12.9943631191392 ], [ 77.629081388896196, 12.994440178728199 ], [ 77.629091085775499, 12.9944795243628 ], [ 77.629081944432798, 12.9945133267898 ], [ 77.628447226078805, 12.994646752399101 ], [ 77.627420043576905, 12.994831426459699 ], [ 77.626834663364306, 12.994975149448001 ], [ 77.626056499177494, 12.995258622269001 ], [ 77.625394432417195, 12.9955773935473 ], [ 77.624975375610703, 12.995816704188099 ], [ 77.624622356107096, 12.996047241295001 ], [ 77.624376272782897, 12.996228059122201 ], [ 77.623701034884306, 12.996867145378999 ], [ 77.622042339310198, 12.9983146029042 ], [ 77.620752330090298, 12.999450305746 ], [ 77.620165437661996, 12.999958496763499 ], [ 77.619450107580704, 12.999422919659301 ], [ 77.619215017128994, 12.999076735661699 ], [ 77.619097643169695, 12.9989198527234 ], [ 77.618930935352793, 12.998787788336999 ], [ 77.618735251700798, 12.998651959784601 ], [ 77.618295103569395, 12.9984578041704 ], [ 77.617975951280897, 12.9983718575546 ], [ 77.617901641443197, 12.9983548773943 ], [ 77.617891268947702, 12.998335043566801 ], [ 77.617663177839702, 12.9978989754793 ], [ 77.617577242902399, 12.997681095567099 ], [ 77.617484538276699, 12.997507380597201 ], [ 77.617176383312099, 12.9967958816675 ], [ 77.616931654308999, 12.9961102887839 ], [ 77.616862178246606, 12.995797456705599 ], [ 77.6168281780418, 12.9957805160882 ], [ 77.616707164883906, 12.9957259749198 ], [ 77.616910491606703, 12.9956206133963 ], [ 77.616942523535599, 12.9955978731128 ], [ 77.617221759900104, 12.9954248345816 ], [ 77.617532698085697, 12.9951217787894 ], [ 77.617804866604203, 12.994669151642601 ], [ 77.618117342660895, 12.994118847862399 ], [ 77.618505701100901, 12.993316494933 ], [ 77.618943436557799, 12.9924933793286 ], [ 77.619181861742106, 12.9919762446163 ], [ 77.619302695291097, 12.991675104062899 ], [ 77.619338060365394, 12.991500470062 ], [ 77.619368952166894, 12.9912934566283 ], [ 77.619446162617095, 12.990773894174 ], [ 77.619473305485698, 12.9906033949351 ], [ 77.619527449002305, 12.990112417083701 ], [ 77.619521512459201, 12.9895463297444 ], [ 77.619498688669594, 12.988889032013001 ], [ 77.619407290556097, 12.988249278048499 ], [ 77.619332758827596, 12.9874475382569 ], [ 77.619326176970603, 12.9872779870734 ], [ 77.619326150552197, 12.9872773124868 ], [ 77.619329463896804, 12.9872772790805 ], [ 77.619326451866598, 12.987219675926999 ], [ 77.618805101645194, 12.987336022404 ], [ 77.618584127447704, 12.9875210166991 ], [ 77.618344066445601, 12.987703090961199 ], [ 77.6182663116101, 12.987757213344601 ], [ 77.617677736606296, 12.988289971428999 ], [ 77.617253825529701, 12.9886255254982 ], [ 77.617121471566506, 12.988730292307901 ], [ 77.617121061854306, 12.9887305792058 ], [ 77.616715310406093, 12.989014481903901 ], [ 77.616247399804294, 12.989299290258099 ], [ 77.615004093454004, 12.989993126863199 ], [ 77.613913862581995, 12.990591721725 ], [ 77.613696825233006, 12.990732148258999 ], [ 77.6132480059714, 12.9909695935164 ], [ 77.613053225414205, 12.9910821934578 ], [ 77.612876073491606, 12.991177147376099 ], [ 77.612799248483796, 12.991212859172901 ], [ 77.612592409200204, 12.991308114296601 ], [ 77.612503467622602, 12.9913206540774 ], [ 77.612355454340502, 12.9913629052893 ], [ 77.612112502490405, 12.9914119347472 ], [ 77.611976242894499, 12.991442422439199 ], [ 77.6118991159247, 12.9914490197473 ], [ 77.611780788696393, 12.991490972115299 ], [ 77.611691968757398, 12.991515159139899 ], [ 77.611278225558195, 12.9916998376795 ], [ 77.611047754599198, 12.991806973563399 ], [ 77.610316364268797, 12.992280185794201 ], [ 77.609863861926797, 12.9926190571801 ], [ 77.609784967764099, 12.9926781389137 ], [ 77.609709474977393, 12.992734674027799 ], [ 77.608978623699599, 12.9932602856023 ], [ 77.608790020191705, 12.9933961148138 ], [ 77.608707319459498, 12.9934377081194 ], [ 77.608630372245003, 12.993461773189701 ], [ 77.608571301322698, 12.993491483945901 ], [ 77.608500232964701, 12.993509666454701 ], [ 77.608435039822197, 12.993521968264 ], [ 77.608298595833503, 12.993534985735501 ], [ 77.608173905937804, 12.993536238133199 ], [ 77.607675569082105, 12.9935820054068 ], [ 77.607401044130796, 12.993592024666601 ], [ 77.607286112550696, 12.9934816029581 ], [ 77.607240887177795, 12.993354427465 ], [ 77.6072221146907, 12.9929402464709 ], [ 77.607164291035403, 12.9915525091285 ], [ 77.607118683883201, 12.990520412388999 ], [ 77.607105616863805, 12.990358284749201 ], [ 77.6069210187637, 12.990288013511901 ], [ 77.606730045621703, 12.9902473128863 ], [ 77.6066026504229, 12.9902125329559 ], [ 77.606600582996293, 12.990212167940699 ], [ 77.606461985334306, 12.9901877181006 ], [ 77.606060669557905, 12.990172074640901 ], [ 77.605602798924707, 12.9901832225463 ], [ 77.605295992074005, 12.9901830324158 ], [ 77.605280081545999, 12.9903319122698 ], [ 77.6052649449081, 12.9905311404528 ], [ 77.605211461662904, 12.990701480445701 ], [ 77.605102029635006, 12.9910733316972 ], [ 77.604996640116198, 12.991252384587501 ], [ 77.604893206266595, 12.991430108779999 ], [ 77.604797216503002, 12.991574481474601 ], [ 77.604648496046295, 12.9917454278841 ], [ 77.604572212058201, 12.9919413168696 ], [ 77.604545945065098, 12.992007672296999 ], [ 77.604489216224096, 12.9920611133692 ], [ 77.604454266614397, 12.992099409601 ], [ 77.6044114019668, 12.992112310371001 ], [ 77.6043637298189, 12.992123501276 ], [ 77.604185277043001, 12.9921826285756 ], [ 77.604105299347907, 12.992222851584801 ], [ 77.6038689149823, 12.992727278899 ], [ 77.603903085270204, 12.992810815890699 ], [ 77.603834349974704, 12.992774558518001 ], [ 77.602836314415597, 12.992549118409601 ], [ 77.602534113087799, 12.992528589274301 ], [ 77.6022903007092, 12.992531032498499 ], [ 77.602095309181607, 12.9925389643142 ], [ 77.601870029257299, 12.9925651334029 ], [ 77.601505237962797, 12.992658456863101 ], [ 77.601231693486895, 12.9927329328317 ], [ 77.600687328987803, 12.992941064753399 ], [ 77.599163444874804, 12.993591362362199 ], [ 77.598525955890807, 12.993814156419401 ], [ 77.597405866253595, 12.994205603308 ], [ 77.596635439712102, 12.994433321368399 ], [ 77.596531350346396, 12.9944767855996 ], [ 77.596571471133203, 12.994548099732899 ], [ 77.596837931832994, 12.9946115852077 ], [ 77.597174864448505, 12.994708846785899 ], [ 77.598663472219798, 12.9951914135239 ], [ 77.599868776678406, 12.995559805349201 ], [ 77.600046173077999, 12.995614023536101 ], [ 77.600161459012099, 12.9956551070778 ], [ 77.600214390649199, 12.995682735080401 ], [ 77.600257652492601, 12.9957010723764 ], [ 77.600310390517805, 12.995709931741199 ], [ 77.600387197412402, 12.995732625466299 ], [ 77.600430312687095, 12.9957368887681 ], [ 77.600502141308496, 12.9957408617651 ], [ 77.600602632587595, 12.9957398552396 ], [ 77.600755517863405, 12.99571485819 ], [ 77.601533853723197, 12.995547497913901 ], [ 77.602407698810893, 12.99536040498 ], [ 77.603557518261297, 12.995020366388299 ], [ 77.604782921197, 12.9945857044271 ], [ 77.605502013480304, 12.9942452863943 ], [ 77.605681273975804, 12.994473152972599 ], [ 77.606927206155007, 12.9963220092546 ], [ 77.607669029079005, 12.9974423315435 ], [ 77.608124593806195, 12.9980811070259 ], [ 77.608500863866993, 12.9986855809774 ], [ 77.608676346137003, 12.9989325834132 ], [ 77.608441813976697, 12.9990419336853 ], [ 77.607127897907802, 12.999479126333901 ], [ 77.606861680865094, 12.9995446143423 ], [ 77.606781617913299, 12.999545418411399 ], [ 77.606733580408999, 12.999515386753499 ], [ 77.606592614787502, 12.9985774407492 ], [ 77.606548350058901, 12.9982138048507 ], [ 77.606547653045993, 12.9981301131129 ], [ 77.606523848170994, 12.9979942619567 ], [ 77.606496531606595, 12.9979506351835 ], [ 77.606464830670106, 12.9979158337207 ], [ 77.606424132693903, 12.9978767310342 ], [ 77.606396999523199, 12.9978506658962 ], [ 77.606356575623096, 12.997837899811 ], [ 77.606257958371302, 12.997825721574101 ], [ 77.605877517761797, 12.997833927783899 ], [ 77.6051567815461, 12.997836774561501 ], [ 77.605067347252103, 12.9978464515433 ], [ 77.605009429552595, 12.997873372132499 ], [ 77.604991935701804, 12.9979130572203 ], [ 77.604944253628005, 12.9980627970772 ], [ 77.604871223891394, 12.998357659313401 ], [ 77.604822856445793, 12.998441554398701 ], [ 77.604752333031101, 12.998547625061301 ], [ 77.604699303428603, 12.998614004307999 ], [ 77.6046017411268, 12.998702785454199 ], [ 77.604383453564907, 12.998805946188501 ], [ 77.603835013035194, 12.999017777296899 ], [ 77.603273281377298, 12.999242912674999 ], [ 77.602194304594505, 12.9996663930742 ], [ 77.6018290242787, 12.9998412653153 ], [ 77.601773302050603, 13.0000788852456 ], [ 77.6016751512675, 13.000540821686 ], [ 77.601602736776996, 13.0005247013175 ], [ 77.601595583036399, 13.000638198451 ], [ 77.601578225770794, 13.000691053146101 ], [ 77.601569776847299, 13.000739428789601 ], [ 77.601557170238905, 13.00081857532 ], [ 77.601541050238893, 13.000989947413901 ], [ 77.601496201777294, 13.0014118381572 ], [ 77.601492595987096, 13.0014952869375 ], [ 77.601650568455995, 13.001476142566601 ], [ 77.601650607481005, 13.0014798859821 ], [ 77.601657444520896, 13.0014741466257 ], [ 77.601857067004303, 13.0014237903624 ], [ 77.602021666733293, 13.001393731878499 ], [ 77.602071306856502, 13.0013846651789 ], [ 77.602219107161304, 13.0013718046236 ], [ 77.602244538311197, 13.001377149082501 ], [ 77.602266775682807, 13.001381822695 ], [ 77.602335389807905, 13.001396239121901 ], [ 77.602434713920303, 13.001463508892799 ], [ 77.6025078404288, 13.001580299811399 ], [ 77.602567457669096, 13.0016755086716 ], [ 77.602593057848097, 13.0017377826931 ], [ 77.6037868611227, 13.003455405296799 ], [ 77.603785609349998, 13.003705022021 ], [ 77.6037849926077, 13.0038278797918 ], [ 77.603747789539199, 13.004084915734699 ], [ 77.603741702798999, 13.0041269744106 ], [ 77.603742046858798, 13.0041599442277 ], [ 77.603742919691499, 13.004243583751901 ], [ 77.603822891564107, 13.0044020662316 ], [ 77.603996417342003, 13.0047687864833 ], [ 77.604023433740707, 13.004825879321499 ], [ 77.6041013777769, 13.005033130888 ], [ 77.604341448558799, 13.0054492886725 ], [ 77.604531548623001, 13.0059039819646 ], [ 77.604561084211497, 13.0059441336586 ], [ 77.604591466496601, 13.006058321650301 ], [ 77.604605128718902, 13.006084441670099 ], [ 77.604942620073501, 13.0059788036006 ], [ 77.605140527370693, 13.0064395158956 ], [ 77.605266419498093, 13.0067139943953 ], [ 77.602446096213001, 13.008101997257 ], [ 77.601472577037001, 13.008568425862901 ], [ 77.6013376271505, 13.008635117840001 ], [ 77.601250648629303, 13.0086781006652 ], [ 77.600962435952795, 13.0088114665311 ], [ 77.600254044820701, 13.009183133718 ], [ 77.598104179924306, 13.0101832391525 ], [ 77.597322110875197, 13.0106208753933 ], [ 77.596913423790696, 13.010836029977501 ], [ 77.596605240635597, 13.010931217655401 ], [ 77.596204000222102, 13.011099452946601 ], [ 77.596005165392, 13.0111828234543 ], [ 77.595900973493798, 13.0112318521088 ], [ 77.595751847553103, 13.011302025367501 ], [ 77.595455253091203, 13.010467138463699 ], [ 77.5953276208853, 13.010143481010999 ], [ 77.595320674560298, 13.010044910211301 ], [ 77.595302201368497, 13.0099754657525 ], [ 77.594955830095202, 13.009102767454999 ], [ 77.594743973426006, 13.0092151326298 ], [ 77.594236284782497, 13.0076245516432 ], [ 77.593764038230404, 13.0065964420039 ], [ 77.593558467540305, 13.0061749242833 ], [ 77.593445039797004, 13.0060117109755 ], [ 77.593261549702603, 13.005668092904299 ], [ 77.593214739010406, 13.0056894472526 ], [ 77.593199914613095, 13.005739320399099 ], [ 77.593083768756699, 13.006042457510601 ], [ 77.593031456178906, 13.0061789868529 ], [ 77.592739212039902, 13.0067106412179 ], [ 77.5924830155558, 13.0071068248886 ], [ 77.592315461244496, 13.007365929109699 ], [ 77.591848474307596, 13.0081202928412 ], [ 77.591131527486098, 13.009216489565199 ], [ 77.590645197888705, 13.009944058116499 ], [ 77.5906164165268, 13.0099871159985 ], [ 77.590180706466498, 13.0106543585072 ], [ 77.589776571893594, 13.011262100415401 ], [ 77.589065539425405, 13.012318028861401 ], [ 77.588347538226103, 13.0132353674295 ], [ 77.588142614797903, 13.0134971814433 ], [ 77.587881875963504, 13.0137321800939 ], [ 77.587668659357306, 13.0138672224072 ], [ 77.587264240068393, 13.014081701777799 ], [ 77.586842472038597, 13.0142575863249 ], [ 77.5865721496954, 13.0143322788403 ], [ 77.585979990656696, 13.0144157163881 ], [ 77.584659383791106, 13.0145119557119 ], [ 77.583992687286795, 13.0145239145928 ], [ 77.583998318042106, 13.0154446596769 ], [ 77.583971828833796, 13.016642988409901 ], [ 77.583949180934397, 13.017085810632899 ], [ 77.583923971029407, 13.0180323020355 ], [ 77.583900227984401, 13.0191199537449 ], [ 77.583897429097306, 13.0196007303046 ], [ 77.583899763022202, 13.019825821378801 ], [ 77.583907373076798, 13.0201844007363 ], [ 77.583921102011999, 13.020382669840799 ], [ 77.583949841396603, 13.0205273707698 ], [ 77.583971117064493, 13.020702673291201 ], [ 77.584092670516497, 13.0211669490534 ], [ 77.584532882121096, 13.022715463101999 ], [ 77.584590966745793, 13.0228967395546 ], [ 77.584514805079195, 13.022938819716501 ], [ 77.584267649788302, 13.0231861380753 ], [ 77.582853790944299, 13.0244051592581 ], [ 77.582682941681497, 13.0245618824926 ], [ 77.582443719335203, 13.0247087150745 ], [ 77.581921756739504, 13.0249640630442 ], [ 77.581427948087807, 13.025162757696 ], [ 77.581295597451103, 13.025220446443599 ], [ 77.581238439071299, 13.025252723929199 ], [ 77.581188614752506, 13.025299021103001 ], [ 77.581149423746595, 13.025331122285801 ], [ 77.581120971824902, 13.0253595894496 ], [ 77.581099777312602, 13.025395033856199 ], [ 77.581037225010405, 13.025600000726801 ], [ 77.580998616148094, 13.025688466252801 ], [ 77.580963162317104, 13.0257346202467 ], [ 77.580924114428399, 13.0257808091373 ], [ 77.580892071190206, 13.025809314774801 ], [ 77.580859953986007, 13.025830771601401 ], [ 77.580781240422198, 13.0258632664512 ], [ 77.580631434638306, 13.025970453962101 ], [ 77.580492370647093, 13.026074010096 ], [ 77.580275468648694, 13.0262946079041 ], [ 77.580166153176407, 13.026430651689999 ], [ 77.5800744900599, 13.026477579518501 ], [ 77.5799963553808, 13.0265297878203 ], [ 77.579935436264293, 13.026556108219699 ], [ 77.579800263871405, 13.026587451240101 ], [ 77.579494910686407, 13.0266462051564 ], [ 77.578906012014798, 13.026759208968899 ], [ 77.578596332773202, 13.0268222908885 ], [ 77.578356182951893, 13.0268461089301 ], [ 77.578094089756704, 13.0268615741731 ], [ 77.577701105501404, 13.0268997703061 ], [ 77.577697966222999, 13.027121354502301 ], [ 77.577686613227101, 13.0272416921458 ], [ 77.577686439586699, 13.0272421862496 ], [ 77.577639569338203, 13.027248797829699 ], [ 77.577304972938705, 13.0273057362412 ], [ 77.576546194252302, 13.027427305802 ], [ 77.575323397301901, 13.027659364820799 ], [ 77.573984443800498, 13.027904786318 ], [ 77.572815624961905, 13.0281362988318 ], [ 77.571854277104094, 13.028349453902599 ], [ 77.571252308276001, 13.0284842956116 ], [ 77.571169004300401, 13.0287893282505 ], [ 77.571063272936101, 13.029176487249501 ], [ 77.569870008486305, 13.032251126548701 ], [ 77.569641990613206, 13.0325592187076 ], [ 77.569194333234293, 13.0331706171318 ], [ 77.568726631696194, 13.033839542259001 ], [ 77.5682278501437, 13.034517037263999 ], [ 77.567065893777396, 13.0358271552895 ], [ 77.566705677978206, 13.036156626860899 ], [ 77.565960366478805, 13.0369418060982 ], [ 77.565466339541402, 13.0375984860445 ], [ 77.564958709542196, 13.0382444570629 ], [ 77.564482081312207, 13.038850971172099 ], [ 77.564290918803806, 13.0390901688684 ], [ 77.5638520187712, 13.0396393505342 ], [ 77.563415053434596, 13.040243317740201 ], [ 77.562213141058606, 13.041880332939201 ], [ 77.562144382872305, 13.041982931138101 ], [ 77.562132608533801, 13.042000497874399 ], [ 77.561779292806406, 13.0413586980643 ], [ 77.561695113353693, 13.041205785514499 ], [ 77.561482588332595, 13.040838281467799 ], [ 77.5613645496408, 13.0406341673326 ], [ 77.561269040483296, 13.0404690092558 ], [ 77.561237361152294, 13.040424525084401 ], [ 77.561052508393402, 13.0401649666157 ], [ 77.561009194166203, 13.0401041447602 ], [ 77.5608231574885, 13.039885109460901 ], [ 77.560813189866806, 13.039873375564101 ], [ 77.560721344369895, 13.039778509265901 ], [ 77.560710352311702, 13.0397671559143 ], [ 77.560708700057205, 13.039765449376899 ], [ 77.560560663145907, 13.039612545507699 ], [ 77.560378982962604, 13.0394654076841 ], [ 77.560239435414005, 13.039352392853299 ], [ 77.559912470004903, 13.0391412888709 ], [ 77.559611115363793, 13.0389911725992 ], [ 77.559353730368102, 13.038865114686599 ], [ 77.559192499134696, 13.0388086800029 ], [ 77.5588773140515, 13.038698355658299 ], [ 77.558558232508403, 13.038646391858199 ], [ 77.558227237153005, 13.038595662957301 ], [ 77.558145342483598, 13.0385831111267 ], [ 77.557926091710002, 13.0385712670505 ], [ 77.557901320827298, 13.038569927172 ], [ 77.557857866031199, 13.0385675811652 ], [ 77.557799281897601, 13.038567681230401 ], [ 77.557343963294599, 13.0385684523309 ], [ 77.557380576999407, 13.0380196502594 ], [ 77.557394812827695, 13.037713462542399 ], [ 77.557515868352098, 13.036666631687501 ], [ 77.557558272400797, 13.036157706944801 ], [ 77.557556636358598, 13.035998501870299 ], [ 77.557529576102397, 13.035796678116 ], [ 77.557481565581796, 13.035594489409499 ], [ 77.557438178223904, 13.0354117705385 ], [ 77.557416313159493, 13.0353249820107 ], [ 77.557354208248398, 13.0350784860938 ], [ 77.557353529092396, 13.0350757914719 ], [ 77.557341091111795, 13.0349139872047 ], [ 77.5573387370695, 13.034810249566901 ], [ 77.55733795447, 13.034775872707399 ], [ 77.557344678607507, 13.034760384319201 ], [ 77.557378700558999, 13.034681998820799 ], [ 77.557380666450996, 13.0346774666467 ], [ 77.557510305038406, 13.034433807328901 ], [ 77.557511260593898, 13.0344320144708 ], [ 77.557541345555705, 13.0343754664099 ], [ 77.558275498012605, 13.033315444730899 ], [ 77.558657380179994, 13.032764051061701 ], [ 77.559790452085807, 13.0311386844957 ], [ 77.559929296385107, 13.030959521548001 ], [ 77.559923563478705, 13.030945210593099 ], [ 77.559847558509105, 13.0307555644247 ], [ 77.559511901864397, 13.0299180319372 ], [ 77.559496604368107, 13.029879862209301 ], [ 77.559393477850193, 13.0296333005764 ], [ 77.559261288574803, 13.0293172522705 ], [ 77.559059659080106, 13.0288402059197 ], [ 77.558876040963398, 13.0284057716443 ], [ 77.558824388545005, 13.028283564779599 ], [ 77.558786308618906, 13.0281960411513 ], [ 77.558535568372704, 13.027619719679199 ], [ 77.558408456814803, 13.0272729869342 ], [ 77.558007293070901, 13.0263872937893 ], [ 77.557766272343002, 13.0258379559739 ], [ 77.557714971711803, 13.0257251167461 ], [ 77.557648526334006, 13.0254936145139 ], [ 77.557566411737, 13.0252281280479 ] ] ] ] } },
{ "type": "Feature", "properties": { "id": "bbmp_c2__wards_c2.4", "Name": null, "description": null, "timestamp": null, "begin": null, "end": null, "altitudeMode": null, "tessellate": -1, "extrude": 0, "visibility": -1, "drawOrder": null, "icon": null, "OBJECTID": 143, "NewCorp": "South" }, "geometry": { "type": "MultiPolygon", "coordinates": [ [ [ [ 77.582248990077005, 12.837175473214399 ], [ 77.581352126817194, 12.837580614779201 ], [ 77.580609346004593, 12.8378622909913 ], [ 77.579182800995497, 12.8381201957801 ], [ 77.576051655855693, 12.838791147565701 ], [ 77.574613102245493, 12.839118856680001 ], [ 77.5735045791521, 12.8393713784537 ], [ 77.565924780344403, 12.8398017528043 ], [ 77.563201567667207, 12.839198710399099 ], [ 77.560107201614798, 12.840557046891 ], [ 77.557470653534295, 12.841716596701801 ], [ 77.557384070453594, 12.842220142778199 ], [ 77.557312151425407, 12.8431360629547 ], [ 77.557304515604301, 12.8432042188858 ], [ 77.557330422222194, 12.844198406417799 ], [ 77.557191792200996, 12.8442102787333 ], [ 77.555835351286603, 12.8458215091801 ], [ 77.554148742037, 12.8481207230948 ], [ 77.553410942740001, 12.8477561776306 ], [ 77.553416448724207, 12.847556899484101 ], [ 77.553170540060805, 12.847035408931699 ], [ 77.552204216161101, 12.8474063617416 ], [ 77.5515847421036, 12.8478698614739 ], [ 77.544801048501796, 12.847802917256001 ], [ 77.544763676179798, 12.8478254138496 ], [ 77.544779310081196, 12.8478842942834 ], [ 77.544509954190403, 12.8480197221353 ], [ 77.544431551233501, 12.848448445949501 ], [ 77.544628465535894, 12.848586732116701 ], [ 77.545080735655702, 12.848693026900101 ], [ 77.545178710785507, 12.8487142108182 ], [ 77.545232310022598, 12.8488096135601 ], [ 77.545209167005297, 12.8490002467538 ], [ 77.545222320186994, 12.849118405455901 ], [ 77.545280737502793, 12.849248579468901 ], [ 77.545339992897695, 12.849301266212001 ], [ 77.545494559940096, 12.8493741352745 ], [ 77.545545693915798, 12.8494109923964 ], [ 77.545642112869501, 12.8495345735969 ], [ 77.545690322365402, 12.849596362370001 ], [ 77.545767179390097, 12.8496672141908 ], [ 77.545777823027294, 12.849779174940799 ], [ 77.545749884926494, 12.849909400582799 ], [ 77.545729670460702, 12.8500212740405 ], [ 77.545724456213605, 12.8502097817655 ], [ 77.545647761220593, 12.8503640827808 ], [ 77.545556068709203, 12.8504417512909 ], [ 77.545443527652296, 12.850568479132599 ], [ 77.545380145642895, 12.8506319124853 ], [ 77.545210348350295, 12.8507242990819 ], [ 77.545026821147005, 12.8508656758763 ], [ 77.544963717475596, 12.8509570273864 ], [ 77.544914913416804, 12.8510552177065 ], [ 77.5449159681731, 12.8511599055355 ], [ 77.544913315027003, 12.8512290523726 ], [ 77.544937076476103, 12.851284853469799 ], [ 77.545000308174195, 12.851361284660699 ], [ 77.545086927257401, 12.8514567491873 ], [ 77.545203399349603, 12.851512654617601 ], [ 77.545247029677398, 12.8515405877377 ], [ 77.545292356589897, 12.8515950673895 ], [ 77.545304918732697, 12.8516379047374 ], [ 77.545305690721094, 12.851714511730799 ], [ 77.545307167691007, 12.8518610750004 ], [ 77.545308433687595, 12.851986701433001 ], [ 77.545338082660507, 12.8521050713543 ], [ 77.545388997621401, 12.8522162528976 ], [ 77.545505618086906, 12.852494317856999 ], [ 77.545592310971102, 12.8526260928514 ], [ 77.5457358357461, 12.852750336070001 ], [ 77.545757637331405, 12.8527676003672 ], [ 77.545815998389202, 12.8528313025086 ], [ 77.545868705714199, 12.852860923607899 ], [ 77.545871755212602, 12.852864834959099 ], [ 77.545909881726701, 12.8528835788042 ], [ 77.545933154203198, 12.8529020665644 ], [ 77.545960771337505, 12.852953015471799 ], [ 77.545967049571601, 12.853019537729701 ], [ 77.545989010359804, 12.8531666718683 ], [ 77.545998375207105, 12.8533899364589 ], [ 77.545979570846498, 12.853641393543899 ], [ 77.545956209023601, 12.8539173744421 ], [ 77.545929944913894, 12.8540324317564 ], [ 77.545918482725, 12.854090326375101 ], [ 77.545924669728393, 12.8541729999799 ], [ 77.545949790809999, 12.854275190018001 ], [ 77.545972449781402, 12.854346426599299 ], [ 77.546059847402006, 12.854547994870099 ], [ 77.546103720335097, 12.8546662246937 ], [ 77.546276472577105, 12.8548669651935 ], [ 77.546520709196599, 12.855101908102499 ], [ 77.546686492194894, 12.8553166736111 ], [ 77.546727084192, 12.8553889222023 ], [ 77.5467769938641, 12.8554576163975 ], [ 77.546806038662496, 12.855506363057 ], [ 77.546823258508695, 12.8555622273431 ], [ 77.546809526293501, 12.8556160594195 ], [ 77.546741329627693, 12.855696099728799 ], [ 77.546481404665698, 12.855876056310301 ], [ 77.546367578962403, 12.8559650150429 ], [ 77.546274986249202, 12.856130332317401 ], [ 77.546205615107496, 12.856305501458399 ], [ 77.546143569411598, 12.856501540149299 ], [ 77.546138145125298, 12.856669109145001 ], [ 77.546139904687195, 12.856843587715 ], [ 77.546155680050305, 12.856996991342999 ], [ 77.546207792414094, 12.8572268192013 ], [ 77.546245258432293, 12.8574149142251 ], [ 77.546273589057705, 12.8575278595175 ], [ 77.546340959286795, 12.8576019143472 ], [ 77.546551839685307, 12.857749283657199 ], [ 77.546631869870794, 12.857820103890299 ], [ 77.546645091161906, 12.857872894530701 ], [ 77.546645907522603, 12.857953821384999 ], [ 77.546599736681102, 12.858094347597699 ], [ 77.5463375647129, 12.8585233601172 ], [ 77.546115876768894, 12.8588772677293 ], [ 77.545937849695903, 12.859156041437901 ], [ 77.545903298608906, 12.859190618493299 ], [ 77.545874904814596, 12.8592064600952 ], [ 77.545849525940298, 12.859206706504599 ], [ 77.545804609712107, 12.8591573350957 ], [ 77.545512413793503, 12.858811529184599 ], [ 77.545451354850599, 12.8587342995301 ], [ 77.5454099900996, 12.858722251221 ], [ 77.545362591704105, 12.8587413878991 ], [ 77.545321696721103, 12.858782230606799 ], [ 77.545271667671699, 12.8589250329915 ], [ 77.545200844690896, 12.8591886543852 ], [ 77.545227011972003, 12.8594349959242 ], [ 77.545292861684402, 12.859615832668901 ], [ 77.545337087514696, 12.8597689583908 ], [ 77.545453331132705, 12.8598742878445 ], [ 77.545565776136996, 12.8600132759169 ], [ 77.545706106569696, 12.860244032569399 ], [ 77.545798854308302, 12.860460952778499 ], [ 77.545864719288303, 12.860621405871299 ], [ 77.545890397039301, 12.860794829111599 ], [ 77.545926327007507, 12.8608972049537 ], [ 77.545978248665904, 12.8610118780422 ], [ 77.546071187392798, 12.861104360142001 ], [ 77.546346531745499, 12.861410847646599 ], [ 77.546357082567994, 12.861448178703601 ], [ 77.546315857069899, 12.8619046713922 ], [ 77.546403150883606, 12.862246676447899 ], [ 77.546474138014204, 12.8623642775094 ], [ 77.546632471963505, 12.862649123558301 ], [ 77.546709393933696, 12.862726197674601 ], [ 77.546818010423493, 12.8627998531851 ], [ 77.546916760957302, 12.862839360232501 ], [ 77.547041082005293, 12.8628972971454 ], [ 77.547184590923905, 12.8629706116352 ], [ 77.547262435619302, 12.863044746617801 ], [ 77.547427520225497, 12.863189718768 ], [ 77.547664299519596, 12.86338983479 ], [ 77.547764588565698, 12.863458657666699 ], [ 77.548014329840399, 12.8635330061931 ], [ 77.548089960595405, 12.8635639421635 ], [ 77.548143996777299, 12.863575982346401 ], [ 77.548183519558705, 12.8636018629236 ], [ 77.548202802731396, 12.8637064590348 ], [ 77.548215825436898, 12.863761383583601 ], [ 77.548267240152995, 12.863921420456901 ], [ 77.548311090542697, 12.8639750740639 ], [ 77.548398169941294, 12.8640042561022 ], [ 77.548459142778299, 12.864033429925099 ], [ 77.548561581145606, 12.8641042236634 ], [ 77.548624870793802, 12.864185905362501 ], [ 77.548653052438993, 12.8643257107297 ], [ 77.548643334568894, 12.864423862418301 ], [ 77.548579807915402, 12.864581464330801 ], [ 77.548488040771502, 12.864652155076399 ], [ 77.548113362758997, 12.864886133039899 ], [ 77.548071175953396, 12.8649354028371 ], [ 77.548050682550198, 12.8650193591752 ], [ 77.548058780212301, 12.8651169970772 ], [ 77.547981491504501, 12.8652048773118 ], [ 77.546555802842903, 12.8658236334487 ], [ 77.546196080229507, 12.866308447382499 ], [ 77.544120828908703, 12.8669400091953 ], [ 77.543293939679003, 12.8671171465377 ], [ 77.542712445719303, 12.8673049114619 ], [ 77.541825241304196, 12.8674175868702 ], [ 77.5414008699302, 12.8674086954312 ], [ 77.541283255077502, 12.867578947455 ], [ 77.540187145119802, 12.867667307105901 ], [ 77.540159909939106, 12.8675139387875 ], [ 77.540052726434993, 12.8675235128553 ], [ 77.539804596059895, 12.8675173827049 ], [ 77.539810625159305, 12.8674306159403 ], [ 77.539829148139404, 12.867014931741901 ], [ 77.539663721819196, 12.8669708787204 ], [ 77.539629682578195, 12.866531253994999 ], [ 77.539771244909801, 12.866305752482999 ], [ 77.539729916607897, 12.8659824124503 ], [ 77.539603195732695, 12.8659821578134 ], [ 77.539019998103001, 12.8660008184504 ], [ 77.538069926790399, 12.865795376564201 ], [ 77.538650744451402, 12.864222202914201 ], [ 77.538557222432004, 12.8641515614885 ], [ 77.538187061014099, 12.864259214915601 ], [ 77.538184640431695, 12.8640185793173 ], [ 77.537995637104203, 12.8636821820986 ], [ 77.537756939744597, 12.8636779890066 ], [ 77.537556616079996, 12.864193771808999 ], [ 77.5369077878605, 12.8642781055305 ], [ 77.536344283008006, 12.864277052914799 ], [ 77.536226077025702, 12.8643887724379 ], [ 77.535934899236494, 12.8643867019154 ], [ 77.535894440876802, 12.864340585914 ], [ 77.535918378817897, 12.8641412801828 ], [ 77.535720548908799, 12.863842801147101 ], [ 77.536219932170596, 12.863777422296501 ], [ 77.536327036422406, 12.8638804548618 ], [ 77.536551693650296, 12.8638067336699 ], [ 77.536559460781902, 12.863260291287601 ], [ 77.536300418816495, 12.863210764700501 ], [ 77.536356479646003, 12.862852483041999 ], [ 77.536325652612803, 12.8624234920372 ], [ 77.536323626338003, 12.862221877986 ], [ 77.536387429540198, 12.861974094469501 ], [ 77.536241401675696, 12.861955993028401 ], [ 77.536075620190005, 12.861951092677399 ], [ 77.535969431937303, 12.861939112524601 ], [ 77.535856547124197, 12.8619206902529 ], [ 77.535604007076998, 12.861858089724199 ], [ 77.535484494793593, 12.861839731380799 ], [ 77.535469798651505, 12.861696778803701 ], [ 77.535493438348794, 12.8614103580475 ], [ 77.535702419400593, 12.861096127315999 ], [ 77.535731867058104, 12.860068154956201 ], [ 77.534916188539896, 12.859380074429501 ], [ 77.533802455653003, 12.859377831741501 ], [ 77.532932347516294, 12.859210619046699 ], [ 77.5327393353041, 12.8591344317891 ], [ 77.5325767906875, 12.8587912698073 ], [ 77.532441087128305, 12.858480370106999 ], [ 77.532379863384904, 12.858324856198401 ], [ 77.532155118938206, 12.8577286232362 ], [ 77.531028523791306, 12.857765516608801 ], [ 77.531183351787803, 12.8586616263518 ], [ 77.530639649628995, 12.858793136488799 ], [ 77.530231050353393, 12.8588919667613 ], [ 77.529727043185503, 12.857550421596599 ], [ 77.5299914057574, 12.8574698176787 ], [ 77.529889750145301, 12.857213174055801 ], [ 77.529447305712196, 12.8560961361284 ], [ 77.528726995447798, 12.8556607829066 ], [ 77.528454105415605, 12.854889391634099 ], [ 77.527408429377303, 12.8550620795183 ], [ 77.527382122239999, 12.855745293598799 ], [ 77.527384102056303, 12.855829842411699 ], [ 77.527460129759902, 12.856203656187301 ], [ 77.527393697309805, 12.8562395177906 ], [ 77.526707841658904, 12.856597363845699 ], [ 77.526531019801396, 12.856813713518401 ], [ 77.525713118296494, 12.8578883126723 ], [ 77.525634968160503, 12.8600160066441 ], [ 77.525465561998402, 12.8609737863788 ], [ 77.525390831625501, 12.8614558322991 ], [ 77.526028879749404, 12.861618801450501 ], [ 77.526222283527304, 12.861734014997699 ], [ 77.526365918575806, 12.861978894459099 ], [ 77.526424399387096, 12.8620572872655 ], [ 77.526725884296297, 12.862150880989599 ], [ 77.527004465260106, 12.862321070195501 ], [ 77.527049238449806, 12.8623233842921 ], [ 77.527915503238802, 12.863363646527599 ], [ 77.527675878407095, 12.866047219617201 ], [ 77.527623229191505, 12.8667035133459 ], [ 77.527638578615694, 12.8669690019629 ], [ 77.527550770343495, 12.867916175986601 ], [ 77.526697822516596, 12.8686967752335 ], [ 77.525694846548205, 12.869185318379399 ], [ 77.524541875725106, 12.8692419615566 ], [ 77.524318261721902, 12.870083184237201 ], [ 77.523043107190205, 12.870518254623599 ], [ 77.521863483789403, 12.871225582679999 ], [ 77.520262071062106, 12.872184135292899 ], [ 77.519429415785197, 12.871788871797101 ], [ 77.515459432395104, 12.8679178471992 ], [ 77.5133399924011, 12.868120306723499 ], [ 77.512413303587294, 12.8682657885889 ], [ 77.511715645672894, 12.8681098632785 ], [ 77.510696833783598, 12.868991226890699 ], [ 77.510252241235904, 12.8689499540029 ], [ 77.509230610123396, 12.8702151041267 ], [ 77.508462326829701, 12.870957466563601 ], [ 77.507913961882394, 12.871814804449 ], [ 77.507450217367506, 12.872515223181299 ], [ 77.507123096472299, 12.872954155202899 ], [ 77.506498341188305, 12.8741309399387 ], [ 77.505796876271603, 12.8755946576469 ], [ 77.5057402514377, 12.8759009109276 ], [ 77.505415581168506, 12.876586988085201 ], [ 77.505250239304004, 12.8766275963597 ], [ 77.505097638241807, 12.8766160475825 ], [ 77.504663796002106, 12.876990954373101 ], [ 77.504591260344299, 12.8770306746597 ], [ 77.5031928615808, 12.8764131082206 ], [ 77.502745542498303, 12.876098662681899 ], [ 77.502334080759098, 12.8760570634937 ], [ 77.502278853125802, 12.875836438239199 ], [ 77.501546027153296, 12.875479185124 ], [ 77.501311360563307, 12.875214742357601 ], [ 77.501138484254497, 12.875164356260701 ], [ 77.500316774279497, 12.874534759309199 ], [ 77.500309508468206, 12.874329547196799 ], [ 77.498407059423499, 12.8733666665218 ], [ 77.497529090985694, 12.872206716500401 ], [ 77.496703802564198, 12.873222786741801 ], [ 77.496345635571004, 12.873206685502799 ], [ 77.496007872212701, 12.873242426577001 ], [ 77.495769478237705, 12.8732707170818 ], [ 77.495504570281, 12.8732992590654 ], [ 77.495213852632702, 12.873399596853201 ], [ 77.495044198876897, 12.8730044367482 ], [ 77.4948480284379, 12.8719395595942 ], [ 77.494555703391995, 12.871877297373199 ], [ 77.492914379979794, 12.872166110923301 ], [ 77.492836568083504, 12.872342475483601 ], [ 77.492457163002499, 12.872189976183799 ], [ 77.4918066925527, 12.870771666137999 ], [ 77.490505830080906, 12.8712978951502 ], [ 77.488994332450304, 12.8717820422978 ], [ 77.489794963224995, 12.8726150776815 ], [ 77.490151044413693, 12.873003223007199 ], [ 77.490609725632893, 12.873534495911301 ], [ 77.491048573909396, 12.874081657391301 ], [ 77.491467018604993, 12.8746439955982 ], [ 77.491767799559099, 12.8750748339538 ], [ 77.492239534150102, 12.875749867041 ], [ 77.492832752877504, 12.876532940011799 ], [ 77.493253672662405, 12.8772331945946 ], [ 77.493939028839307, 12.8776545678852 ], [ 77.494241445211401, 12.8781720305417 ], [ 77.494609375787704, 12.8785691380525 ], [ 77.495034313871997, 12.8791401508531 ], [ 77.495574871762699, 12.8795440908403 ], [ 77.495724314225896, 12.880033682899899 ], [ 77.496484680257296, 12.8798835279103 ], [ 77.496416838057797, 12.8805620198219 ], [ 77.497045542615993, 12.8808661041747 ], [ 77.497346089822898, 12.8812835399119 ], [ 77.497641369998902, 12.8813526182047 ], [ 77.498048518450602, 12.881671429689501 ], [ 77.498479975651094, 12.8820063833947 ], [ 77.499100601890703, 12.8824964502152 ], [ 77.499739244156601, 12.8829637086081 ], [ 77.500395033074099, 12.883407519855 ], [ 77.501067072892099, 12.883827280734801 ], [ 77.501580760829597, 12.8841267541523 ], [ 77.502032496005199, 12.8843928723398 ], [ 77.502487970197095, 12.8846527856457 ], [ 77.502947094453404, 12.8849064425021 ], [ 77.503409778927505, 12.8851537940612 ], [ 77.503875934692402, 12.885394791467 ], [ 77.504345471014105, 12.8856293894953 ], [ 77.504818295289098, 12.885857540230401 ], [ 77.505294317738304, 12.886079202054299 ], [ 77.505773443941195, 12.886294329780601 ], [ 77.506386086961598, 12.8865570216336 ], [ 77.506902285487698, 12.886786408636 ], [ 77.507590670790705, 12.887144299263101 ], [ 77.508135444515105, 12.887469035410801 ], [ 77.508772397650304, 12.887909141672999 ], [ 77.5094309174263, 12.8884360934382 ], [ 77.5098981737152, 12.888861487497399 ], [ 77.510291278486505, 12.8892619227403 ], [ 77.510633548858195, 12.8896814623306 ], [ 77.510993217108293, 12.890164440137699 ], [ 77.511342526718806, 12.8906546813198 ], [ 77.511661957116999, 12.8911279971295 ], [ 77.512199856349497, 12.8918922546211 ], [ 77.512669773127897, 12.8924963411185 ], [ 77.513111966619704, 12.893014154562801 ], [ 77.514106240659899, 12.894035793028401 ], [ 77.514164838786499, 12.8940960030233 ], [ 77.515099752557205, 12.895055085388 ], [ 77.516029921445707, 12.8960185978961 ], [ 77.5172095909479, 12.8972595406017 ], [ 77.517832913951807, 12.897867897538401 ], [ 77.518407787771693, 12.898346173333101 ], [ 77.5201708321827, 12.899709619016701 ], [ 77.521733479195106, 12.9009241763932 ], [ 77.523293712607995, 12.9021417201362 ], [ 77.523806311413793, 12.902538681647 ], [ 77.524311944230902, 12.902944152179501 ], [ 77.524808661691793, 12.903360092185 ], [ 77.525298084503504, 12.9037842725196 ], [ 77.5255202332268, 12.904038887614499 ], [ 77.5258286402848, 12.9042773051233 ], [ 77.527268572800693, 12.906356778310901 ], [ 77.528409435055295, 12.9083169286149 ], [ 77.529092474035096, 12.909452649877201 ], [ 77.530204577590595, 12.911243046033301 ], [ 77.530763285978793, 12.912401217625799 ], [ 77.5312854142433, 12.914229198963699 ], [ 77.531609573983701, 12.9162981897511 ], [ 77.531689561866102, 12.917994966632801 ], [ 77.534408880558601, 12.9183794700149 ], [ 77.536812260836001, 12.919659619018301 ], [ 77.538035475164094, 12.9184755192998 ], [ 77.538095316358806, 12.9183673465319 ], [ 77.538131028031998, 12.9182833187522 ], [ 77.538271333561198, 12.9181609119334 ], [ 77.538288075055604, 12.918146307156301 ], [ 77.538289217741706, 12.918154844713399 ], [ 77.538392763987503, 12.918119711155599 ], [ 77.538405741364301, 12.918098012755401 ], [ 77.538477616946693, 12.918042838140799 ], [ 77.538684576579797, 12.917924441427401 ], [ 77.539279277203704, 12.917515091625701 ], [ 77.539643468898305, 12.9176076041197 ], [ 77.539808239587998, 12.917658677499499 ], [ 77.539992306030499, 12.917743645650599 ], [ 77.540176873752998, 12.917878183199701 ], [ 77.540338498023104, 12.918033332464701 ], [ 77.5404656483434, 12.918102700778199 ], [ 77.540555343826995, 12.918121693575101 ], [ 77.540615543338703, 12.918139701263099 ], [ 77.540755486063503, 12.918234391219601 ], [ 77.541106253516304, 12.918445960508301 ], [ 77.541135274362603, 12.9184504149595 ], [ 77.541154611455397, 12.918452594754999 ], [ 77.541205479933097, 12.9184686783603 ], [ 77.541224887054796, 12.918477963272601 ], [ 77.541273412683196, 12.918501174566201 ], [ 77.541416859672097, 12.918599255941199 ], [ 77.541623439632701, 12.918732246227 ], [ 77.541762486055404, 12.9187817968786 ], [ 77.541818532400697, 12.918797214672599 ], [ 77.5419039291979, 12.9188081491739 ], [ 77.541958586150102, 12.9188102298699 ], [ 77.542001212136896, 12.9188069933133 ], [ 77.541995787346707, 12.9187896190772 ], [ 77.541979505932801, 12.9187056689566 ], [ 77.541967259916007, 12.9185123360503 ], [ 77.541965191297507, 12.918485667653901 ], [ 77.542871119064102, 12.9178566297486 ], [ 77.5431103372309, 12.917692958150701 ], [ 77.543180024960904, 12.9176532567054 ], [ 77.543310769498007, 12.917619086960901 ], [ 77.543447321325004, 12.9176234252144 ], [ 77.543947605422602, 12.9175859678131 ], [ 77.544395408010402, 12.917551698777601 ], [ 77.544419795412594, 12.917551461130699 ], [ 77.544721919074703, 12.9175360833041 ], [ 77.544799721449294, 12.9182973680015 ], [ 77.545674769628903, 12.9182036406118 ], [ 77.545926134603903, 12.918159710541101 ], [ 77.546206241473399, 12.918127353460999 ], [ 77.546402245485297, 12.9180979349679 ], [ 77.5467291200505, 12.9180491135861 ], [ 77.546842605924994, 12.918359669671 ], [ 77.546873006718997, 12.9183523396244 ], [ 77.546863198264504, 12.9183051486905 ], [ 77.547146589202498, 12.918259782951701 ], [ 77.547413993509295, 12.918208590135899 ], [ 77.547528440383203, 12.9181753037223 ], [ 77.547686937773094, 12.918173757204899 ], [ 77.547850842869906, 12.918166796645901 ], [ 77.548090992299194, 12.9181322833286 ], [ 77.548451035017607, 12.918084983729299 ], [ 77.548601187061806, 12.918068029084299 ], [ 77.548584108002103, 12.917991449892501 ], [ 77.548573877238695, 12.9179467820644 ], [ 77.548530139907101, 12.9178129068048 ], [ 77.548480474141101, 12.9175853420408 ], [ 77.548454928420298, 12.9174682897305 ], [ 77.5483969554803, 12.917216236211701 ], [ 77.548185310181395, 12.9172406851257 ], [ 77.548135283675407, 12.9171292536086 ], [ 77.548108365238306, 12.9170463774286 ], [ 77.548050423408995, 12.9167975226217 ], [ 77.547999370216004, 12.916579743081 ], [ 77.547999469797702, 12.916526348993999 ], [ 77.547999796364294, 12.9165211328007 ], [ 77.548535978785395, 12.916414605419799 ], [ 77.548675598740203, 12.9163668578377 ], [ 77.548879954867402, 12.9163133276474 ], [ 77.549167965296604, 12.916219465770499 ], [ 77.549472084510697, 12.916131269182999 ], [ 77.550472084326202, 12.9158711682609 ], [ 77.550614274797994, 12.9158310298396 ], [ 77.550737690678304, 12.9162190048624 ], [ 77.551009392094898, 12.916573270199899 ], [ 77.551531312616305, 12.9170518897267 ], [ 77.551618671900997, 12.9171684440634 ], [ 77.551736232719094, 12.917430289361199 ], [ 77.551956231904995, 12.9178789871973 ], [ 77.551997869808105, 12.9182073221456 ], [ 77.551954183316496, 12.9182924345107 ], [ 77.551936094226505, 12.9183859988553 ], [ 77.551920312739597, 12.918472533372899 ], [ 77.551904341563201, 12.9185403942245 ], [ 77.551902697880493, 12.918612785047101 ], [ 77.551915711813606, 12.9187223845469 ], [ 77.551945075455805, 12.918801475949801 ], [ 77.551993450024895, 12.918968686161399 ], [ 77.552036992093505, 12.919230736005201 ], [ 77.552123031796995, 12.9196682189255 ], [ 77.5521534517178, 12.919662964236499 ], [ 77.552173255061703, 12.919769503232899 ], [ 77.552195954502693, 12.919768108625201 ], [ 77.552203515471405, 12.919767856725899 ], [ 77.552262055005599, 12.9197617398685 ], [ 77.5523193184859, 12.9197483300602 ], [ 77.552374364072094, 12.919727846114601 ], [ 77.552426285202202, 12.9197006248548 ], [ 77.552474233570607, 12.919667116371199 ], [ 77.552483168713593, 12.919659794068799 ], [ 77.552498314010904, 12.9196494440717 ], [ 77.552517690381805, 12.9196403482736 ], [ 77.552538381934198, 12.919634691752499 ], [ 77.552559760452198, 12.919632648694799 ], [ 77.552581177159595, 12.919634273327 ], [ 77.552601979544207, 12.9196395241453 ], [ 77.552621536896595, 12.9196482392723 ], [ 77.552639254270801, 12.9196601507756 ], [ 77.552654593830994, 12.9196749007218 ], [ 77.552667089568203, 12.9196920392252 ], [ 77.552676360413997, 12.919711046003099 ], [ 77.552682126945399, 12.919731342860601 ], [ 77.552682606603597, 12.919734042239 ], [ 77.5528592199841, 12.9200508550264 ], [ 77.552859253771601, 12.920050917035001 ], [ 77.552881946819895, 12.9200925742965 ], [ 77.552901521547696, 12.920119216661799 ], [ 77.552961054343498, 12.920191795191201 ], [ 77.553026209118897, 12.9202595655959 ], [ 77.5530965828533, 12.920322113509201 ], [ 77.553162652052706, 12.9203726440604 ], [ 77.553198538410598, 12.9204035493172 ], [ 77.553296788119198, 12.9204814842586 ], [ 77.553399531726697, 12.920553630973499 ], [ 77.553506415748998, 12.920619737234601 ], [ 77.553555341530398, 12.920647223561501 ], [ 77.5537153229984, 12.9207286950147 ], [ 77.554041549416993, 12.920900892801701 ], [ 77.554130565472505, 12.9209493229421 ], [ 77.554154988730303, 12.9209595704731 ], [ 77.554230126378201, 12.9209857846853 ], [ 77.554307439983603, 12.921004979355899 ], [ 77.5543862435226, 12.921016988635399 ], [ 77.554465850693603, 12.9210217099206 ], [ 77.554545554573195, 12.921019095922199 ], [ 77.554616693756699, 12.921010507997201 ], [ 77.554656947482798, 12.920997812510301 ], [ 77.554736294548704, 12.9209786830324 ], [ 77.5548171025915, 12.920966820240499 ], [ 77.5548970517562, 12.9209623371835 ], [ 77.554913553329996, 12.920969609368701 ], [ 77.5549802003666, 12.920993959488399 ], [ 77.5550490782054, 12.9210113419329 ], [ 77.555119431504494, 12.9210215671401 ], [ 77.555190487274601, 12.9210245216122 ], [ 77.555218855667704, 12.921023663001399 ], [ 77.555250015604202, 12.9210212538242 ], [ 77.555250074517105, 12.9210212505371 ], [ 77.555524307055805, 12.9210040970677 ], [ 77.555645699290295, 12.9209988168623 ], [ 77.555783657160902, 12.9213825624251 ], [ 77.555971975057602, 12.9220100232035 ], [ 77.556169292070507, 12.9225810402838 ], [ 77.556281300044205, 12.922978109772099 ], [ 77.556447565520799, 12.922925970577699 ], [ 77.556549608143897, 12.9228899935735 ], [ 77.556918913550803, 12.9227780645056 ], [ 77.557215421193405, 12.922672818280599 ], [ 77.557516532298706, 12.9225665265228 ], [ 77.558751026075498, 12.922186914296301 ], [ 77.559116740471296, 12.922082747667501 ], [ 77.559502406559602, 12.922001593916301 ], [ 77.560309309740802, 12.921846675864201 ], [ 77.561096691305494, 12.9217112909792 ], [ 77.561407706669002, 12.9216579464082 ], [ 77.561531382223194, 12.921628953239701 ], [ 77.561612293964501, 12.9216095172621 ], [ 77.561694158213896, 12.9215158690705 ], [ 77.561852010734995, 12.9211390712072 ], [ 77.562156277897799, 12.9204242719506 ], [ 77.562260740555601, 12.9202514938522 ], [ 77.562295910520007, 12.9201946572295 ], [ 77.562429039856994, 12.920100505750799 ], [ 77.562711071067199, 12.9199120478096 ], [ 77.563000942554396, 12.919754645814301 ], [ 77.563162072161305, 12.9196639016465 ], [ 77.5633084730717, 12.9195660734513 ], [ 77.563326587696295, 12.9195539681458 ], [ 77.5634201625641, 12.9194485988367 ], [ 77.5635254492298, 12.9193315086938 ], [ 77.563650018715506, 12.919171674531601 ], [ 77.563894779584999, 12.918809498079399 ], [ 77.564069426830301, 12.9185331157404 ], [ 77.564220416010301, 12.9182569656982 ], [ 77.564386505504103, 12.9179149037864 ], [ 77.564455826675598, 12.917751742552699 ], [ 77.564721086778903, 12.9170798799059 ], [ 77.564844462308798, 12.9167443339947 ], [ 77.564898413276495, 12.9167785085359 ], [ 77.5650067896606, 12.916885028471 ], [ 77.565230884637302, 12.9171167020877 ], [ 77.565300808081005, 12.9171931928914 ], [ 77.565394881953097, 12.9172998531162 ], [ 77.565467475401604, 12.9174043834901 ], [ 77.565523501142707, 12.9175207682467 ], [ 77.565745147054002, 12.917979325798999 ], [ 77.566026917406802, 12.918764506611501 ], [ 77.568578274305196, 12.9181794719024 ], [ 77.568698767837603, 12.9181501601511 ], [ 77.568675542170496, 12.9180894082085 ], [ 77.568669211289205, 12.9180229464561 ], [ 77.568657228706499, 12.9179565403039 ], [ 77.568658305004305, 12.9178916445439 ], [ 77.568654971548, 12.9178367545549 ], [ 77.568666800070005, 12.9175399194586 ], [ 77.568775217103806, 12.9171837131972 ], [ 77.569079112024596, 12.916555004723101 ], [ 77.569466945365207, 12.9157056210954 ], [ 77.569545128933896, 12.9155101015181 ], [ 77.569646302858999, 12.915543196905 ], [ 77.569926052172804, 12.9156429769452 ], [ 77.569977688706501, 12.915684338420601 ], [ 77.570020034079704, 12.915745415233101 ], [ 77.570073840052999, 12.915820496603301 ], [ 77.570117595443307, 12.915929288048099 ], [ 77.570189145554295, 12.916076395109499 ], [ 77.570262293745401, 12.916182718080201 ], [ 77.570370117401197, 12.916298616903701 ], [ 77.570425025756293, 12.916339906293899 ], [ 77.570522551527503, 12.9163784497562 ], [ 77.570793710738798, 12.916478940188499 ], [ 77.571277591833393, 12.9165925534642 ], [ 77.571760091387503, 12.916570892821801 ], [ 77.572553392322405, 12.916596899221499 ], [ 77.573097957661105, 12.9167437362798 ], [ 77.573649093902205, 12.916916196947399 ], [ 77.573614063039798, 12.917730150417 ], [ 77.573616891001294, 12.9180062153435 ], [ 77.573683866567507, 12.9182037767984 ], [ 77.573772562861393, 12.9184082008258 ], [ 77.574054178087806, 12.919127511963101 ], [ 77.574181131247599, 12.919543939862001 ], [ 77.574287533747906, 12.9198958823112 ], [ 77.574362360468797, 12.9202012849137 ], [ 77.574385436776097, 12.9203954970209 ], [ 77.574394931461796, 12.920498828571001 ], [ 77.574396291006295, 12.920525888858601 ], [ 77.574430372095705, 12.9207711710699 ], [ 77.574395559462502, 12.920791048794699 ], [ 77.573565377794495, 12.921036545024499 ], [ 77.573568556433003, 12.921115485224099 ], [ 77.573573158131595, 12.922207248356299 ], [ 77.573600779900701, 12.923554849432501 ], [ 77.5748131521201, 12.923534513872401 ], [ 77.5761256152215, 12.9235124638138 ], [ 77.577261787507297, 12.9234875965128 ], [ 77.579028866567498, 12.9234701408449 ], [ 77.579650076145896, 12.923436701179501 ], [ 77.579698921214202, 12.9234314237983 ], [ 77.579741701577603, 12.923426800822 ], [ 77.579741936781403, 12.9241485521113 ], [ 77.579704437116803, 12.925199887825899 ], [ 77.5796889790835, 12.9262596190775 ], [ 77.5796721913715, 12.927190146182101 ], [ 77.579669908991704, 12.9282497497859 ], [ 77.579662039415098, 12.9291931124306 ], [ 77.579672175827596, 12.9301793678757 ], [ 77.5796612955412, 12.930829869215501 ], [ 77.579635474559296, 12.933057916532499 ], [ 77.579649447632804, 12.933058325815701 ], [ 77.581259508762102, 12.9330237317024 ], [ 77.582348788811203, 12.932991467617599 ], [ 77.583821308103097, 12.932955399917899 ], [ 77.583921932073807, 12.932953327939799 ], [ 77.584828570698093, 12.932934679102001 ], [ 77.584884158153599, 12.9346097797204 ], [ 77.584903523837298, 12.936489329511399 ], [ 77.584902601302502, 12.936646242252699 ], [ 77.585195828188304, 12.9366391043396 ], [ 77.585428534562595, 12.9366146843685 ], [ 77.585601050706103, 12.936583489878601 ], [ 77.5857807817615, 12.936522738093201 ], [ 77.585930605790196, 12.9364770287805 ], [ 77.586132192890105, 12.936349723901699 ], [ 77.586696459055005, 12.935889659628 ], [ 77.587082870291297, 12.9356494985776 ], [ 77.587280240081995, 12.935523152762601 ], [ 77.587394339873796, 12.9354414906204 ], [ 77.5875361390423, 12.9353340367997 ], [ 77.587607433871597, 12.9352794318671 ], [ 77.587691538720904, 12.9352371356677 ], [ 77.587763263832798, 12.9352239853353 ], [ 77.587797075513606, 12.9352236498013 ], [ 77.587843568990607, 12.9352231884109 ], [ 77.587919948969102, 12.9352514516439 ], [ 77.5879793334786, 12.935271594453299 ], [ 77.588098321839496, 12.9353326045849 ], [ 77.588442557148696, 12.9355116177721 ], [ 77.588604322528795, 12.935621959077 ], [ 77.588808314272399, 12.9357277333445 ], [ 77.588927171896998, 12.9357763066581 ], [ 77.589016146554499, 12.935796155407999 ], [ 77.589088041906805, 12.935799588355399 ], [ 77.589168345322406, 12.9357987910067 ], [ 77.589227347668199, 12.935781619795099 ], [ 77.589311580660393, 12.935751760379 ], [ 77.589479533071696, 12.9356422923418 ], [ 77.589511123706302, 12.9355818664616 ], [ 77.589545050722407, 12.935547908941301 ], [ 77.5900397256665, 12.935505638823701 ], [ 77.590044900817105, 12.9355827799933 ], [ 77.590173589146701, 12.936347088853299 ], [ 77.590626779767305, 12.9361420755894 ], [ 77.591069988278207, 12.936614035188899 ], [ 77.591110323871106, 12.9366720949723 ], [ 77.591386554122906, 12.9364874713805 ], [ 77.591577647240996, 12.936394634763399 ], [ 77.591742650957201, 12.936341028062399 ], [ 77.592006982559695, 12.9362864366193 ], [ 77.592436654828305, 12.9362107139744 ], [ 77.592703674316795, 12.936179711010499 ], [ 77.592724065760706, 12.935706290329801 ], [ 77.592720731150095, 12.9349610750397 ], [ 77.592650505209306, 12.933235706570199 ], [ 77.592606931757601, 12.93197692347 ], [ 77.592545631452197, 12.9306926189783 ], [ 77.592504793846501, 12.9292753380271 ], [ 77.592507478342, 12.9286898626441 ], [ 77.592504683360403, 12.928533211651599 ], [ 77.592610602167298, 12.928525739286799 ], [ 77.5926454543267, 12.9285201240946 ], [ 77.593488055880698, 12.9285074661829 ], [ 77.595387956629693, 12.9284603314549 ], [ 77.595504855069507, 12.928457429410001 ], [ 77.597150768225006, 12.928427905887199 ], [ 77.598693711152293, 12.928418233384599 ], [ 77.600520128259404, 12.928349193109099 ], [ 77.600515439662004, 12.928610163941499 ], [ 77.600527661597894, 12.9289757978589 ], [ 77.600614819489394, 12.930302906707499 ], [ 77.600704860781903, 12.9313345043812 ], [ 77.6007173119866, 12.9317228572018 ], [ 77.600740516330504, 12.931929264376199 ], [ 77.600781215634797, 12.9321974861214 ], [ 77.600924209002002, 12.932985411811799 ], [ 77.601248583723205, 12.9345552004715 ], [ 77.601293711258606, 12.934898587569901 ], [ 77.601305513816897, 12.9349546542803 ], [ 77.601371803676798, 12.9357720950113 ], [ 77.6013977450488, 12.936140684017101 ], [ 77.601421404688594, 12.936289224250499 ], [ 77.601524210151197, 12.9367562332073 ], [ 77.601594422104299, 12.937127476448801 ], [ 77.601596916512804, 12.9371425009269 ], [ 77.601293506517393, 12.9371659457536 ], [ 77.600884351472999, 12.937218249133 ], [ 77.600499347273697, 12.9372685836582 ], [ 77.600307021300196, 12.937310794928001 ], [ 77.600089547671104, 12.9373656555626 ], [ 77.599850082535596, 12.937433137649601 ], [ 77.599614065190707, 12.937528475948399 ], [ 77.599303049725293, 12.9377051516379 ], [ 77.599083411047403, 12.9378561186795 ], [ 77.598914197812903, 12.9379941860128 ], [ 77.598742079579793, 12.938157080573999 ], [ 77.598498640916105, 12.9384508653047 ], [ 77.598367761080894, 12.938622541122999 ], [ 77.598056684540097, 12.939094180299801 ], [ 77.597880069421606, 12.9393990090791 ], [ 77.597729269442794, 12.9398186853055 ], [ 77.597658815526501, 12.9399506726319 ], [ 77.597637653611301, 12.939990319315999 ], [ 77.597597545367094, 12.9402055303562 ], [ 77.597564205001902, 12.9405564221828 ], [ 77.5975054413191, 12.941427364582401 ], [ 77.5973656214708, 12.942334340579301 ], [ 77.597245269150605, 12.9432018123921 ], [ 77.597625190655407, 12.943102537477101 ], [ 77.598059756622504, 12.942973960132299 ], [ 77.598264420667505, 12.942923733388101 ], [ 77.598495179702994, 12.9428817476345 ], [ 77.598720188772106, 12.9428426539972 ], [ 77.599057892254194, 12.942802439083501 ], [ 77.599444454953201, 12.942736224400299 ], [ 77.599822260798604, 12.942661592518199 ], [ 77.600090522936895, 12.9426135650064 ], [ 77.600396353022504, 12.9425651597008 ], [ 77.600765637638801, 12.942504786410799 ], [ 77.600902282526505, 12.942487117696 ], [ 77.600955077294003, 12.9425138446719 ], [ 77.602187832656199, 12.942260993782501 ], [ 77.602666507862494, 12.942159840767999 ], [ 77.602824164031603, 12.9428303700843 ], [ 77.602873680790196, 12.9431867035763 ], [ 77.602878454875196, 12.9433680629647 ], [ 77.602893337379996, 12.9436882166223 ], [ 77.602871597949203, 12.9440994404778 ], [ 77.602840716993398, 12.9444248104795 ], [ 77.602754923449595, 12.9446307831779 ], [ 77.602610538833403, 12.9452404111919 ], [ 77.602582000891502, 12.945604367743501 ], [ 77.602576991579198, 12.945635824641601 ], [ 77.602514648404593, 12.9463732700666 ], [ 77.602472549295797, 12.946880511585899 ], [ 77.602457518005494, 12.9470918395594 ], [ 77.602458965001802, 12.9472312000727 ], [ 77.602469244529303, 12.9473915909547 ], [ 77.602484179694699, 12.9475857245383 ], [ 77.602512116966693, 12.9477881726005 ], [ 77.602562757680303, 12.947975716719601 ], [ 77.602583771148403, 12.948053537910599 ], [ 77.602681214168996, 12.948314421996299 ], [ 77.602876191445503, 12.9488446360984 ], [ 77.603207982665097, 12.9496944705507 ], [ 77.603416031240101, 12.9504383354144 ], [ 77.604342242454607, 12.9502933599095 ], [ 77.605732689890701, 12.950099490608499 ], [ 77.605756203037203, 12.950096209942499 ], [ 77.605796359948698, 12.9499782423899 ], [ 77.605843051347307, 12.9498410694359 ], [ 77.605862157859704, 12.949774099589501 ], [ 77.605863165634503, 12.9497705643308 ], [ 77.605881066118499, 12.949707818332101 ], [ 77.607315497053904, 12.9495216602136 ], [ 77.608455796548697, 12.9493630691241 ], [ 77.609314026118298, 12.9492272527284 ], [ 77.609580553243603, 12.949177187420499 ], [ 77.609961570138495, 12.9491309635499 ], [ 77.610748379813799, 12.9489759042738 ], [ 77.611098829107306, 12.948924996452 ], [ 77.611282186856201, 12.9489481039555 ], [ 77.611468166393095, 12.9489786672052 ], [ 77.611573367381993, 12.9490674148189 ], [ 77.611702313266093, 12.9492382425644 ], [ 77.611753822998594, 12.9493000904453 ], [ 77.612488818126494, 12.949297709190899 ], [ 77.613127252466697, 12.949303778448099 ], [ 77.613651118743107, 12.949298522967601 ], [ 77.614454903824907, 12.9493079186212 ], [ 77.615149154482395, 12.949300950054701 ], [ 77.616191617959203, 12.949273021482099 ], [ 77.616649234759294, 12.9492559526654 ], [ 77.616851446416206, 12.949249411572399 ], [ 77.616949235946507, 12.949252328387299 ], [ 77.616977969835901, 12.949220681080501 ], [ 77.6169922651261, 12.9491977315085 ], [ 77.617093269913994, 12.9491282980183 ], [ 77.617069691758701, 12.9490971762388 ], [ 77.617141235964098, 12.949048812868799 ], [ 77.617312046712101, 12.9489175263499 ], [ 77.6175821720241, 12.9487252312422 ], [ 77.618200652134803, 12.948282480695401 ], [ 77.619247926645798, 12.9474986633643 ], [ 77.619336640311801, 12.947431998913499 ], [ 77.619366291949405, 12.9474872466619 ], [ 77.619367186229795, 12.947488911707699 ], [ 77.619442442994696, 12.9476291201651 ], [ 77.619501209908904, 12.9477386073695 ], [ 77.620014718898702, 12.948705953820101 ], [ 77.620202511521001, 12.949059720403 ], [ 77.620671871522205, 12.9499438863366 ], [ 77.6207434849793, 12.950078792483399 ], [ 77.620899520433198, 12.9503318194693 ], [ 77.621108817699906, 12.9507499177773 ], [ 77.621204506349997, 12.951012300393201 ], [ 77.621355263358097, 12.9513910644616 ], [ 77.621455099688006, 12.9516039935903 ], [ 77.621504306254096, 12.951687557769899 ], [ 77.621657808225507, 12.9516230065479 ], [ 77.621850523973507, 12.951541963417 ], [ 77.622213461185098, 12.9513893361834 ], [ 77.622342886936195, 12.951334907685 ], [ 77.622363536001302, 12.951324764003701 ], [ 77.6224445542681, 12.9512849694437 ], [ 77.622719878659694, 12.951149731869 ], [ 77.622859934294794, 12.9510809329681 ], [ 77.623142437178501, 12.9509421698796 ], [ 77.623274624458702, 12.9508772380635 ], [ 77.623300780032395, 12.9508643909485 ], [ 77.623311932686207, 12.950858228443 ], [ 77.623368140962299, 12.950827163891599 ], [ 77.6233929998929, 12.9508173345929 ], [ 77.623465127407698, 12.9507888091001 ], [ 77.623467662361904, 12.9507878494352 ], [ 77.6236125614912, 12.9507526446569 ], [ 77.623631252789295, 12.950748101017 ], [ 77.624046312725397, 12.9506604135894 ], [ 77.624417275461298, 12.950582041399199 ], [ 77.624757545408798, 12.950508807665701 ], [ 77.624960902154896, 12.9504650386809 ], [ 77.625435393517705, 12.9503629153758 ], [ 77.625463903530203, 12.950356779304499 ], [ 77.625474448415503, 12.9503545084357 ], [ 77.625504846896703, 12.9503451407802 ], [ 77.625648885973902, 12.9503082732165 ], [ 77.625764446779002, 12.9502621146443 ], [ 77.625802766420094, 12.950249470826 ], [ 77.625809618683903, 12.950247206452399 ], [ 77.625836904625402, 12.950233168765299 ], [ 77.626028969546397, 12.9501292378883 ], [ 77.626173781544793, 12.950021655591501 ], [ 77.626173814483096, 12.950021634480899 ], [ 77.626290111595907, 12.9499341406684 ], [ 77.626366509367998, 12.9498728208209 ], [ 77.626483793217702, 12.9497786850282 ], [ 77.626585293237099, 12.949697217030501 ], [ 77.626660611235195, 12.949636766253301 ], [ 77.626725531793994, 12.9495846549297 ], [ 77.626867336133003, 12.9494727129899 ], [ 77.626937682014301, 12.9494143793075 ], [ 77.626990655950294, 12.949370446868301 ], [ 77.627046020708505, 12.9493233211328 ], [ 77.627068952074097, 12.949303799266801 ], [ 77.627137259652201, 12.949245657751201 ], [ 77.627235555591696, 12.949161985936399 ], [ 77.627262107195406, 12.9491368769694 ], [ 77.627362022271598, 12.9490248224841 ], [ 77.627456381707105, 12.948904027464399 ], [ 77.627561037871004, 12.948751864114101 ], [ 77.627665638366196, 12.948594490411701 ], [ 77.627811586100805, 12.9483272781089 ], [ 77.628020243764198, 12.9479604334812 ], [ 77.628333605199103, 12.9474466311933 ], [ 77.6286153152098, 12.9469539943459 ], [ 77.628719859796306, 12.946791411036299 ], [ 77.628829773907995, 12.9466339844211 ], [ 77.629012793112906, 12.946355976038401 ], [ 77.629299703737601, 12.9458528628269 ], [ 77.629503261259899, 12.9455069100246 ], [ 77.629570786033099, 12.9453603309976 ], [ 77.630012296040903, 12.9444023364212 ], [ 77.630619463816103, 12.9430310341279 ], [ 77.630988348495805, 12.942240511445601 ], [ 77.631236867692394, 12.941623152907001 ], [ 77.631417970542799, 12.941162794144301 ], [ 77.631729732828703, 12.9404978991089 ], [ 77.632176269487104, 12.9395137993967 ], [ 77.632457746543096, 12.9390003199834 ], [ 77.632847761231901, 12.938199163299901 ], [ 77.633076772740793, 12.9377487404101 ], [ 77.633191443234494, 12.937539159001 ], [ 77.633275336238896, 12.9374340996077 ], [ 77.633380258486397, 12.937307986106299 ], [ 77.633621972000498, 12.937055436221099 ], [ 77.634195915884305, 12.936570265059499 ], [ 77.634417038285505, 12.936380449570301 ], [ 77.634585645066096, 12.936248481446601 ], [ 77.634630028298005, 12.9361770231334 ], [ 77.634618449959106, 12.9361643116968 ], [ 77.634585520774706, 12.936142194669801 ], [ 77.634596491060606, 12.9360971843321 ], [ 77.634707736865906, 12.9359485306707 ], [ 77.634748029216496, 12.9358658020878 ], [ 77.635362170041802, 12.9354608144404 ], [ 77.635507213064102, 12.935330096781399 ], [ 77.635888433671894, 12.934886716707901 ], [ 77.637249586375006, 12.9332984802383 ], [ 77.638079178250194, 12.932262967178501 ], [ 77.6382600002093, 12.9317900198569 ], [ 77.638882387294302, 12.9309094842425 ], [ 77.639411025141698, 12.930695079011199 ], [ 77.639584667684304, 12.9306249050902 ], [ 77.639607635511396, 12.930598064616699 ], [ 77.639607315729094, 12.930567660065099 ], [ 77.639599046553499, 12.930518330071401 ], [ 77.639551192218406, 12.930389579177801 ], [ 77.6395073712048, 12.9302759918007 ], [ 77.639487477340793, 12.9302267794227 ], [ 77.639487620278899, 12.9302262711648 ], [ 77.639532329444705, 12.9301301488282 ], [ 77.639598432846, 12.9299905060768 ], [ 77.639641169071297, 12.929908827500901 ], [ 77.639647214751506, 12.929861727711399 ], [ 77.639593731127604, 12.929599752263901 ], [ 77.639668871797696, 12.929552452912899 ], [ 77.639994430021801, 12.9293698737065 ], [ 77.640289761505102, 12.929210010916201 ], [ 77.640517504036794, 12.929140474325999 ], [ 77.640736835101904, 12.929101778281201 ], [ 77.641093055296494, 12.9291823507 ], [ 77.6418163269541, 12.929175027333599 ], [ 77.642119669890903, 12.929051342489 ], [ 77.642053916462999, 12.9288605198113 ], [ 77.641863199546904, 12.9284241077976 ], [ 77.6418076189168, 12.9281713122115 ], [ 77.641671717412294, 12.9277506332307 ], [ 77.641568099255807, 12.927368707686499 ], [ 77.641509406254499, 12.9270797511717 ], [ 77.641443193417601, 12.926537464359599 ], [ 77.6413685505552, 12.9262590493388 ], [ 77.641355907100603, 12.9262125669757 ], [ 77.641342908294206, 12.926164785496001 ], [ 77.641277394049396, 12.926114890429201 ], [ 77.641187417846695, 12.9260828286587 ], [ 77.6411226289447, 12.926066509437501 ], [ 77.640898039593196, 12.9260592164134 ], [ 77.640234287945503, 12.926075499527601 ], [ 77.640094984067403, 12.9260886316337 ], [ 77.639975559078593, 12.926097654405501 ], [ 77.639867961355307, 12.9260948348533 ], [ 77.639812151438406, 12.9260914931422 ], [ 77.639744306050005, 12.926080456894599 ], [ 77.639528330948707, 12.9260005743633 ], [ 77.639408370073795, 12.9259588009654 ], [ 77.639316131637401, 12.925901115435799 ], [ 77.639287466284102, 12.925827153386001 ], [ 77.6392666444615, 12.9257413911836 ], [ 77.639257484699499, 12.9256281531234 ], [ 77.639256786402896, 12.925561724477101 ], [ 77.639264426342393, 12.925530383873101 ], [ 77.639291694130407, 12.925471490461399 ], [ 77.639318921731501, 12.9254086875066 ], [ 77.639313050762595, 12.9253283824389 ], [ 77.639272392223404, 12.924772167047699 ], [ 77.639192332567006, 12.9241470243465 ], [ 77.639230898303794, 12.9241322258758 ], [ 77.639500732382402, 12.924028835565201 ], [ 77.639974203599493, 12.9238350255636 ], [ 77.640862622246203, 12.923376144910399 ], [ 77.6410166478382, 12.9232833611903 ], [ 77.641196928824101, 12.9232308583956 ], [ 77.641356970417803, 12.9232191015989 ], [ 77.641755721009503, 12.9233062916633 ], [ 77.643480944752099, 12.923755080234001 ], [ 77.644455270780099, 12.924039155460299 ], [ 77.644917509896601, 12.9242676000058 ], [ 77.645261786978097, 12.924459271064 ], [ 77.645429433670998, 12.9244736007531 ], [ 77.645657688039805, 12.9244764931183 ], [ 77.645864660068597, 12.9244743947465 ], [ 77.646310555359406, 12.924480285232599 ], [ 77.646809739074499, 12.9245064606274 ], [ 77.647516443377597, 12.924582591064301 ], [ 77.648058192521304, 12.9246187438705 ], [ 77.648557542591604, 12.924660532148 ], [ 77.649067396959893, 12.924691800199501 ], [ 77.649322131414095, 12.9246892141951 ], [ 77.6493730837512, 12.9246828943631 ], [ 77.649898379747597, 12.9245112266278 ], [ 77.650040814530001, 12.924422357261101 ], [ 77.650175343176798, 12.9243183647931 ], [ 77.650511428018106, 12.9242199246588 ], [ 77.650949254080899, 12.9242154775228 ], [ 77.651752910916798, 12.924146005206801 ], [ 77.651748287358103, 12.9240483964894 ], [ 77.651658283517605, 12.9235596629256 ], [ 77.651598504390407, 12.923270352133599 ], [ 77.651570216315605, 12.92313592907 ], [ 77.651551224873302, 12.9230336249794 ], [ 77.651532199761206, 12.9229283915002 ], [ 77.651519301186894, 12.9228377398869 ], [ 77.651511628876193, 12.9226767542768 ], [ 77.651523155508997, 12.922354502835001 ], [ 77.651543961774905, 12.9217803109029 ], [ 77.651557048346902, 12.9213233376445 ], [ 77.651562154635499, 12.921241288676301 ], [ 77.651555977305193, 12.921148610194299 ], [ 77.652001970327802, 12.9211169466057 ], [ 77.652697288035796, 12.9210218324046 ], [ 77.652971672480803, 12.9209956159755 ], [ 77.653120959361601, 12.920997028370101 ], [ 77.653261290705103, 12.920998528095399 ], [ 77.653458151128703, 12.920981884713999 ], [ 77.653577400416495, 12.920966031087 ], [ 77.653605134770004, 12.920959690047599 ], [ 77.6536784056768, 12.920958847601201 ], [ 77.6536749646761, 12.9208543096812 ], [ 77.653672746464906, 12.9208032676272 ], [ 77.653672398433002, 12.920770326929199 ], [ 77.653672032975194, 12.9207357368025 ], [ 77.653663678634601, 12.920665370193699 ], [ 77.653743505739001, 12.9206658261299 ], [ 77.6537939736845, 12.920662662482799 ], [ 77.654867693484604, 12.9205746113321 ], [ 77.656870488959299, 12.919114428818199 ], [ 77.660512640521404, 12.9165319675632 ], [ 77.662208994433996, 12.9183144317466 ], [ 77.662806821516597, 12.920313769924199 ], [ 77.662839842132996, 12.920956202277999 ], [ 77.662842661955807, 12.921222167491701 ], [ 77.662119677548702, 12.921413712287601 ], [ 77.661421504632102, 12.921568169132501 ], [ 77.661336347930003, 12.9215857809043 ], [ 77.661288705045493, 12.921599659479099 ], [ 77.661169878216597, 12.9216206209896 ], [ 77.661211543661196, 12.921727692791301 ], [ 77.661281728185699, 12.921907799537101 ], [ 77.661554041789501, 12.922602006127899 ], [ 77.661564181292704, 12.9226283857016 ], [ 77.661759002661995, 12.9231352052511 ], [ 77.661974956282705, 12.923862991149999 ], [ 77.662260702834899, 12.924734053649001 ], [ 77.662496875344402, 12.9256904741999 ], [ 77.662836059752394, 12.9264923312478 ], [ 77.663276559029001, 12.9275336885493 ], [ 77.663394185325004, 12.9277582887705 ], [ 77.663526604532095, 12.9278029313139 ], [ 77.663556135494503, 12.9282137714935 ], [ 77.663690295045896, 12.9281708728524 ], [ 77.663883782439896, 12.928036460102501 ], [ 77.664128827956802, 12.9280437100354 ], [ 77.664324614683096, 12.9280417106777 ], [ 77.664570994509702, 12.9280453899141 ], [ 77.664766977543493, 12.9280619754851 ], [ 77.664969803117799, 12.928128056442199 ], [ 77.665155162740803, 12.9282647963716 ], [ 77.665298763063703, 12.9285468241285 ], [ 77.665587369237599, 12.9293158802265 ], [ 77.665772724048196, 12.929819017381 ], [ 77.666091805582198, 12.930695279615399 ], [ 77.666166997978493, 12.930747753239601 ], [ 77.666276251247993, 12.9308131883146 ], [ 77.666279331113302, 12.9308145796715 ], [ 77.666751171769405, 12.9311147521575 ], [ 77.667168537963093, 12.931160050071799 ], [ 77.668004729974001, 12.931017848241799 ], [ 77.668511898255403, 12.93099355527 ], [ 77.668369224353697, 12.928836787612401 ], [ 77.668722771322905, 12.928820780280301 ], [ 77.668849208948004, 12.9282370951088 ], [ 77.669091166762101, 12.927230922355401 ], [ 77.669135673537099, 12.9268053787374 ], [ 77.6691162721133, 12.9261598490036 ], [ 77.668849605208194, 12.925369532801801 ], [ 77.668760231878906, 12.9232997208162 ], [ 77.668107390698594, 12.923152190974401 ], [ 77.667787747908307, 12.9216024133981 ], [ 77.666365004458001, 12.920856947110201 ], [ 77.665268710307004, 12.9210871866561 ], [ 77.664150145801401, 12.9214761827391 ], [ 77.663894723818999, 12.9208974564893 ], [ 77.665131682261901, 12.9205947543358 ], [ 77.666606022417099, 12.9199539533454 ], [ 77.667446833908301, 12.9195072191135 ], [ 77.668724698955799, 12.9188606592657 ], [ 77.670415000103901, 12.918340156323699 ], [ 77.672055340622904, 12.9175313594931 ], [ 77.673185577769104, 12.91695998074 ], [ 77.673435517418099, 12.916648010308201 ], [ 77.673572074272897, 12.916120389975699 ], [ 77.673984302677098, 12.9155899468792 ], [ 77.675530968124207, 12.9145690899635 ], [ 77.677644673171599, 12.9139365138924 ], [ 77.679351068779098, 12.9131973378905 ], [ 77.680617908546395, 12.912557421654199 ], [ 77.681861245954394, 12.911914345936999 ], [ 77.683903196023905, 12.910966356010899 ], [ 77.686442354499306, 12.909956072624899 ], [ 77.6899030933684, 12.9086777567098 ], [ 77.693270452836302, 12.907809146397801 ], [ 77.696725487768603, 12.9068598387903 ], [ 77.698617345865003, 12.9063228129345 ], [ 77.700450800730806, 12.905394460254 ], [ 77.702878502106202, 12.9040508648627 ], [ 77.703054970960494, 12.9038449493285 ], [ 77.702838744395095, 12.9034667409182 ], [ 77.702143876985104, 12.903599385806499 ], [ 77.701162073157803, 12.9038081802268 ], [ 77.700669598141303, 12.9039317591797 ], [ 77.697662700302502, 12.9045403753416 ], [ 77.697569936140496, 12.904265974843 ], [ 77.697401655999201, 12.904278726606099 ], [ 77.6968495488874, 12.9040971830033 ], [ 77.696738109725501, 12.904175433841999 ], [ 77.696086970387199, 12.9041821521103 ], [ 77.696018430237899, 12.9040727156576 ], [ 77.695580360389599, 12.904055203951801 ], [ 77.695414086584293, 12.904255176468901 ], [ 77.695109200352405, 12.9040931086168 ], [ 77.693864822024196, 12.904271150904901 ], [ 77.693463025562295, 12.9044955798087 ], [ 77.693047405722098, 12.9044778352722 ], [ 77.692864831489601, 12.904204357612 ], [ 77.6926958439673, 12.9041510282788 ], [ 77.6915488486692, 12.903986614429099 ], [ 77.691563727693406, 12.9043279032181 ], [ 77.691417901537207, 12.9043404199191 ], [ 77.691432544814006, 12.904659685997499 ], [ 77.691400635099896, 12.9048252300471 ], [ 77.691277259201001, 12.9048375155083 ], [ 77.691172301520098, 12.905521484221801 ], [ 77.690757148912397, 12.905547789089299 ], [ 77.690532498864698, 12.905539087377599 ], [ 77.690328772476093, 12.9055258383697 ], [ 77.689174182333204, 12.905464610779701 ], [ 77.6890978055076, 12.9060843708712 ], [ 77.689038342237396, 12.9063457792689 ], [ 77.688642285072305, 12.906517135670899 ], [ 77.688301671453701, 12.906557813281101 ], [ 77.688095916133193, 12.906538959112099 ], [ 77.687606224873207, 12.9064906203827 ], [ 77.6876377811315, 12.905306940912499 ], [ 77.687648386143195, 12.904526186909701 ], [ 77.685789200428303, 12.904303673443099 ], [ 77.686491580811506, 12.903837980894 ], [ 77.687573254630493, 12.9034055607948 ], [ 77.687767494837104, 12.903261062835201 ], [ 77.687507417095205, 12.9025636373079 ], [ 77.687329739465596, 12.902484921801999 ], [ 77.685731729186102, 12.9024703684541 ], [ 77.685212119800198, 12.902308426775599 ], [ 77.685055821981507, 12.902083575277899 ], [ 77.6839373221937, 12.9020368671263 ], [ 77.683825646401402, 12.902093085647 ], [ 77.683628955448, 12.9019095817172 ], [ 77.683496870710798, 12.901960502636401 ], [ 77.683025270754698, 12.901792898610699 ], [ 77.682756303864494, 12.9018397171759 ], [ 77.682463354975695, 12.901743594896701 ], [ 77.682249345246206, 12.901679704267 ], [ 77.682155893022298, 12.901339216042899 ], [ 77.682104880712998, 12.9007669897731 ], [ 77.682147438595905, 12.900546265530201 ], [ 77.682203751075207, 12.900398998589001 ], [ 77.682172899587897, 12.899774995943901 ], [ 77.682028426875405, 12.899173973734699 ], [ 77.682048297969899, 12.898931451511899 ], [ 77.682248143085801, 12.898720129505101 ], [ 77.681011083241501, 12.8974771727259 ], [ 77.680099485917694, 12.8962198590035 ], [ 77.678953198894504, 12.895064071895501 ], [ 77.678261128966298, 12.894388266703899 ], [ 77.678153295911898, 12.893750532338601 ], [ 77.676986462374003, 12.893570325546399 ], [ 77.675174477335204, 12.8934175413189 ], [ 77.674244686934799, 12.893614294810201 ], [ 77.674002851798306, 12.893044014056301 ], [ 77.673983678401996, 12.892923491431301 ], [ 77.673965733945806, 12.892827374776701 ], [ 77.673936275928199, 12.892698647931899 ], [ 77.673720348290004, 12.8914869464367 ], [ 77.673518040763298, 12.8903622575528 ], [ 77.673237316427802, 12.8890235989749 ], [ 77.673002860885006, 12.8878587753843 ], [ 77.672676711206293, 12.8864240890413 ], [ 77.672554613625707, 12.8856814277501 ], [ 77.672493932406596, 12.8846204012396 ], [ 77.672813448654395, 12.884558553565 ], [ 77.674083733988894, 12.8843384776549 ], [ 77.674398095594398, 12.8842763989877 ], [ 77.674751134174301, 12.883850342323599 ], [ 77.674728234041794, 12.883689878336099 ], [ 77.6746893790732, 12.883438797871101 ], [ 77.674619000952504, 12.883126744722899 ], [ 77.674615533726694, 12.883016474831001 ], [ 77.674552685143794, 12.8824934481355 ], [ 77.674528657124796, 12.8822185437157 ], [ 77.674271620000198, 12.8804559308908 ], [ 77.674260083704496, 12.880183371285 ], [ 77.672135843045297, 12.8805530454565 ], [ 77.671895369035894, 12.8805764160824 ], [ 77.672574561542604, 12.878583879124999 ], [ 77.673259418500194, 12.878278078485099 ], [ 77.673448228156204, 12.8779994764554 ], [ 77.673547567325301, 12.877793721070001 ], [ 77.673675281610002, 12.877604278396699 ], [ 77.673708120368602, 12.8775098733287 ], [ 77.673807845700495, 12.8772947223537 ], [ 77.6738347813057, 12.8772593525076 ], [ 77.674072927517798, 12.8768269326099 ], [ 77.674292767864301, 12.876325015903401 ], [ 77.674518522664997, 12.875563266166001 ], [ 77.674745042441401, 12.875302489150201 ], [ 77.675503942234997, 12.8726497323152 ], [ 77.675415970479506, 12.872542337386699 ], [ 77.675204068991206, 12.872276257166501 ], [ 77.674882731788699, 12.871800903478 ], [ 77.674024584374493, 12.870752466353601 ], [ 77.673746693924699, 12.870392122678799 ], [ 77.673335718914601, 12.8698756019408 ], [ 77.673132203740096, 12.8695505227361 ], [ 77.672959771026498, 12.8692750925862 ], [ 77.673023005635201, 12.8683015187893 ], [ 77.672644894102504, 12.868319718964599 ], [ 77.671306912770703, 12.867874676099399 ], [ 77.669444324474497, 12.866942304245701 ], [ 77.668018887922699, 12.8664131924145 ], [ 77.667285866930101, 12.866328954582199 ], [ 77.667279284373194, 12.866232027039301 ], [ 77.666972542424006, 12.8662330142012 ], [ 77.666489422208102, 12.8663396705699 ], [ 77.666339997161103, 12.8661186454807 ], [ 77.666307174005595, 12.866044608498701 ], [ 77.666157840157197, 12.8657181328291 ], [ 77.6652583002721, 12.8637515529929 ], [ 77.665018275253203, 12.8630973452973 ], [ 77.664888427169799, 12.862906836910099 ], [ 77.664717009628106, 12.862340471883099 ], [ 77.664251612998896, 12.8624189817887 ], [ 77.664042213279899, 12.8618161100612 ], [ 77.663989936051195, 12.8611378601789 ], [ 77.663912255986205, 12.860902550863701 ], [ 77.663743490082098, 12.8605870104874 ], [ 77.663754557834693, 12.860210616787899 ], [ 77.661384722828103, 12.858677911061999 ], [ 77.661353090902196, 12.858530673091501 ], [ 77.660727703243595, 12.858411590433301 ], [ 77.659466394557001, 12.858601460490799 ], [ 77.658397461314806, 12.857897992627301 ], [ 77.658219445007205, 12.857787011559999 ], [ 77.657782395249299, 12.8586406704125 ], [ 77.657891739215202, 12.857581399759599 ], [ 77.657980422266206, 12.8570047257328 ], [ 77.657288138495403, 12.856602256821001 ], [ 77.657098096918503, 12.8567646560325 ], [ 77.657205578997704, 12.8562600128759 ], [ 77.657170580163495, 12.856149695602401 ], [ 77.657062154978902, 12.856029055606699 ], [ 77.656954545976006, 12.8559858756262 ], [ 77.656705610409006, 12.8559109291486 ], [ 77.656455509694595, 12.855725319546799 ], [ 77.656499624929495, 12.8550940454734 ], [ 77.656154184047907, 12.8549592046095 ], [ 77.655968158534606, 12.8555033790915 ], [ 77.655622600815093, 12.8553574730061 ], [ 77.655638179840494, 12.855230042344401 ], [ 77.655265125641293, 12.8551508167817 ], [ 77.653956268800599, 12.8551087275154 ], [ 77.653966735111794, 12.8550311530828 ], [ 77.653552114072795, 12.854753135405501 ], [ 77.652585965418893, 12.8543174548916 ], [ 77.652361176929702, 12.854393508159699 ], [ 77.651960277674902, 12.8541688391776 ], [ 77.651455199780003, 12.854048517747099 ], [ 77.651323156913605, 12.854072760108499 ], [ 77.651323484208504, 12.8540692940536 ], [ 77.651388078242505, 12.853385165608399 ], [ 77.651148720260693, 12.8533399123035 ], [ 77.650844479814197, 12.853266154386199 ], [ 77.650826676628597, 12.853181943709201 ], [ 77.650830586716197, 12.853017282282 ], [ 77.650835239129094, 12.8529231637948 ], [ 77.650862739101399, 12.8528564829787 ], [ 77.650980636388894, 12.852805489575401 ], [ 77.651013779241197, 12.852201991507499 ], [ 77.650844606521105, 12.8522037010607 ], [ 77.650587765049494, 12.852449774637501 ], [ 77.650529707467697, 12.8532208332616 ], [ 77.650184241519099, 12.853228556276999 ], [ 77.650269771724297, 12.852242712896 ], [ 77.649440363016595, 12.8522068214456 ], [ 77.648687290938099, 12.851921145471 ], [ 77.648419516386298, 12.852506038857699 ], [ 77.647435879736193, 12.8522835556837 ], [ 77.647182413042799, 12.852313783108 ], [ 77.646955920736104, 12.852227528394501 ], [ 77.646897209189007, 12.8520067771057 ], [ 77.646421962787301, 12.851862165463899 ], [ 77.646313123015005, 12.852239547851299 ], [ 77.645491804218693, 12.851899214038999 ], [ 77.645334692313099, 12.851842013622999 ], [ 77.645353376935006, 12.8521440892016 ], [ 77.643359381814804, 12.8513009446902 ], [ 77.643077196749601, 12.8512816524473 ], [ 77.643061998040196, 12.8523442619174 ], [ 77.643165342908205, 12.8557519351083 ], [ 77.643169221398296, 12.857738466192499 ], [ 77.643147707009305, 12.8594541065976 ], [ 77.643132295515301, 12.8595981370489 ], [ 77.642408304187697, 12.8615532717593 ], [ 77.642010459843505, 12.863539206526299 ], [ 77.641685115251207, 12.863585867396001 ], [ 77.641490785926706, 12.864417871461299 ], [ 77.641848954617899, 12.865009030135599 ], [ 77.640786595361106, 12.865033666301301 ], [ 77.639271532147603, 12.865085047901401 ], [ 77.639021752035603, 12.865079109913699 ], [ 77.638779681968401, 12.864203832454701 ], [ 77.638251358711997, 12.8630610843078 ], [ 77.637648032913702, 12.8628056922394 ], [ 77.637083574284006, 12.863031333451501 ], [ 77.636554884385404, 12.863036651752299 ], [ 77.636033265236406, 12.8629090888902 ], [ 77.635377643689296, 12.8629115318193 ], [ 77.634951976746393, 12.8628226979618 ], [ 77.634590965868497, 12.8623334120315 ], [ 77.634623282736896, 12.862167229397 ], [ 77.633994803719503, 12.862023214169801 ], [ 77.633317695803896, 12.861993124021501 ], [ 77.632172015363295, 12.8617390141423 ], [ 77.630703682629203, 12.861055955676401 ], [ 77.630161537815496, 12.860763133894499 ], [ 77.630082378133494, 12.8602743724696 ], [ 77.629991644110007, 12.8596138319961 ], [ 77.629134137361902, 12.8581467835259 ], [ 77.628169775597101, 12.8579719953814 ], [ 77.627838782522801, 12.857960557066299 ], [ 77.627419252931105, 12.8581123237059 ], [ 77.623505954761299, 12.857826863489199 ], [ 77.619865486066004, 12.857745207090201 ], [ 77.619356943392503, 12.8580159068184 ], [ 77.619134298728895, 12.857847506326699 ], [ 77.618919937031706, 12.8577223709986 ], [ 77.619125204469697, 12.857393832208 ], [ 77.618266133237796, 12.8572197970846 ], [ 77.617589357193097, 12.857221020774499 ], [ 77.617125947450702, 12.857207007411599 ], [ 77.616603394513206, 12.8556869489883 ], [ 77.615730583762399, 12.855275092067901 ], [ 77.614877813139302, 12.854619546407299 ], [ 77.614152289492196, 12.853724777743899 ], [ 77.613656655703195, 12.852949355998399 ], [ 77.612982469725097, 12.8518604949133 ], [ 77.6128673376937, 12.8516347580504 ], [ 77.612490255581903, 12.8517104498598 ], [ 77.611879101022794, 12.851511787285601 ], [ 77.610568969608806, 12.8513477468834 ], [ 77.609259123509304, 12.8512113670687 ], [ 77.609159160446296, 12.8497237787362 ], [ 77.609122907720902, 12.8489438777789 ], [ 77.609093879741195, 12.8487840376511 ], [ 77.609087224356799, 12.8482193080833 ], [ 77.609117631134893, 12.847886980113399 ], [ 77.609181398037705, 12.846962207647101 ], [ 77.609308507774102, 12.846164082725201 ], [ 77.608826459122497, 12.8464510953134 ], [ 77.607616229880406, 12.847221250224999 ], [ 77.606734422970405, 12.8475731058553 ], [ 77.604799454213904, 12.848068225274 ], [ 77.604068185639505, 12.848252561743401 ], [ 77.602715976700296, 12.848382188775901 ], [ 77.601495061941705, 12.8481176064239 ], [ 77.600705403116805, 12.8481088321345 ], [ 77.600653736607299, 12.8480208010012 ], [ 77.600585382984505, 12.8479550730515 ], [ 77.600511392300604, 12.847889401842901 ], [ 77.599480384478198, 12.847993691915001 ], [ 77.599407246101293, 12.8480110179887 ], [ 77.5982879460514, 12.848304327387501 ], [ 77.5977079040116, 12.8483875418219 ], [ 77.596297575791596, 12.848899544376501 ], [ 77.595729889104604, 12.849087774936701 ], [ 77.595413590222094, 12.8484932533154 ], [ 77.595360904843403, 12.848305622942201 ], [ 77.595158644271507, 12.847831716862601 ], [ 77.594968459021004, 12.8474351602366 ], [ 77.594875333739594, 12.847153856013399 ], [ 77.594752987487993, 12.846773232621 ], [ 77.594570559258699, 12.8460335033235 ], [ 77.594451711791507, 12.845565942961301 ], [ 77.594513684989295, 12.8455597985759 ], [ 77.594569524345104, 12.844956058509499 ], [ 77.594540352762195, 12.843213193560899 ], [ 77.594212595076399, 12.8415009468101 ], [ 77.593975901986894, 12.8404186527716 ], [ 77.592989227619498, 12.837694685771 ], [ 77.5922961543951, 12.8361022518319 ], [ 77.591681864894994, 12.834492432617299 ], [ 77.5906988491611, 12.8348728970191 ], [ 77.590739258271498, 12.835514423736299 ], [ 77.590270656914399, 12.835463706743599 ], [ 77.589992010918493, 12.835495723461801 ], [ 77.587025261309705, 12.833335336661801 ], [ 77.585664146050206, 12.834296237227599 ], [ 77.585052603321301, 12.8348614147124 ], [ 77.584938113471296, 12.8349645832047 ], [ 77.583821194653495, 12.8359710395644 ], [ 77.583513031436794, 12.8362179633703 ], [ 77.5833405495666, 12.8363508741961 ], [ 77.583112292733702, 12.8365267685212 ], [ 77.582943922889598, 12.8366472966937 ], [ 77.582680486775303, 12.8368358787432 ], [ 77.582248990077005, 12.837175473214399 ] ] ] ] } },
{ "type": "Feature", "properties": { "id": "bbmp_c2__wards_c2.5", "Name": null, "description": null, "timestamp": null, "begin": null, "end": null, "altitudeMode": null, "tessellate": -1, "extrude": 0, "visibility": -1, "drawOrder": null, "icon": null, "OBJECTID": 4, "NewCorp": "East" }, "geometry": { "type": "MultiPolygon", "coordinates": [ [ [ [ 77.696725487768603, 12.9068598387903 ], [ 77.693270452836302, 12.907809146397801 ], [ 77.6899030933684, 12.9086777567098 ], [ 77.686442354499306, 12.909956072624899 ], [ 77.683903196023905, 12.910966356010899 ], [ 77.681861245954394, 12.911914345936999 ], [ 77.680617908546395, 12.912557421654199 ], [ 77.679351068779098, 12.9131973378905 ], [ 77.677644673171599, 12.9139365138924 ], [ 77.675530968124207, 12.9145690899635 ], [ 77.673984302677098, 12.9155899468792 ], [ 77.673572074272897, 12.916120389975699 ], [ 77.673435517418099, 12.916648010308201 ], [ 77.673185577769104, 12.91695998074 ], [ 77.672055340622904, 12.9175313594931 ], [ 77.670415000103901, 12.918340156323699 ], [ 77.668724698955799, 12.9188606592657 ], [ 77.667446833908301, 12.9195072191135 ], [ 77.666606022417099, 12.9199539533454 ], [ 77.665131682261901, 12.9205947543358 ], [ 77.663894721456401, 12.9208974570675 ], [ 77.664150145801401, 12.9214761827391 ], [ 77.665268710307004, 12.9210871866561 ], [ 77.666365004458001, 12.920856947110201 ], [ 77.667787747908307, 12.9216024133981 ], [ 77.668107390698594, 12.923152190974401 ], [ 77.668760231878906, 12.9232997208162 ], [ 77.668849605208194, 12.925369532801801 ], [ 77.6691162721133, 12.9261598490036 ], [ 77.669135673537099, 12.9268053787374 ], [ 77.669091166762101, 12.927230922355401 ], [ 77.668849208948004, 12.9282370951088 ], [ 77.668722771322905, 12.928820780280301 ], [ 77.668369224353697, 12.928836787612401 ], [ 77.668511898255403, 12.93099355527 ], [ 77.668004729974001, 12.931017848241799 ], [ 77.667168537963093, 12.931160050071799 ], [ 77.666751171769405, 12.9311147521575 ], [ 77.666279331113302, 12.9308145796715 ], [ 77.666276251247993, 12.9308131883146 ], [ 77.666166997978493, 12.930747753239601 ], [ 77.666091805582198, 12.930695279615399 ], [ 77.665772724048196, 12.929819017381 ], [ 77.665587369237599, 12.9293158802265 ], [ 77.665298763063703, 12.9285468241285 ], [ 77.665155162740803, 12.9282647963716 ], [ 77.664969803117799, 12.928128056442199 ], [ 77.664766977543493, 12.9280619754851 ], [ 77.664570994509702, 12.9280453899141 ], [ 77.664324614683096, 12.9280417106777 ], [ 77.664128827956802, 12.9280437100354 ], [ 77.663883782439896, 12.928036460102501 ], [ 77.663690295045896, 12.9281708728524 ], [ 77.663556135494503, 12.9282137714935 ], [ 77.6633171947189, 12.9282901751411 ], [ 77.661992998146403, 12.929445671315699 ], [ 77.661497110640397, 12.930106187790001 ], [ 77.661369113139202, 12.930270794638201 ], [ 77.6611946108155, 12.9302725749543 ], [ 77.661046516497294, 12.930165967661599 ], [ 77.660814792620201, 12.9300359761806 ], [ 77.660641318637104, 12.929995312312199 ], [ 77.6604021715914, 12.929917778483 ], [ 77.660113186469701, 12.929871512288299 ], [ 77.659723469948901, 12.929789361044399 ], [ 77.659579172528794, 12.929784681037299 ], [ 77.659139947563403, 12.9297635267105 ], [ 77.655221992622998, 12.935115296562699 ], [ 77.658093497306297, 12.9366861688345 ], [ 77.660504671154499, 12.938111693224601 ], [ 77.660543931724206, 12.938143110974799 ], [ 77.660540244280199, 12.9382342268902 ], [ 77.660540682590806, 12.938275547230401 ], [ 77.660541347339205, 12.9383446391764 ], [ 77.660518126846995, 12.9383477272567 ], [ 77.660454166974404, 12.938352082983499 ], [ 77.659074044011803, 12.938327164870801 ], [ 77.658982729872704, 12.938315403542701 ], [ 77.659014492697594, 12.937907350720399 ], [ 77.658208035352999, 12.937948553973801 ], [ 77.658206761380896, 12.9385931869126 ], [ 77.658208775449296, 12.938783217113199 ], [ 77.658147060123497, 12.9388104513703 ], [ 77.657932969109694, 12.938788161291299 ], [ 77.657855561146903, 12.9387930573362 ], [ 77.657696490930704, 12.9388523906419 ], [ 77.657563783128197, 12.9390982293283 ], [ 77.657436446434104, 12.9391405686633 ], [ 77.657222902596601, 12.939142745439 ], [ 77.656775579361394, 12.9391878481844 ], [ 77.656589945794906, 12.939223526093601 ], [ 77.656370159993102, 12.9392865833015 ], [ 77.655882718919003, 12.9394469674262 ], [ 77.654715250755601, 12.9402208781264 ], [ 77.654631203942898, 12.940317894348199 ], [ 77.654480729256605, 12.9404207869882 ], [ 77.654295595663399, 12.940503757553699 ], [ 77.654082836733394, 12.9405802545954 ], [ 77.653767321583999, 12.9407118560672 ], [ 77.653054770723301, 12.9410840073736 ], [ 77.651019931635602, 12.9421520968825 ], [ 77.650595124027205, 12.9423726506598 ], [ 77.650355236427501, 12.942489966516201 ], [ 77.649930282855905, 12.942697007843099 ], [ 77.648882743669105, 12.9433158152617 ], [ 77.647467740391605, 12.944270512701999 ], [ 77.6474689071744, 12.944380997681 ], [ 77.647623665121202, 12.9444603032729 ], [ 77.647600895232898, 12.9445061455434 ], [ 77.647601698027501, 12.944582158606901 ], [ 77.6476407695841, 12.944612169213499 ], [ 77.647679919580597, 12.9446497802337 ], [ 77.647627157270307, 12.9447909542191 ], [ 77.647454311814499, 12.944937148869901 ], [ 77.6471394576172, 12.945214021323601 ], [ 77.646652773333798, 12.945479820517701 ], [ 77.646563617863407, 12.9455542376939 ], [ 77.642419368488902, 12.9489966093119 ], [ 77.639793372080206, 12.951596903217199 ], [ 77.639939056063199, 12.9518277952915 ], [ 77.639939449512696, 12.951834976994499 ], [ 77.639944642819799, 12.951832109342099 ], [ 77.640435268163202, 12.952686003601899 ], [ 77.640438825301402, 12.9526921956158 ], [ 77.640771685340397, 12.9532715071966 ], [ 77.640928757192597, 12.9532694681177 ], [ 77.641020924419493, 12.9532685334463 ], [ 77.641534752785702, 12.953434086386199 ], [ 77.641740374033901, 12.953509011356999 ], [ 77.641791894798899, 12.9535386235861 ], [ 77.641833387744398, 12.953588428346 ], [ 77.641871423495303, 12.9536343591368 ], [ 77.641917691666507, 12.9537053201452 ], [ 77.641986714146896, 12.953776053002199 ], [ 77.642074086045398, 12.953859987217101 ], [ 77.642206735769705, 12.9539211451967 ], [ 77.642361859110096, 12.9539552864138 ], [ 77.642416474493302, 12.953954732232701 ], [ 77.642471091716004, 12.953954178021499 ], [ 77.642575724719293, 12.9539486525392 ], [ 77.642639443267399, 12.953948005935301 ], [ 77.642680263501106, 12.953934196919301 ], [ 77.642721038504504, 12.9539159264442 ], [ 77.642825061967997, 12.9538523669609 ], [ 77.643024472891895, 12.953769983570201 ], [ 77.643672963290697, 12.9535401827154 ], [ 77.643990567641396, 12.9534432058514 ], [ 77.644087477344499, 12.9534220155141 ], [ 77.644140434236505, 12.953410434631399 ], [ 77.644208514738907, 12.9533918849079 ], [ 77.644271669491303, 12.953337671855101 ], [ 77.644280299592296, 12.953292938953 ], [ 77.6442842866539, 12.9532393248634 ], [ 77.644330534557099, 12.9528772393093 ], [ 77.644458686936105, 12.952081275016001 ], [ 77.6445802829722, 12.951526453121099 ], [ 77.644636057720007, 12.951204449725701 ], [ 77.644776517195893, 12.9507119382595 ], [ 77.644985149241705, 12.9502098089533 ], [ 77.645163430699, 12.9498508446804 ], [ 77.645351381145403, 12.949545357564499 ], [ 77.645557581512506, 12.949244149664899 ], [ 77.646055608714207, 12.9485605008812 ], [ 77.646324537382199, 12.9481649040831 ], [ 77.646463644851096, 12.9479759863371 ], [ 77.6465625930974, 12.947863372204299 ], [ 77.646689039464604, 12.9477683326263 ], [ 77.646996639137399, 12.9475866339655 ], [ 77.647666919421596, 12.9472673139961 ], [ 77.647820670946601, 12.9471719992203 ], [ 77.648253296428905, 12.946761342811399 ], [ 77.6488975168065, 12.946129778257999 ], [ 77.649082794062707, 12.9460028929246 ], [ 77.6491788475752, 12.946554462986301 ], [ 77.649228235593995, 12.9467363645311 ], [ 77.649272705928894, 12.946852544013399 ], [ 77.649282686442106, 12.9468821535503 ], [ 77.649413677118204, 12.9472707642231 ], [ 77.649432685065193, 12.9473464646547 ], [ 77.649424006860201, 12.947386731618099 ], [ 77.649392572380705, 12.9474272327045 ], [ 77.6493593769558, 12.947467138287401 ], [ 77.649257681256898, 12.9475753427635 ], [ 77.649196741140699, 12.947662640064699 ], [ 77.649188069779598, 12.9476750641681 ], [ 77.649168449584593, 12.9477031688017 ], [ 77.649126393517406, 12.9478051313916 ], [ 77.649111184037594, 12.947885143908501 ], [ 77.649101646230704, 12.9479353272027 ], [ 77.649097790387998, 12.9479556088972 ], [ 77.649099554796805, 12.9479955709288 ], [ 77.649111973269299, 12.948276991104599 ], [ 77.649163825889303, 12.9486141809688 ], [ 77.649165236370493, 12.948623359624399 ], [ 77.649174630673699, 12.9486586719536 ], [ 77.649184310766302, 12.9486950537115 ], [ 77.649185634415005, 12.9487000261158 ], [ 77.649248265041294, 12.948935468395099 ], [ 77.649248586114595, 12.948940224240999 ], [ 77.649250698911302, 12.9489716627553 ], [ 77.649274200492101, 12.949007064684899 ], [ 77.649325362450298, 12.949103319281001 ], [ 77.649367799010093, 12.9491743014545 ], [ 77.649402138947593, 12.949231744500199 ], [ 77.649448858799701, 12.949309892219199 ], [ 77.649639070319495, 12.9495538629564 ], [ 77.649755345242596, 12.9496891179563 ], [ 77.649982925378495, 12.9499485709895 ], [ 77.650104498320204, 12.950096066225299 ], [ 77.650126808544101, 12.9501231336481 ], [ 77.650194300947305, 12.9502050176712 ], [ 77.650389148456497, 12.950428314913699 ], [ 77.650435499386603, 12.950493648679499 ], [ 77.650487508357898, 12.9505417232363 ], [ 77.650602877374396, 12.950648369929 ], [ 77.650615041298593, 12.9506596127128 ], [ 77.651096813048198, 12.9511049563224 ], [ 77.651107001614903, 12.9511134439401 ], [ 77.651305582022601, 12.9512788594096 ], [ 77.651396777377002, 12.951336630304301 ], [ 77.651610212182504, 12.951482000521899 ], [ 77.651703023068393, 12.951539753931399 ], [ 77.6518088400843, 12.9516037212502 ], [ 77.651896613718094, 12.9516440776296 ], [ 77.652125467764407, 12.9517178993001 ], [ 77.652211607419403, 12.951756684924399 ], [ 77.652253945073696, 12.9517832202161 ], [ 77.652283308415207, 12.9518067185034 ], [ 77.652294791944001, 12.951826590141099 ], [ 77.652308384704597, 12.951850110803599 ], [ 77.652324214295405, 12.951877500523601 ], [ 77.652326149939796, 12.951880848678501 ], [ 77.652377950837703, 12.952046240987 ], [ 77.652386060600406, 12.952072130178699 ], [ 77.652409858088404, 12.9521481120054 ], [ 77.652487559978496, 12.9523852665723 ], [ 77.6524950652922, 12.9524066087879 ], [ 77.6524970075303, 12.952415885871901 ], [ 77.652508931573394, 12.9524729223969 ], [ 77.652534841435795, 12.952577807667 ], [ 77.652778131292493, 12.952576079469299 ], [ 77.652950512656702, 12.9525738835948 ], [ 77.652959990280806, 12.952573761754801 ], [ 77.652970469689194, 12.952574910727201 ], [ 77.653106460453898, 12.9525766059846 ], [ 77.653145728826104, 12.9525770939869 ], [ 77.653401903787895, 12.9525959018577 ], [ 77.653523269234199, 12.952600615993401 ], [ 77.653662829665194, 12.9526051401602 ], [ 77.654029467059502, 12.952629961378101 ], [ 77.654441022895199, 12.9526578944654 ], [ 77.654719425309196, 12.952682337492 ], [ 77.6547324514476, 12.9526834794022 ], [ 77.6549959417992, 12.952705781308801 ], [ 77.655069985285195, 12.9527097864518 ], [ 77.655178020889593, 12.9527158218519 ], [ 77.655350256476893, 12.9527255299017 ], [ 77.655374671581995, 12.952726907078301 ], [ 77.655487569713301, 12.952734083443801 ], [ 77.655562668574802, 12.952740244024801 ], [ 77.655590778793098, 12.952742550135801 ], [ 77.655887008635403, 12.952763327498101 ], [ 77.656094636027703, 12.9527802472765 ], [ 77.6563274095449, 12.9527932155152 ], [ 77.656465850472301, 12.952800929514799 ], [ 77.656798682619396, 12.9528194705576 ], [ 77.656981132908101, 12.952836293224401 ], [ 77.657077095243693, 12.9528451431059 ], [ 77.657228559375596, 12.9528591090098 ], [ 77.657836776235499, 12.952899306256599 ], [ 77.6580118158397, 12.952909219667101 ], [ 77.658163760963703, 12.9529178220704 ], [ 77.658424294550699, 12.952932574714699 ], [ 77.659001959555596, 12.9529516633834 ], [ 77.659012394283295, 12.9529511196009 ], [ 77.659114024051505, 12.9529458269418 ], [ 77.659367795452496, 12.952932601831399 ], [ 77.659541514462106, 12.9529235473941 ], [ 77.659601670842505, 12.9529234931628 ], [ 77.659926080001995, 12.9529231882576 ], [ 77.660034939218804, 12.952919192754299 ], [ 77.660056577656505, 12.9529167078349 ], [ 77.660995367698604, 12.9528663371749 ], [ 77.661025490216403, 12.952864720374301 ], [ 77.661025850985098, 12.952888278957399 ], [ 77.661029044341404, 12.9530969958188 ], [ 77.661029808411101, 12.9531209748747 ], [ 77.661030748810404, 12.9531504546891 ], [ 77.661037882603694, 12.953374344401601 ], [ 77.6610430928325, 12.9540104082547 ], [ 77.661045624261106, 12.954111707724699 ], [ 77.661046174834794, 12.954133795450501 ], [ 77.6610486592336, 12.9542331811124 ], [ 77.6610488259047, 12.9542488704228 ], [ 77.661049847123806, 12.9543450007573 ], [ 77.6614394231853, 12.954319576474401 ], [ 77.661449668738399, 12.954318909849899 ], [ 77.662183341810703, 12.954271030501401 ], [ 77.662215567666905, 12.954268927687 ], [ 77.662289300249995, 12.9542641149389 ], [ 77.662312418257599, 12.9542626066109 ], [ 77.662413814013206, 12.954255988789599 ], [ 77.662414533378296, 12.9542628345586 ], [ 77.662417392168805, 12.954290020886001 ], [ 77.662424894621495, 12.9543613599448 ], [ 77.662446790186095, 12.954569635092 ], [ 77.662458863728105, 12.9549751748189 ], [ 77.661918284398396, 12.9550144685908 ], [ 77.661928892658594, 12.9551846087419 ], [ 77.661923789190098, 12.955457212245401 ], [ 77.660872602906494, 12.955444527147 ], [ 77.660875653653903, 12.955487713337501 ], [ 77.660888732951506, 12.955568498298 ], [ 77.660907605605303, 12.955619253121601 ], [ 77.660923597968505, 12.9556403528234 ], [ 77.660925247762904, 12.9556425312056 ], [ 77.660932398983107, 12.955651967226499 ], [ 77.660941013712801, 12.955658965393701 ], [ 77.660972469794601, 12.9556845233906 ], [ 77.660979794082195, 12.9556894415851 ], [ 77.660981943571699, 12.9556908831127 ], [ 77.660997915072301, 12.9557016084692 ], [ 77.661003244771095, 12.955705186539101 ], [ 77.661020896880501, 12.955706338639599 ], [ 77.661042997237899, 12.955707777725999 ], [ 77.661121763617999, 12.955710201443701 ], [ 77.661136598077505, 12.955710657813301 ], [ 77.661225937743794, 12.955715947401499 ], [ 77.6612294437858, 12.9557161545795 ], [ 77.661350246581605, 12.955723303333601 ], [ 77.661934688012494, 12.9557525305309 ], [ 77.661938694341401, 12.955721897132401 ], [ 77.6626120101878, 12.955746635840899 ], [ 77.662769132827293, 12.9557410767133 ], [ 77.663006891672595, 12.955738645124899 ], [ 77.663410168837103, 12.9557621893006 ], [ 77.663392133194094, 12.955830729715199 ], [ 77.6632928570437, 12.956078045535399 ], [ 77.663179656931803, 12.9563849929322 ], [ 77.663071359964107, 12.956696651943901 ], [ 77.663045507197197, 12.956775445397399 ], [ 77.663045499908307, 12.956775626150099 ], [ 77.6630429840055, 12.956832241163101 ], [ 77.663039632794593, 12.956907578452601 ], [ 77.663071653701905, 12.957066691195999 ], [ 77.663136520383802, 12.957292871703 ], [ 77.663198903934997, 12.9575103905697 ], [ 77.663277173748099, 12.957797534678599 ], [ 77.663339317675195, 12.958028433312199 ], [ 77.6633618005161, 12.9581119773773 ], [ 77.663471828620004, 12.9584953344974 ], [ 77.663487787664295, 12.9585509320599 ], [ 77.663553193805299, 12.9587691948937 ], [ 77.663561616995693, 12.9589319610101 ], [ 77.663328703202893, 12.958978578589701 ], [ 77.663316450957097, 12.958981030174 ], [ 77.663098153727603, 12.959025539468101 ], [ 77.662757760614198, 12.9590949446973 ], [ 77.662745068592898, 12.959097532650199 ], [ 77.662726866154301, 12.9591005193536 ], [ 77.662286741611098, 12.9591727599535 ], [ 77.662235297191302, 12.9591804084206 ], [ 77.662131505204997, 12.959195836519999 ], [ 77.662105355776205, 12.9591997211196 ], [ 77.661599170136498, 12.959263931118601 ], [ 77.661290157904702, 12.959296838285001 ], [ 77.661275457408607, 12.959297219844601 ], [ 77.661138552293394, 12.9593007677271 ], [ 77.661136505547105, 12.959300763356 ], [ 77.661132629506795, 12.9593005879735 ], [ 77.6610190886949, 12.9592954231262 ], [ 77.660773309921794, 12.959263116064101 ], [ 77.660763864583302, 12.9592618737835 ], [ 77.660471561826895, 12.959211207145 ], [ 77.659930567704805, 12.959104889447399 ], [ 77.659820447874594, 12.959084980966001 ], [ 77.659804809695601, 12.9590821550409 ], [ 77.6597810593791, 12.9590778599734 ], [ 77.659666965918106, 12.959063676169301 ], [ 77.659687904753497, 12.9592545622722 ], [ 77.659692766385604, 12.9592928932297 ], [ 77.659693036915002, 12.9592950351194 ], [ 77.659701966951502, 12.9593654383039 ], [ 77.659710141282304, 12.9594299066926 ], [ 77.659710854112106, 12.959435532964701 ], [ 77.659728881725997, 12.9595619312146 ], [ 77.659773945057694, 12.959877897513 ], [ 77.659780327680295, 12.9599226631427 ], [ 77.6598131833466, 12.9601602963257 ], [ 77.659817162584204, 12.960192381200001 ], [ 77.659838510633406, 12.9602941217208 ], [ 77.659918416679005, 12.960293305170101 ], [ 77.660208153271299, 12.9608959854662 ], [ 77.659795840579505, 12.961076837719499 ], [ 77.659856337228703, 12.961253326838101 ], [ 77.659952068398894, 12.961585506898199 ], [ 77.6599644714818, 12.961631217353901 ], [ 77.659992110528506, 12.961733081429401 ], [ 77.659992640324006, 12.9617330091637 ], [ 77.6608441052133, 12.9616185671021 ], [ 77.660914154093305, 12.9619378963747 ], [ 77.660930304539207, 12.9620042371292 ], [ 77.6609314931044, 12.9620091204558 ], [ 77.660975474952096, 12.9622027418526 ], [ 77.660977637565097, 12.9622122577484 ], [ 77.661166128351098, 12.9621687292794 ], [ 77.661311184264804, 12.962145869966699 ], [ 77.661456470134993, 12.9621443842682 ], [ 77.661531932935901, 12.9621477012992 ], [ 77.661544170941298, 12.9621933627178 ], [ 77.661619766752494, 12.9624704745098 ], [ 77.661716549873702, 12.9626903646725 ], [ 77.661768913527098, 12.962832331800501 ], [ 77.661801231163594, 12.9631383853757 ], [ 77.661844142022005, 12.9637578370067 ], [ 77.661842711925701, 12.9643064935292 ], [ 77.661603729897195, 12.964261470284301 ], [ 77.661112660814993, 12.9641637698716 ], [ 77.661063406893504, 12.964333626912801 ], [ 77.660899538461393, 12.9646332221671 ], [ 77.660862585367695, 12.9648091696553 ], [ 77.660862544245703, 12.9648108467703 ], [ 77.660860169550801, 12.9649115215066 ], [ 77.660527731944896, 12.964989708095301 ], [ 77.660711914556103, 12.965230080973299 ], [ 77.661125071592295, 12.965140353453201 ], [ 77.661208388123498, 12.965460136551201 ], [ 77.661287734818302, 12.965441480312901 ], [ 77.6613672067529, 12.9654367684193 ], [ 77.661447176228094, 12.965478843453401 ], [ 77.661538366308704, 12.965454512853601 ], [ 77.661586240589799, 12.9654696228947 ], [ 77.661626454803596, 12.965512106336201 ], [ 77.6616624834693, 12.9656774946454 ], [ 77.661717194605004, 12.965819241598901 ], [ 77.661778863426093, 12.9660096887058 ], [ 77.661962352853905, 12.9662822154724 ], [ 77.6616225492468, 12.966831061700599 ], [ 77.6615452736024, 12.966823457038 ], [ 77.659925213900095, 12.9670121603626 ], [ 77.659680200683297, 12.9670453408424 ], [ 77.659488531554601, 12.9670413613189 ], [ 77.658753113254903, 12.9671708838654 ], [ 77.6587546188657, 12.9673125873045 ], [ 77.658668027773999, 12.967428375652499 ], [ 77.658105540599806, 12.968220478264399 ], [ 77.657287178811103, 12.9683005737679 ], [ 77.657332889221294, 12.968472270169499 ], [ 77.657381187986601, 12.968887836485299 ], [ 77.657513168167398, 12.969283329052899 ], [ 77.657634845045806, 12.9700506631417 ], [ 77.657679373805806, 12.9707929302085 ], [ 77.658332510925206, 12.971081509611301 ], [ 77.658784839497102, 12.971132768993201 ], [ 77.658687022559803, 12.971325719957299 ], [ 77.658570406389103, 12.9715435275023 ], [ 77.659560755706906, 12.971537761035799 ], [ 77.659745482039199, 12.9715491193133 ], [ 77.660057166847594, 12.9715523005531 ], [ 77.660511745986, 12.9715603850018 ], [ 77.660571553973199, 12.971563531291601 ], [ 77.660906825583297, 12.9715811674835 ], [ 77.661018463568695, 12.971587039205 ], [ 77.661087361040302, 12.971586334267499 ], [ 77.6613236688722, 12.971598715648099 ], [ 77.661407863726396, 12.971605785860801 ], [ 77.661427322773207, 12.9716103466998 ], [ 77.661441022259297, 12.971619101295101 ], [ 77.6614517538992, 12.971625961134899 ], [ 77.661481054937795, 12.971643112988801 ], [ 77.661498999703198, 12.9716572056349 ], [ 77.661525265810596, 12.9716934284011 ], [ 77.661540399652907, 12.971747212270101 ], [ 77.661544461417193, 12.971824906561 ], [ 77.661546575674095, 12.9718828437545 ], [ 77.661557876209898, 12.971921698569799 ], [ 77.661550665693198, 12.9721063820338 ], [ 77.661654384995401, 12.971985197618 ], [ 77.661656169697395, 12.971985584071801 ], [ 77.661720598085793, 12.971959541218499 ], [ 77.661897577167196, 12.9718688859352 ], [ 77.662191071619802, 12.971758656624401 ], [ 77.662253654166705, 12.9717351503019 ], [ 77.662527816364701, 12.9716561942684 ], [ 77.662801752929397, 12.9715821962828 ], [ 77.662817669279093, 12.971578973542901 ], [ 77.662921517826206, 12.971561735078501 ], [ 77.663037841298802, 12.9715478523112 ], [ 77.663126104100996, 12.971535042775599 ], [ 77.663540124548405, 12.971587123930099 ], [ 77.663832748843703, 12.9716079312246 ], [ 77.664199076971798, 12.971677155538799 ], [ 77.664586463808106, 12.971749336243899 ], [ 77.665037789183302, 12.971833488706499 ], [ 77.665345187094104, 12.971890960409199 ], [ 77.6654116910683, 12.971768951116101 ], [ 77.6654281147501, 12.9717239584888 ], [ 77.666039783423102, 12.9714864822945 ], [ 77.666144367898795, 12.971450271131101 ], [ 77.666507971466004, 12.971894478166799 ], [ 77.666516529804696, 12.972276316363301 ], [ 77.666525175412701, 12.9725150300093 ], [ 77.666938698957296, 12.972648501950999 ], [ 77.666811683212401, 12.9727605696733 ], [ 77.666547701102004, 12.9729099695241 ], [ 77.666642873910106, 12.9732472841023 ], [ 77.666713950083803, 12.9732325843653 ], [ 77.666786043609505, 12.9732188733235 ], [ 77.666831923102905, 12.9732273833971 ], [ 77.666872593391801, 12.9733197712587 ], [ 77.666900701280497, 12.9733793576811 ], [ 77.6668397532207, 12.973388963298399 ], [ 77.667032719322606, 12.974338097071699 ], [ 77.667041827261897, 12.974421320308901 ], [ 77.667018164023503, 12.974488820166499 ], [ 77.666603421049004, 12.9745529900141 ], [ 77.666484234796798, 12.9745604917149 ], [ 77.666385607255194, 12.9753308890825 ], [ 77.666605057958606, 12.975409094178699 ], [ 77.666626594936503, 12.9754180959753 ], [ 77.666784736002, 12.975464263205801 ], [ 77.666784583520396, 12.9754661176163 ], [ 77.666936297967496, 12.9755126578101 ], [ 77.667212862689894, 12.9755577672172 ], [ 77.667304673262393, 12.9755657219289 ], [ 77.667353717091103, 12.975569971515601 ], [ 77.667474808077998, 12.9755804615094 ], [ 77.667528947062905, 12.9755778219603 ], [ 77.667849277914797, 12.9755622113146 ], [ 77.667914586638403, 12.9755590297742 ], [ 77.667958577957506, 12.975552148975 ], [ 77.668261988899602, 12.975504697257 ], [ 77.668536248375005, 12.9754615427836 ], [ 77.668798871758995, 12.9754202166797 ], [ 77.668933571178599, 12.975376528501901 ], [ 77.669143029820404, 12.975287158312099 ], [ 77.669211266288102, 12.975258041832101 ], [ 77.669441869512099, 12.975177434922999 ], [ 77.669884579315607, 12.9750226790859 ], [ 77.670460184566394, 12.974804490713399 ], [ 77.670649335859594, 12.974732791375301 ], [ 77.671036356995799, 12.974618820860799 ], [ 77.671246271672203, 12.974558588608801 ], [ 77.671403341164805, 12.974513518587299 ], [ 77.672360541232294, 12.974201903141299 ], [ 77.672819068231107, 12.974042563738999 ], [ 77.673288866169401, 12.9738793009065 ], [ 77.673481417558904, 12.9738222637587 ], [ 77.673870818308401, 12.973706917191 ], [ 77.674066675753807, 12.97364130057 ], [ 77.674435331691996, 12.9735177895167 ], [ 77.674588342289596, 12.973472147942999 ], [ 77.6749539741446, 12.973375314394101 ], [ 77.675547891072597, 12.973246520684 ], [ 77.675846283934504, 12.9731985289057 ], [ 77.675975586848196, 12.9731777305081 ], [ 77.676300668665306, 12.9730949481315 ], [ 77.676672857928594, 12.973017785564201 ], [ 77.677683916806103, 12.972808167179901 ], [ 77.678104066993598, 12.9727424425196 ], [ 77.678122147392799, 12.9728070656732 ], [ 77.678186198897805, 12.9730325950961 ], [ 77.678191781243399, 12.9730317534716 ], [ 77.678219347532405, 12.9731920226812 ], [ 77.678235072287507, 12.9732834516605 ], [ 77.678260771216301, 12.9733575016822 ], [ 77.6784037496612, 12.973769495832 ], [ 77.678734225965897, 12.9747484712003 ], [ 77.679300050187706, 12.976267382741201 ], [ 77.679305762267703, 12.9762982438129 ], [ 77.679325892075397, 12.9764069693605 ], [ 77.679323439309599, 12.976502504331 ], [ 77.679314209763007, 12.976615163120499 ], [ 77.679264162609499, 12.976813518787701 ], [ 77.679263439547498, 12.9770116741892 ], [ 77.679263298394503, 12.9770504242589 ], [ 77.679263279539001, 12.977055713734501 ], [ 77.679281322414894, 12.9773192013869 ], [ 77.679291210863795, 12.9774635966705 ], [ 77.6793003920194, 12.9775976889816 ], [ 77.679333551783699, 12.9780953598768 ], [ 77.679379452101998, 12.9784837469089 ], [ 77.679427404078695, 12.978739082161701 ], [ 77.679577233367397, 12.979412924040901 ], [ 77.679642761213699, 12.979685131048299 ], [ 77.679684495519297, 12.979910084595399 ], [ 77.679803557483297, 12.980551847212899 ], [ 77.679808877955693, 12.9805805251957 ], [ 77.679818963418597, 12.9806253344507 ], [ 77.679856356736906, 12.980791520045299 ], [ 77.679939494821696, 12.9810840130827 ], [ 77.680105179246596, 12.9816144283956 ], [ 77.680257578142403, 12.982130901335999 ], [ 77.680347011341098, 12.9824339971094 ], [ 77.680376077063599, 12.9825496720219 ], [ 77.680391085461693, 12.982628227597401 ], [ 77.680398188700394, 12.982665420459201 ], [ 77.680402581154695, 12.982750649468599 ], [ 77.680370416926607, 12.982848711307801 ], [ 77.6803621639135, 12.9828738633506 ], [ 77.680302690627798, 12.9829671443355 ], [ 77.680252702495594, 12.9830455455173 ], [ 77.680144857626502, 12.9832064915123 ], [ 77.680088076812794, 12.983301060927101 ], [ 77.6800630820359, 12.9833426916026 ], [ 77.6799718112932, 12.983466223978899 ], [ 77.679880196916002, 12.9835579772465 ], [ 77.679811032010306, 12.983634207501 ], [ 77.679808303110704, 12.983639243066801 ], [ 77.679807159642706, 12.9836641293669 ], [ 77.679075295379604, 12.984032703828399 ], [ 77.678628475712998, 12.9841401256007 ], [ 77.678487226270406, 12.9843004814393 ], [ 77.678202921990106, 12.984452964510901 ], [ 77.677928547521503, 12.9846427331406 ], [ 77.677587461848702, 12.9848331890308 ], [ 77.677018650975398, 12.9851194609129 ], [ 77.676903664744998, 12.9851942412388 ], [ 77.676850018622602, 12.985202793363801 ], [ 77.6768307793471, 12.985197617371201 ], [ 77.676808770090204, 12.9851897796496 ], [ 77.676800953316302, 12.9852274868498 ], [ 77.676776550231807, 12.9852519289615 ], [ 77.676647063498095, 12.9853611201696 ], [ 77.676507518679202, 12.9854518721703 ], [ 77.675702550169603, 12.9859368617446 ], [ 77.674888144929497, 12.9864312938208 ], [ 77.674481371263496, 12.986623785094199 ], [ 77.6737318373536, 12.9866997812791 ], [ 77.673505940870896, 12.9866140515936 ], [ 77.6731225282781, 12.986468536848699 ], [ 77.673025217467796, 12.986431605960099 ], [ 77.672710040503304, 12.986307115689799 ], [ 77.672619360210405, 12.986274283717901 ], [ 77.672199357961404, 12.9861125314997 ], [ 77.672139636630305, 12.986089531319401 ], [ 77.672021566688599, 12.986044057919599 ], [ 77.671705421283093, 12.9859705559152 ], [ 77.671497053692605, 12.986066204121199 ], [ 77.671295699983204, 12.986175212479599 ], [ 77.671171576372998, 12.986222320927499 ], [ 77.670999198276505, 12.986046489766499 ], [ 77.670843339798296, 12.986081061029999 ], [ 77.670551738168001, 12.9861352244023 ], [ 77.670211336792505, 12.9861796572952 ], [ 77.670164787701594, 12.986183026537599 ], [ 77.669999001329899, 12.9861950289371 ], [ 77.669936760640695, 12.986199532344701 ], [ 77.6698220234953, 12.9862041226123 ], [ 77.669796775815698, 12.9862030567967 ], [ 77.669481707382403, 12.9861897524108 ], [ 77.669432271849402, 12.9861876631201 ], [ 77.669353612414795, 12.986173614246599 ], [ 77.669258669125099, 12.986156653009999 ], [ 77.669233628251106, 12.9861521810599 ], [ 77.669166484407498, 12.9861288724648 ], [ 77.668839992103401, 12.9860155227326 ], [ 77.668804197830994, 12.9860030939707 ], [ 77.668605466810007, 12.9859111118658 ], [ 77.668573488623593, 12.985896310426901 ], [ 77.668419656754807, 12.9858228471043 ], [ 77.668416544360795, 12.9858228790702 ], [ 77.668284715927498, 12.985750583587601 ], [ 77.668283213439693, 12.9857492023843 ], [ 77.668239342187505, 12.985725304892799 ], [ 77.668055800603895, 12.9856253303283 ], [ 77.667992867591593, 12.9855952759234 ], [ 77.667973580964798, 12.985579537346499 ], [ 77.667954754515705, 12.985609312028901 ], [ 77.667934143779704, 12.985633400152601 ], [ 77.667824889511706, 12.9858255438126 ], [ 77.6677289236994, 12.985959560873299 ], [ 77.667468841977097, 12.9860338634308 ], [ 77.667446140100495, 12.986037507695601 ], [ 77.667445114474006, 12.9860920971885 ], [ 77.667450922945093, 12.986310344368199 ], [ 77.667410042859302, 12.987368198949699 ], [ 77.667423189861594, 12.9879479464228 ], [ 77.667415687063098, 12.988548373921899 ], [ 77.667451579006595, 12.9889778010677 ], [ 77.667550220355594, 12.989420227591401 ], [ 77.667698958345994, 12.9896908738411 ], [ 77.667785321764896, 12.9897549149446 ], [ 77.667867348502895, 12.9897769859052 ], [ 77.667984070976303, 12.9897929332407 ], [ 77.668173440955698, 12.989985198664201 ], [ 77.668123038722698, 12.990014974361101 ], [ 77.668316017162596, 12.9902154098124 ], [ 77.667944820897802, 12.990406237296201 ], [ 77.667821307556807, 12.99051092376 ], [ 77.667214336051103, 12.990873215432901 ], [ 77.667080268143394, 12.990965949829 ], [ 77.666873472109799, 12.991114032540301 ], [ 77.666565087250405, 12.991350732459599 ], [ 77.666365150276704, 12.9915214501621 ], [ 77.666067032936795, 12.991790479435799 ], [ 77.665700813209696, 12.9921867060689 ], [ 77.665560369921806, 12.9923535704167 ], [ 77.665204622021704, 12.9928015851156 ], [ 77.665122688345093, 12.992931269784799 ], [ 77.664866345344905, 12.993336996418201 ], [ 77.664690662928393, 12.993611255472601 ], [ 77.66419027437, 12.994453223176 ], [ 77.664129686341198, 12.9945611257331 ], [ 77.664128330295497, 12.994563544464601 ], [ 77.664126177784695, 12.994567382459699 ], [ 77.664065246977401, 12.9946758865708 ], [ 77.663804333954801, 12.995105848756999 ], [ 77.6637994013129, 12.9951141066422 ], [ 77.663606991252607, 12.995436169029601 ], [ 77.663363128746695, 12.9958517738244 ], [ 77.663331738078995, 12.9959054589758 ], [ 77.6632196625917, 12.9960924220537 ], [ 77.662785639442703, 12.9968279310638 ], [ 77.662909932387393, 12.9968948204386 ], [ 77.663381362107501, 12.9971773755746 ], [ 77.663689858557504, 12.9973350170311 ], [ 77.664042099767101, 12.9975150124405 ], [ 77.664037433849003, 12.9975224545503 ], [ 77.663968259464099, 12.997632708299999 ], [ 77.663961225968706, 12.997644124315901 ], [ 77.663961207844594, 12.997644152506901 ], [ 77.663856830906298, 12.997813560859999 ], [ 77.663743534405697, 12.998028819117501 ], [ 77.663600121362094, 12.9983470040144 ], [ 77.663559923169501, 12.998707321677101 ], [ 77.663444246877503, 13.0002488942032 ], [ 77.663384676972498, 13.001545159635199 ], [ 77.663274894461694, 13.0030656083803 ], [ 77.663260169499296, 13.003101309622499 ], [ 77.663233166644702, 13.003685247525199 ], [ 77.6631841798729, 13.004473842294599 ], [ 77.663178274980893, 13.0045280862923 ], [ 77.663129105364106, 13.004979865673601 ], [ 77.663126397287499, 13.005004765541299 ], [ 77.662998383962602, 13.005749729338 ], [ 77.662850616055806, 13.0066252557134 ], [ 77.662754824466205, 13.007275080116299 ], [ 77.662646094755601, 13.007845044160799 ], [ 77.662587553596197, 13.008304870558799 ], [ 77.662552390042606, 13.0086903882304 ], [ 77.6625320697446, 13.0090038790979 ], [ 77.662510882774995, 13.009330767976 ], [ 77.662497472624807, 13.0095904480768 ], [ 77.662475829800499, 13.0100095965138 ], [ 77.662431356776494, 13.0105154145678 ], [ 77.662427333655202, 13.010561165488699 ], [ 77.662371353497605, 13.011260947047299 ], [ 77.662344349656607, 13.0118448851232 ], [ 77.662292656216195, 13.012388983415899 ], [ 77.662276444456495, 13.012559603791299 ], [ 77.662245694515605, 13.0130754368867 ], [ 77.662239562890605, 13.0132791126277 ], [ 77.662231754710405, 13.0135385428062 ], [ 77.662225620837901, 13.013742261931 ], [ 77.662189414721794, 13.014595903377099 ], [ 77.662159124227301, 13.014871751296599 ], [ 77.662098763706496, 13.0154441794423 ], [ 77.662071019276695, 13.015675558161901 ], [ 77.662042862656406, 13.015868427885501 ], [ 77.662009185182797, 13.0159835400808 ], [ 77.661999715183796, 13.0160159108505 ], [ 77.661993307293102, 13.016037810628299 ], [ 77.661961560743194, 13.0160981296854 ], [ 77.661913346210497, 13.0161897323175 ], [ 77.661874759910006, 13.016250237233001 ], [ 77.661865799087195, 13.0162642911002 ], [ 77.661803207225702, 13.016344926961599 ], [ 77.661732000819001, 13.0164019924326 ], [ 77.661702927762903, 13.0164252920928 ], [ 77.661698351135996, 13.016428960764101 ], [ 77.661654844607099, 13.0164512161369 ], [ 77.661611515869197, 13.016473383856599 ], [ 77.661521047375103, 13.016519664553 ], [ 77.661205241089704, 13.016656229531099 ], [ 77.660603463836594, 13.0168935003498 ], [ 77.660201762187697, 13.0170693949709 ], [ 77.6600561001774, 13.017133174744099 ], [ 77.660044827276295, 13.017138218405499 ], [ 77.6594666856315, 13.017396980903801 ], [ 77.658218465388302, 13.017934190816799 ], [ 77.657502569068498, 13.0182378062786 ], [ 77.656777763717997, 13.018556326999599 ], [ 77.656001878036193, 13.018902031235999 ], [ 77.655768339333903, 13.018993788597699 ], [ 77.6555187773847, 13.019091843068299 ], [ 77.654777761954804, 13.019319316842299 ], [ 77.653901213214994, 13.019622529388201 ], [ 77.653541145327097, 13.019753271013601 ], [ 77.651867815717097, 13.020485927037001 ], [ 77.649780414333804, 13.021403362467201 ], [ 77.647322762606095, 13.022458307189501 ], [ 77.645415253456605, 13.023300315206299 ], [ 77.643555114002197, 13.0241083906129 ], [ 77.641844488894506, 13.0248681214799 ], [ 77.640364615517996, 13.0255218359025 ], [ 77.639924847972495, 13.0256938405611 ], [ 77.639794084167093, 13.025744986558699 ], [ 77.639413149329897, 13.025839144698301 ], [ 77.6393283595187, 13.025854360860601 ], [ 77.638208257334199, 13.026055377525401 ], [ 77.637265632214707, 13.026242186527201 ], [ 77.636271930414495, 13.026436200010499 ], [ 77.6353570715861, 13.0266695317368 ], [ 77.634726523813995, 13.0268787381781 ], [ 77.634307026145606, 13.0270179189088 ], [ 77.633502337003094, 13.027350432308801 ], [ 77.633361099383706, 13.027415382071499 ], [ 77.632840574655305, 13.0276547437938 ], [ 77.632772485675801, 13.027665465442199 ], [ 77.6327008447374, 13.0276628491422 ], [ 77.632653103134601, 13.0276317891933 ], [ 77.632737250015396, 13.0277588690105 ], [ 77.6327247624872, 13.027764178769401 ], [ 77.6327286137779, 13.027770185224 ], [ 77.632766305390803, 13.0278289960525 ], [ 77.632953753154098, 13.028086987313801 ], [ 77.633013010738907, 13.0281685443708 ], [ 77.633085954511003, 13.0282535822346 ], [ 77.633196123970393, 13.0283820116803 ], [ 77.633458493420207, 13.028687872009099 ], [ 77.633482064568, 13.0287153479561 ], [ 77.633615012802295, 13.0286466202265 ], [ 77.6336666550839, 13.0286299549017 ], [ 77.633806998310902, 13.028584669360701 ], [ 77.634272679430794, 13.028473273260699 ], [ 77.634387393463498, 13.028445947602 ], [ 77.634555256009904, 13.028405957634 ], [ 77.634860399111602, 13.028329525382601 ], [ 77.635138125134105, 13.028215541638801 ], [ 77.635210161757698, 13.028185975728 ], [ 77.635613501673703, 13.028016355747701 ], [ 77.635832892186698, 13.027924096450301 ], [ 77.636137986077898, 13.027843219519299 ], [ 77.636188480461399, 13.0278359201829 ], [ 77.636352957229903, 13.027812143596201 ], [ 77.6365954980282, 13.0278163403569 ], [ 77.637035887923503, 13.0278851868134 ], [ 77.637429447613698, 13.0279846188229 ], [ 77.637506133607005, 13.028237748575201 ], [ 77.637562815477594, 13.028706237408199 ], [ 77.637632961361703, 13.029225300706401 ], [ 77.637766943937294, 13.029667649055201 ], [ 77.637896958921104, 13.0299930433403 ], [ 77.6379004969112, 13.0300019022122 ], [ 77.637913814900898, 13.0300451534017 ], [ 77.637959317350806, 13.030134629139599 ], [ 77.638056212554005, 13.030253729756 ], [ 77.638329087033, 13.030524913373799 ], [ 77.638518612646706, 13.030730379443799 ], [ 77.638826763650499, 13.031008706598399 ], [ 77.639305903832494, 13.0314541681583 ], [ 77.639449218494804, 13.031661180172 ], [ 77.639458869496593, 13.0316751197694 ], [ 77.6395592049671, 13.031853165807201 ], [ 77.639614953109799, 13.0319520901178 ], [ 77.6396164105373, 13.031954677059399 ], [ 77.639618614218705, 13.0319614283038 ], [ 77.639694492495494, 13.0321938662129 ], [ 77.639696251530296, 13.032198480926199 ], [ 77.639812607927198, 13.0325037557577 ], [ 77.639860343463695, 13.032599508500301 ], [ 77.639875989795001, 13.0326308894536 ], [ 77.640064231974904, 13.0328656154506 ], [ 77.640110717580498, 13.032919166716701 ], [ 77.640140710523696, 13.0329537177566 ], [ 77.640263643409895, 13.033148008252001 ], [ 77.640410621933498, 13.0333302035428 ], [ 77.640572300451595, 13.033473730488399 ], [ 77.640636709299798, 13.033546478596699 ], [ 77.640676287586402, 13.0335911826841 ], [ 77.640805798358599, 13.0338357739111 ], [ 77.640873465920194, 13.0339924589003 ], [ 77.640900371102703, 13.034054761251699 ], [ 77.641000741319999, 13.034266351969 ], [ 77.641017254237696, 13.034292714608499 ], [ 77.641039072055193, 13.034327538590301 ], [ 77.641046848598904, 13.0343399505891 ], [ 77.641077314990596, 13.034363342344699 ], [ 77.641104508967103, 13.0343630649524 ], [ 77.641145616325502, 13.034344490891399 ], [ 77.641278937379496, 13.034284254466099 ], [ 77.6416941758647, 13.0341504191144 ], [ 77.641710243492497, 13.0341452385991 ], [ 77.641715605174397, 13.034143508991001 ], [ 77.642016812358193, 13.0340515519412 ], [ 77.642055700659, 13.034037907668701 ], [ 77.642173361540898, 13.0339966258822 ], [ 77.642185371856201, 13.033997051687299 ], [ 77.6423033502858, 13.034001224789099 ], [ 77.642376177263003, 13.0340301094867 ], [ 77.642548655128394, 13.0340520517515 ], [ 77.643098720374397, 13.0340612502865 ], [ 77.6431984628164, 13.0340631970479 ], [ 77.643240762284094, 13.0340627652329 ], [ 77.643259829236698, 13.0340643746736 ], [ 77.643267934450407, 13.0340671222799 ], [ 77.643268018539203, 13.0340750406196 ], [ 77.643268108633094, 13.034083524425901 ], [ 77.643249788501095, 13.0341539760404 ], [ 77.643248313738098, 13.034159652699101 ], [ 77.6432158108355, 13.034684426772399 ], [ 77.643175550469905, 13.035120592436201 ], [ 77.643151610353797, 13.0354025357134 ], [ 77.643204725006001, 13.035754120403899 ], [ 77.643235806815596, 13.0359279892738 ], [ 77.644377469491104, 13.0358521828351 ], [ 77.644969988963496, 13.0358461299844 ], [ 77.644957225748897, 13.0359122834218 ], [ 77.644899339151607, 13.0359568901813 ], [ 77.644676207818307, 13.0360650958383 ], [ 77.644491479880998, 13.0361716975926 ], [ 77.644446385762393, 13.0362130839779 ], [ 77.644409076164095, 13.036272989104299 ], [ 77.644379515293707, 13.036347697663601 ], [ 77.644365475441504, 13.036443822641999 ], [ 77.644358291432596, 13.0364930056665 ], [ 77.6443472894221, 13.0365129078946 ], [ 77.644321061783799, 13.0365603530739 ], [ 77.644298931562105, 13.036620105855899 ], [ 77.644269130699399, 13.0366724938894 ], [ 77.644258103724098, 13.036706090085501 ], [ 77.644206845468304, 13.036881470051901 ], [ 77.644177757895406, 13.0370008179232 ], [ 77.644178548429693, 13.0370752164606 ], [ 77.644179062289695, 13.0371235764581 ], [ 77.644179457545903, 13.0371607743716 ], [ 77.644179971419106, 13.0372091352721 ], [ 77.644180564308101, 13.037264932141801 ], [ 77.644181315343104, 13.0373356117895 ], [ 77.644150078336693, 13.037538312907699 ], [ 77.644148096748495, 13.0375511803792 ], [ 77.644142266157402, 13.0375889947672 ], [ 77.6440705889447, 13.0379800809117 ], [ 77.644056189998096, 13.038058635758301 ], [ 77.644019515330498, 13.0381780611414 ], [ 77.644001057541601, 13.0382266122191 ], [ 77.643989497289994, 13.038246881510601 ], [ 77.643899283942005, 13.0384050666171 ], [ 77.643865091759096, 13.0385181898278 ], [ 77.643857673002699, 13.038652728362599 ], [ 77.643863572780603, 13.038791468976701 ], [ 77.643882315115405, 13.0390295696953 ], [ 77.643796689703905, 13.039000496653401 ], [ 77.643752427478901, 13.0389854699261 ], [ 77.643624073391294, 13.0389793802814 ], [ 77.643409777190797, 13.0389692167688 ], [ 77.643091147113793, 13.0389724706869 ], [ 77.643031076495006, 13.0389730840969 ], [ 77.642953736863802, 13.0389818643947 ], [ 77.642648769984703, 13.039016491536 ], [ 77.642334740379795, 13.039039449491399 ], [ 77.642166035888195, 13.039088575787501 ], [ 77.642117808872001, 13.0391160689014 ], [ 77.6420178524683, 13.0391730476227 ], [ 77.641889992481595, 13.0393402910346 ], [ 77.641874791069796, 13.0393601737421 ], [ 77.641863450457194, 13.0393682610983 ], [ 77.641697265274701, 13.0394867741696 ], [ 77.641666849201698, 13.0395084608635 ], [ 77.6415263475687, 13.0395572989669 ], [ 77.641474518600901, 13.039609183515401 ], [ 77.641469397269603, 13.039885763859401 ], [ 77.641476654486596, 13.040189868230501 ], [ 77.641471855804397, 13.040252619499499 ], [ 77.641441274735996, 13.0406524232857 ], [ 77.641427224344994, 13.040777857446701 ], [ 77.641403692016993, 13.040987943024501 ], [ 77.641393429798796, 13.041079552262 ], [ 77.641408115130901, 13.041324326793401 ], [ 77.641428063663099, 13.041446046961701 ], [ 77.641429617485798, 13.041455533967399 ], [ 77.641433968355798, 13.0414820784294 ], [ 77.641495991906993, 13.0416315606208 ], [ 77.641580407108293, 13.041744338536899 ], [ 77.6417246996198, 13.042005241822901 ], [ 77.641779003938694, 13.042186403614499 ], [ 77.641714641625498, 13.042231374242 ], [ 77.641666304118004, 13.042262229161199 ], [ 77.641596033452601, 13.042310659575501 ], [ 77.641525806959805, 13.042363425844499 ], [ 77.641482077869796, 13.0424115862021 ], [ 77.641442958116201, 13.0424770483983 ], [ 77.641381855395693, 13.0425557466569 ], [ 77.641311952998294, 13.0426388710498 ], [ 77.641192930036198, 13.0426791245669 ], [ 77.641065244616996, 13.0427368162512 ], [ 77.640862586698304, 13.0428169591708 ], [ 77.640774576414401, 13.0428612323339 ], [ 77.640602698201604, 13.042923712958499 ], [ 77.640338342845098, 13.0430261739732 ], [ 77.639958831868896, 13.0431167961656 ], [ 77.639786955923995, 13.0431792744847 ], [ 77.639539969973001, 13.043251193368301 ], [ 77.639328326247295, 13.0433184161223 ], [ 77.639058762232594, 13.0433471898763 ], [ 77.638806614402398, 13.0433497614532 ], [ 77.638478899183099, 13.0433184036835 ], [ 77.638102155697297, 13.0432528447704 ], [ 77.637831301627003, 13.0431601797046 ], [ 77.637622244571901, 13.043053874502901 ], [ 77.637439355965796, 13.0429125981632 ], [ 77.637401424182798, 13.042874441109401 ], [ 77.637144021949098, 13.043616100423099 ], [ 77.637110181537395, 13.0441829926992 ], [ 77.637115359739298, 13.044671342940999 ], [ 77.637246297816404, 13.045744495518701 ], [ 77.637495537764806, 13.046699225160101 ], [ 77.637799373954905, 13.0471649920256 ], [ 77.638031604131399, 13.0479941701463 ], [ 77.638097326574993, 13.048840344281301 ], [ 77.638133108275099, 13.0492417663888 ], [ 77.638308241780805, 13.0497035804459 ], [ 77.638327843041793, 13.0497799013266 ], [ 77.638393737850393, 13.0500365016436 ], [ 77.638110575236595, 13.050088840568201 ], [ 77.638282093332506, 13.0508041253737 ], [ 77.638441922454604, 13.051606070461499 ], [ 77.637819114638205, 13.051736050119899 ], [ 77.637984060444396, 13.053020088011801 ], [ 77.638068045304394, 13.053804261007199 ], [ 77.638249011729698, 13.0547640059236 ], [ 77.638102845833004, 13.0549396488324 ], [ 77.638167910338893, 13.0550924032634 ], [ 77.638258433131, 13.0552531910936 ], [ 77.638303263354302, 13.057483526887699 ], [ 77.638215065934403, 13.0583385984069 ], [ 77.638175459083598, 13.0593880557057 ], [ 77.638293379896695, 13.0609334792494 ], [ 77.638276372926498, 13.06211953931 ], [ 77.638311657543596, 13.0626540710394 ], [ 77.638361172662499, 13.0629355241282 ], [ 77.638371524249095, 13.063909835665701 ], [ 77.638459366792404, 13.064613835183099 ], [ 77.638563245332193, 13.0652347440114 ], [ 77.638626288448805, 13.065992901533701 ], [ 77.638715095395398, 13.066661586772801 ], [ 77.638741225378894, 13.066858335239599 ], [ 77.639099740865504, 13.0679576286227 ], [ 77.639213756279503, 13.068337937911901 ], [ 77.639311645465895, 13.0687930462558 ], [ 77.639476284084495, 13.069558457796999 ], [ 77.639429768491695, 13.0703550515706 ], [ 77.639449202792306, 13.0709892591218 ], [ 77.639459565234901, 13.0719635673896 ], [ 77.639452499550501, 13.074480535407501 ], [ 77.639458233465803, 13.0750195154274 ], [ 77.638249831094598, 13.075205941384899 ], [ 77.638501113517705, 13.075522913222599 ], [ 77.640720420878907, 13.0776332802751 ], [ 77.641303453028002, 13.077856834038601 ], [ 77.641779664822195, 13.077723430519701 ], [ 77.642014557482796, 13.077794472590201 ], [ 77.642203797860901, 13.0779761501742 ], [ 77.642307729083996, 13.078266601789601 ], [ 77.642311421586101, 13.0782743693432 ], [ 77.642514691948406, 13.0787021772028 ], [ 77.642516110729005, 13.0787051646662 ], [ 77.642606489401501, 13.078895376508299 ], [ 77.642643753513596, 13.0789738046315 ], [ 77.642788329533602, 13.079232766447101 ], [ 77.643741714876498, 13.0809404483759 ], [ 77.644121840085901, 13.081579908303301 ], [ 77.6446023990475, 13.0823883145938 ], [ 77.645212689772194, 13.0830900065328 ], [ 77.645603958471099, 13.083521090809301 ], [ 77.646292326867197, 13.084693935270799 ], [ 77.646498464196398, 13.085228351209199 ], [ 77.648866508834999, 13.0825017070577 ], [ 77.649315042069105, 13.0816288505722 ], [ 77.649339549427097, 13.081628598959201 ], [ 77.649561446125901, 13.0812400860371 ], [ 77.649772226493695, 13.0813207646633 ], [ 77.651030060122594, 13.081464952764399 ], [ 77.652712699785297, 13.0816909232546 ], [ 77.653121835693398, 13.0817576674643 ], [ 77.653209497112002, 13.081736493167501 ], [ 77.653494680078794, 13.081814649948299 ], [ 77.653702926858003, 13.0818630774833 ], [ 77.654685066656796, 13.0820235839553 ], [ 77.655275329505599, 13.079638956645899 ], [ 77.655597718312194, 13.0774074141257 ], [ 77.656215885722006, 13.075535580931501 ], [ 77.656335476571101, 13.074736477772399 ], [ 77.656376849285607, 13.0745966348619 ], [ 77.656540043996102, 13.074561909747301 ], [ 77.657881788420497, 13.0727692435108 ], [ 77.658841921675702, 13.0707738685268 ], [ 77.659137945337804, 13.0697741265129 ], [ 77.659383925846996, 13.0690718475413 ], [ 77.659710992777704, 13.068075164575699 ], [ 77.660465425275902, 13.0677227748163 ], [ 77.661099275566201, 13.0676959752907 ], [ 77.662657460278993, 13.0670920383115 ], [ 77.663512141907702, 13.0670899842262 ], [ 77.665297530420801, 13.0664634201535 ], [ 77.666826810679098, 13.066266231572801 ], [ 77.667100144690806, 13.064509347525 ], [ 77.667122206953806, 13.064393863602801 ], [ 77.667168093570595, 13.064323685861501 ], [ 77.667205447844495, 13.064272875271101 ], [ 77.668604810644695, 13.0650477343441 ], [ 77.669797051031594, 13.065831075565701 ], [ 77.670000112278601, 13.065965809153299 ], [ 77.672137491391197, 13.065705520942799 ], [ 77.673530375647204, 13.0654377149956 ], [ 77.673523895258199, 13.065316153113599 ], [ 77.674180075965793, 13.065284021910999 ], [ 77.675157364272195, 13.064827931323901 ], [ 77.676171289416601, 13.0648934495097 ], [ 77.676399757388793, 13.0649873717849 ], [ 77.676601017754194, 13.064954880004301 ], [ 77.676772081797495, 13.0649987181769 ], [ 77.677087271610304, 13.064905074101199 ], [ 77.6769589204807, 13.064507731908799 ], [ 77.676756044288396, 13.0635908625779 ], [ 77.676900336754301, 13.063548824180399 ], [ 77.676867451418602, 13.0630558929911 ], [ 77.677631058725197, 13.0629195941225 ], [ 77.677768383068695, 13.062870871204399 ], [ 77.678611533132496, 13.062768527906099 ], [ 77.678682174038002, 13.0627864141352 ], [ 77.678734573807105, 13.062851753990101 ], [ 77.679098311872096, 13.062067531825299 ], [ 77.679041134748203, 13.061079893005401 ], [ 77.678873164525797, 13.060843444325901 ], [ 77.678825332042095, 13.060722311656599 ], [ 77.678843057239106, 13.060448464234399 ], [ 77.678907822978999, 13.0597433606092 ], [ 77.678946112480503, 13.0594591641782 ], [ 77.679054414861596, 13.0589563237828 ], [ 77.679160008324402, 13.058681562874501 ], [ 77.679210056177396, 13.058529008932799 ], [ 77.679149047618196, 13.0581444859355 ], [ 77.679055899555905, 13.0581353146595 ], [ 77.679029072756506, 13.058044370883399 ], [ 77.678995110004493, 13.0577710591981 ], [ 77.679170036024303, 13.056735402084 ], [ 77.679106537088302, 13.056599228802 ], [ 77.6788701199374, 13.0562469291729 ], [ 77.678858361889795, 13.0561152857178 ], [ 77.678906046828601, 13.054171830813599 ], [ 77.678691695083998, 13.0538947562448 ], [ 77.678664481062896, 13.0530751704773 ], [ 77.678618566479301, 13.052785088263599 ], [ 77.678475829798899, 13.052550918804499 ], [ 77.678417200974195, 13.0523674002145 ], [ 77.678534097720402, 13.0523747605742 ], [ 77.678985616684301, 13.0524031836175 ], [ 77.679652523516197, 13.0524312221815 ], [ 77.679917681039697, 13.0524423681127 ], [ 77.681144115425397, 13.051762001090699 ], [ 77.683486361100606, 13.049143966238701 ], [ 77.684051754972401, 13.047917541617499 ], [ 77.685032886294195, 13.045789302838701 ], [ 77.684908753980807, 13.044751135397901 ], [ 77.684947683673002, 13.0442894358009 ], [ 77.685021030442599, 13.044110305831699 ], [ 77.685069021744496, 13.043906835681801 ], [ 77.685026936418694, 13.0434951825538 ], [ 77.684981600147395, 13.0427821786341 ], [ 77.684882829942794, 13.0417683499389 ], [ 77.684798762108201, 13.0415354983179 ], [ 77.684789769472999, 13.041283415505401 ], [ 77.684787911000399, 13.0411112178782 ], [ 77.684730791485407, 13.041050303514099 ], [ 77.684679749664994, 13.040970876527 ], [ 77.684679085955594, 13.0409093764645 ], [ 77.684668579875606, 13.040807999801499 ], [ 77.684684244888302, 13.0407094258162 ], [ 77.684657828063393, 13.0405866886683 ], [ 77.684543174553596, 13.040038420328001 ], [ 77.684541670350796, 13.0398990213041 ], [ 77.684515342240104, 13.0397844839942 ], [ 77.684471175605793, 13.039526870508601 ], [ 77.684356303986405, 13.0389099235017 ], [ 77.684316627466501, 13.038721203266 ], [ 77.684282702860202, 13.038629297341901 ], [ 77.684263237854594, 13.0385695297708 ], [ 77.684263713861696, 13.0384442063812 ], [ 77.684166143710101, 13.0379285644497 ], [ 77.684088663846694, 13.0377243458022 ], [ 77.683985294348901, 13.0374465882434 ], [ 77.684103758297795, 13.0367974939993 ], [ 77.683949592195006, 13.03646285914 ], [ 77.683951940913403, 13.035905175912401 ], [ 77.683941190827696, 13.03568386451 ], [ 77.683906763039104, 13.0355940124828 ], [ 77.683838355205907, 13.035455306923099 ], [ 77.683736136930705, 13.035284149462401 ], [ 77.683733572693896, 13.0350463515193 ], [ 77.683640161900499, 13.0349161058479 ], [ 77.683656990811798, 13.0347802466716 ], [ 77.6836969979163, 13.034457270199701 ], [ 77.683641305235895, 13.033226571503 ], [ 77.684847148042806, 13.033356219295801 ], [ 77.685840884183307, 13.033466193576199 ], [ 77.6867783936206, 13.033533007927501 ], [ 77.6872015430517, 13.0334739438604 ], [ 77.688247136069705, 13.033222533023 ], [ 77.6889687613739, 13.0329198109419 ], [ 77.690201214470093, 13.0327379702863 ], [ 77.690525840743106, 13.032690074965799 ], [ 77.692326492103206, 13.0300939586306 ], [ 77.6941227199775, 13.027153469524199 ], [ 77.694372653957302, 13.0266950163257 ], [ 77.694393655872005, 13.0267099292615 ], [ 77.694883556567305, 13.0267655160067 ], [ 77.695067025416606, 13.0267778579138 ], [ 77.695453053699595, 13.026811107134 ], [ 77.695642169104502, 13.026828870582101 ], [ 77.695916471104496, 13.026867665701699 ], [ 77.696091124366802, 13.0268921540014 ], [ 77.696354073006603, 13.0269146273675 ], [ 77.696590145199806, 13.0269329953032 ], [ 77.696921358004801, 13.026962429728901 ], [ 77.697165347307205, 13.0269894845535 ], [ 77.697502268822603, 13.027029818375601 ], [ 77.697848130897, 13.027070059528601 ], [ 77.698087722590898, 13.027103735726699 ], [ 77.698632914324307, 13.0271758777627 ], [ 77.6987761995575, 13.0271941162642 ], [ 77.699178080551405, 13.0272458272969 ], [ 77.699400859384994, 13.027275292478601 ], [ 77.699531591747899, 13.0272920244579 ], [ 77.699845402701499, 13.027333541735899 ], [ 77.700040563931495, 13.027362346554201 ], [ 77.700424195113598, 13.027418964932 ], [ 77.700492124025203, 13.0274289896137 ], [ 77.700786520800307, 13.0274335546339 ], [ 77.701090614354499, 13.027434874507099 ], [ 77.701569066142198, 13.027436952937601 ], [ 77.701698405087399, 13.027437513697601 ], [ 77.701684529989905, 13.027403473433299 ], [ 77.701688222325402, 13.027370998851501 ], [ 77.701648987384303, 13.027154261800799 ], [ 77.701578879631001, 13.0267669750894 ], [ 77.701509170621804, 13.026377091505299 ], [ 77.701444351705305, 13.0259919898419 ], [ 77.701286425135905, 13.025064074382501 ], [ 77.701269193066807, 13.0249657316739 ], [ 77.701696483263603, 13.025140971014 ], [ 77.701994757075397, 13.025259454577601 ], [ 77.702508722236701, 13.0254566569632 ], [ 77.703243151919693, 13.025739022045901 ], [ 77.703275137392396, 13.025751232345799 ], [ 77.7036365544907, 13.0258414563064 ], [ 77.704154999091102, 13.025963205707299 ], [ 77.704865573428293, 13.0260951424521 ], [ 77.705573667795306, 13.026220958358 ], [ 77.705963086610794, 13.026287259001201 ], [ 77.706571539631497, 13.0261642765742 ], [ 77.707686829184595, 13.025926582246401 ], [ 77.707867811259206, 13.0258971264705 ], [ 77.708021613555601, 13.0258720947722 ], [ 77.708231955388598, 13.025784358051901 ], [ 77.708736678539594, 13.025527639332701 ], [ 77.709244048464896, 13.025269573238599 ], [ 77.710084117341594, 13.025768712010899 ], [ 77.710705862635606, 13.026145001086499 ], [ 77.7115451483172, 13.027547688734501 ], [ 77.712037885719994, 13.0285200114833 ], [ 77.713071798358797, 13.030233418132701 ], [ 77.713609855050393, 13.0319164657414 ], [ 77.713526228573798, 13.032006219308199 ], [ 77.715905612484306, 13.031856846529401 ], [ 77.715938635826802, 13.031560240822399 ], [ 77.717201449347201, 13.0315410683791 ], [ 77.717172077301996, 13.031618404331599 ], [ 77.7171864982583, 13.032939568678801 ], [ 77.718718097655994, 13.0331841992965 ], [ 77.718869483604394, 13.033212236849099 ], [ 77.718996571493093, 13.0332286766225 ], [ 77.719639536785294, 13.033447082714201 ], [ 77.719888443559796, 13.033551119254501 ], [ 77.720215840524403, 13.0336484085575 ], [ 77.721024870865904, 13.0335715621404 ], [ 77.721854252904606, 13.0342580649661 ], [ 77.721823519146099, 13.033657971373099 ], [ 77.721863109082506, 13.033594352530899 ], [ 77.723879500064598, 13.0332760870155 ], [ 77.724104775684907, 13.0333603740472 ], [ 77.724226367787097, 13.0332891026742 ], [ 77.724183910957805, 13.0328262777841 ], [ 77.724137546386402, 13.0323168316517 ], [ 77.724647596799002, 13.032331461761199 ], [ 77.724653372299599, 13.0322380800327 ], [ 77.724751975513499, 13.0322403749368 ], [ 77.724748327877606, 13.0319071242047 ], [ 77.724695126701704, 13.0313944178226 ], [ 77.724689363970995, 13.030867879795601 ], [ 77.724515965882205, 13.030191458992601 ], [ 77.724478426925899, 13.029522311574601 ], [ 77.725035777440993, 13.0285447225644 ], [ 77.725260338589905, 13.027820886407 ], [ 77.725366785946505, 13.0267155593345 ], [ 77.725289599508201, 13.0257352232101 ], [ 77.725264821247094, 13.025611567528401 ], [ 77.726062598606404, 13.0258665143041 ], [ 77.725909792365599, 13.025646916631 ], [ 77.727287354650102, 13.0231997418141 ], [ 77.728993036813307, 13.0206055366044 ], [ 77.729507269894896, 13.0202465104826 ], [ 77.730105925020098, 13.0198493016582 ], [ 77.729919826960398, 13.018538877471199 ], [ 77.729775919873603, 13.018288282913399 ], [ 77.729681135523293, 13.0177196542093 ], [ 77.729472034129202, 13.0170187394527 ], [ 77.729230883095198, 13.016333963868099 ], [ 77.729056428770207, 13.0158538887038 ], [ 77.728840747131201, 13.015287343821001 ], [ 77.728459188605896, 13.0142880351857 ], [ 77.728323636899603, 13.0136811474003 ], [ 77.728130050750295, 13.0129247658955 ], [ 77.728025633435706, 13.012110005020601 ], [ 77.727885630109597, 13.0108857196307 ], [ 77.727851728752896, 13.010548343010299 ], [ 77.729117738216502, 13.010690032027499 ], [ 77.730230399044601, 13.010765221514299 ], [ 77.731125033630093, 13.0107953029811 ], [ 77.731543851716907, 13.0107829923331 ], [ 77.731922217711301, 13.010755304995801 ], [ 77.732107848977293, 13.010784951054699 ], [ 77.732566858896803, 13.010764315629499 ], [ 77.732855571751401, 13.0106427713988 ], [ 77.733788837503397, 13.009787616893901 ], [ 77.735452669741207, 13.010899794783001 ], [ 77.735987572911, 13.0107369595333 ], [ 77.736070974766903, 13.010711568465601 ], [ 77.736092689451496, 13.009777325412999 ], [ 77.736098342168503, 13.009534159343501 ], [ 77.7360711410508, 13.009257939813599 ], [ 77.736001147656907, 13.008753069654601 ], [ 77.735959911610294, 13.007931889270701 ], [ 77.735929247044794, 13.007454501033701 ], [ 77.736254190004601, 13.0077443641337 ], [ 77.736553746632495, 13.0077856447008 ], [ 77.736924878832497, 13.007741733801501 ], [ 77.737381861030897, 13.007674697048399 ], [ 77.737757622179203, 13.007639625003099 ], [ 77.737834360579797, 13.0076121512654 ], [ 77.737870026230993, 13.007558449922501 ], [ 77.737937508385002, 13.007513299792601 ], [ 77.737996561650803, 13.007526008840699 ], [ 77.739081694278298, 13.007792695606801 ], [ 77.740223012277696, 13.008033446170501 ], [ 77.740528992782799, 13.008101890546 ], [ 77.740834836166997, 13.0071177380685 ], [ 77.742575787870294, 13.0070569957728 ], [ 77.742863159593995, 13.0070116145195 ], [ 77.743035862275505, 13.007009788388601 ], [ 77.743244855231495, 13.007035807554001 ], [ 77.743893419630098, 13.007113631148799 ], [ 77.744441008333993, 13.0071713517498 ], [ 77.744685669676002, 13.007168763185399 ], [ 77.745059471401703, 13.0071295236802 ], [ 77.745462129975607, 13.007097033273 ], [ 77.746166086900004, 13.0069766699692 ], [ 77.746503053252994, 13.0068601915321 ], [ 77.746968998935898, 13.006692948299699 ], [ 77.747027861734907, 13.0068967433984 ], [ 77.7468178856017, 13.007059730911299 ], [ 77.746896906857501, 13.0076490747389 ], [ 77.747039874368895, 13.0083779562736 ], [ 77.747028813388397, 13.0088438326942 ], [ 77.747032880762305, 13.0089662027099 ], [ 77.747045857826905, 13.0093566538378 ], [ 77.746837413375403, 13.0095441066851 ], [ 77.747256824650705, 13.010300312341201 ], [ 77.747513262913898, 13.0102674633749 ], [ 77.747581676054693, 13.0109704583771 ], [ 77.747653480816297, 13.0115923389007 ], [ 77.748851212422906, 13.0115673449646 ], [ 77.749369174902597, 13.0113281410444 ], [ 77.749443076957505, 13.011204350288599 ], [ 77.749781806724798, 13.011206909590999 ], [ 77.749914868239699, 13.011328506754801 ], [ 77.750590227544393, 13.0111429839683 ], [ 77.751127473988006, 13.010946625084101 ], [ 77.751866393877407, 13.010874101599301 ], [ 77.751967558090499, 13.0108277442977 ], [ 77.752051270839701, 13.0107906099476 ], [ 77.752239882084396, 13.0106723736237 ], [ 77.7522601627429, 13.0106621621745 ], [ 77.752299545719197, 13.0106504959859 ], [ 77.752353156985706, 13.010657426442799 ], [ 77.752384145882601, 13.010660468775701 ], [ 77.752535262940199, 13.010604102519901 ], [ 77.752621737863905, 13.0105272898659 ], [ 77.752685621438104, 13.010451238199 ], [ 77.752685989358497, 13.0104414223556 ], [ 77.752694663990098, 13.010418833826099 ], [ 77.752717093271897, 13.0103723526426 ], [ 77.752789812594003, 13.010291985932099 ], [ 77.7529080796145, 13.010218728200099 ], [ 77.753117670839899, 13.0100823701781 ], [ 77.753145626723693, 13.0100503458675 ], [ 77.753179568969003, 13.0100074930617 ], [ 77.753207219789701, 13.0099722037498 ], [ 77.753224801638893, 13.009948270453499 ], [ 77.753247534344098, 13.0099292832926 ], [ 77.753285394848405, 13.0098951348923 ], [ 77.753317021004307, 13.009873552003301 ], [ 77.753367723668902, 13.009848017786201 ], [ 77.753460425890097, 13.0098170377613 ], [ 77.753508605541796, 13.0097940307149 ], [ 77.753545206777702, 13.009761144053501 ], [ 77.753624710772598, 13.0096890609274 ], [ 77.753671464670703, 13.009652320367399 ], [ 77.7537043104047, 13.0096257263894 ], [ 77.7538281426596, 13.0095281739149 ], [ 77.753872347733207, 13.0094914585856 ], [ 77.753907701672006, 13.0094610873471 ], [ 77.753955676025399, 13.0094193338817 ], [ 77.754018539838199, 13.009341179055699 ], [ 77.754054783068796, 13.009275803505799 ], [ 77.754077460414607, 13.0092518151656 ], [ 77.754108493910394, 13.0091764978222 ], [ 77.754120767432696, 13.0091338723237 ], [ 77.754124385834203, 13.009115087174299 ], [ 77.754186852036497, 13.0090006896899 ], [ 77.754221942715702, 13.008946573684399 ], [ 77.754250729170295, 13.0088987738305 ], [ 77.754264637277103, 13.008888629031899 ], [ 77.754282425970104, 13.0088834402244 ], [ 77.754297734035305, 13.008884528773899 ], [ 77.754313053103104, 13.0088868637954 ], [ 77.754337254597601, 13.0088853583987 ], [ 77.754357575472795, 13.0088788943 ], [ 77.7543753365496, 13.0088712053736 ], [ 77.754398096657297, 13.008854716454101 ], [ 77.754409413680605, 13.008840848555799 ], [ 77.754429638835902, 13.0088256349506 ], [ 77.754461208629905, 13.0087990544609 ], [ 77.754491755713801, 13.008794981257401 ], [ 77.754517299183703, 13.0087997098993 ], [ 77.754544201193994, 13.0088119208121 ], [ 77.754559228919803, 13.008830916242101 ], [ 77.754579625320801, 13.0088537272126 ], [ 77.754717155566397, 13.0090075546011 ], [ 77.754755900096598, 13.0090533861497 ], [ 77.754799949210806, 13.009117911679599 ], [ 77.7548724485398, 13.0092196248336 ], [ 77.754902285923606, 13.0092668029652 ], [ 77.754905028841193, 13.009284270343899 ], [ 77.754906387427098, 13.0092917553223 ], [ 77.754907867493301, 13.0093104872205 ], [ 77.754906870602198, 13.009335493731299 ], [ 77.754904597059493, 13.009360515609099 ], [ 77.754902890432405, 13.0094367726086 ], [ 77.754902139269504, 13.009484272929299 ], [ 77.754914563479005, 13.0095703796454 ], [ 77.754916044473006, 13.009589111533 ], [ 77.754919690650496, 13.009603867469201 ], [ 77.754974586990102, 13.0097941877466 ], [ 77.755063359783506, 13.010172448124001 ], [ 77.755121674088798, 13.0102547810137 ], [ 77.755188461307498, 13.010283696962 ], [ 77.755279220595895, 13.010294584385001 ], [ 77.755357762893098, 13.0102937499445 ], [ 77.755463005721793, 13.010248191814 ], [ 77.755684255848095, 13.010165331278699 ], [ 77.755944319253899, 13.0100594000443 ], [ 77.756187508171294, 13.0099205392626 ], [ 77.756493740482696, 13.009745457935299 ], [ 77.756619110203303, 13.009607849029001 ], [ 77.756778008447, 13.0094965453274 ], [ 77.756843646662603, 13.0094217849913 ], [ 77.756905939757502, 13.009317432072001 ], [ 77.756974341800998, 13.009218943630801 ], [ 77.757047865652197, 13.009037445772901 ], [ 77.757083559504693, 13.0089867051295 ], [ 77.7571674551386, 13.0089235995788 ], [ 77.757203511952099, 13.008905442482 ], [ 77.757410904152295, 13.0088084339129 ], [ 77.757612320125403, 13.0087174181623 ], [ 77.757892507736798, 13.0086463014296 ], [ 77.758115202201296, 13.0085669061821 ], [ 77.758300630454698, 13.0083960679968 ], [ 77.758336225665204, 13.0083364404955 ], [ 77.758344306598602, 13.008247480197101 ], [ 77.758347030208498, 13.008220786033901 ], [ 77.7583708698496, 13.0081909089341 ], [ 77.758451744526994, 13.008127836104901 ], [ 77.758532720195802, 13.0080736481738 ], [ 77.758580498563603, 13.0080227761778 ], [ 77.758586244367805, 13.0079960543927 ], [ 77.758616123658697, 13.007966110338 ], [ 77.758712270068301, 13.007917685921299 ], [ 77.7587873978906, 13.007881337523701 ], [ 77.758850375171093, 13.007839192541599 ], [ 77.758898644936707, 13.0078327542514 ], [ 77.758989500555799, 13.007852524570399 ], [ 77.759059210259593, 13.007872521584799 ], [ 77.759155812546396, 13.0078655691437 ], [ 77.759185955758298, 13.007859323612999 ], [ 77.759330235088797, 13.0077926114113 ], [ 77.759392788961804, 13.007711958567601 ], [ 77.759448416368897, 13.0075513901881 ], [ 77.759487529244595, 13.007263608236199 ], [ 77.759486742717499, 13.0071925160858 ], [ 77.759495216541794, 13.0071391019095 ], [ 77.759497481235798, 13.007070937488701 ], [ 77.759437137655894, 13.0068049519966 ], [ 77.759418129159499, 13.006725164978199 ], [ 77.759354729069301, 13.006456249946501 ], [ 77.759304460766202, 13.006281995301499 ], [ 77.759279409017793, 13.006202272533001 ], [ 77.759269659083898, 13.0061401625914 ], [ 77.759260236852896, 13.006107677246 ], [ 77.759268446733103, 13.0060305626898 ], [ 77.759276820464706, 13.0059682608843 ], [ 77.759303287840396, 13.0059028055413 ], [ 77.759377990840406, 13.005827946647999 ], [ 77.759656599640905, 13.0056146417554 ], [ 77.759866227326199, 13.0054465103238 ], [ 77.759952846400694, 13.0053567127819 ], [ 77.760030961695307, 13.0053173686163 ], [ 77.760180889430401, 13.0052150477238 ], [ 77.760216746056201, 13.005179118709201 ], [ 77.760264734532001, 13.0051438979973 ], [ 77.760339617547899, 13.0050889353841 ], [ 77.760435759731806, 13.005040510636899 ], [ 77.760492957671403, 13.0050221255796 ], [ 77.760577476659705, 13.0050153013899 ], [ 77.760680184742696, 13.005014208515901 ], [ 77.760800985426997, 13.0050099610821 ], [ 77.760906943262299, 13.0050295719965 ], [ 77.760925090285795, 13.0050361619237 ], [ 77.761108132006498, 13.0051026315498 ], [ 77.761479781709596, 13.005195301569399 ], [ 77.761582489788097, 13.0051942083236 ], [ 77.762107243740701, 13.004825637969899 ], [ 77.762336581943501, 13.004509938224199 ], [ 77.762537767230697, 13.003981807936499 ], [ 77.762652373197795, 13.003708364808899 ], [ 77.762838311939703, 13.0035033709374 ], [ 77.763000577069903, 13.003284788401499 ], [ 77.763232031740202, 13.0029408921267 ], [ 77.763287311099305, 13.002834183201999 ], [ 77.763289837311603, 13.002834625123 ], [ 77.763318298100998, 13.0028023869599 ], [ 77.763344433345495, 13.0027960609088 ], [ 77.763384561979706, 13.0028001682276 ], [ 77.763443369321095, 13.0028207067389 ], [ 77.763535458827405, 13.002878192473 ], [ 77.763810460356595, 13.0034283969306 ], [ 77.764116511774603, 13.003954599481499 ], [ 77.764625951130299, 13.0036822129781 ], [ 77.764755365881399, 13.0036362416839 ], [ 77.765662411973807, 13.003416360242801 ], [ 77.765811244091594, 13.003363811314699 ], [ 77.766226324476307, 13.003302054709099 ], [ 77.766738550986304, 13.0032137808552 ], [ 77.767082320358895, 13.0031655228146 ], [ 77.767316017308204, 13.003150289253099 ], [ 77.767439149340206, 13.0031234970561 ], [ 77.767847307996206, 13.003023588866601 ], [ 77.768583482559805, 13.0026271536266 ], [ 77.768794368745503, 13.0031241700663 ], [ 77.7689036801318, 13.003381791986801 ], [ 77.769056194601106, 13.0042465105342 ], [ 77.769249796774204, 13.004715837867799 ], [ 77.769394053607797, 13.0054213902336 ], [ 77.769291041198301, 13.005505302230301 ], [ 77.769418499593399, 13.0064531007044 ], [ 77.769362160883702, 13.0066448085384 ], [ 77.769460887374905, 13.0070083526491 ], [ 77.769445683777107, 13.008500354325101 ], [ 77.769509609944095, 13.0087969492994 ], [ 77.769656562115102, 13.008769898512799 ], [ 77.769710601302705, 13.008956179481 ], [ 77.769669090297199, 13.0091180018686 ], [ 77.769505192822194, 13.009179206437301 ], [ 77.769798263606305, 13.009830082566699 ], [ 77.770166376660598, 13.0112902349229 ], [ 77.770351653243196, 13.0115940241557 ], [ 77.770387105146895, 13.011861193708899 ], [ 77.770415566017903, 13.012083844893199 ], [ 77.770568292416002, 13.012381613181899 ], [ 77.770664613127707, 13.012864717262101 ], [ 77.770720756475498, 13.013239958505901 ], [ 77.770694151790906, 13.013525307173399 ], [ 77.770749515952204, 13.0139197575376 ], [ 77.770997277357694, 13.015168850319199 ], [ 77.772910781056694, 13.0146085170578 ], [ 77.772960970813699, 13.014598494568601 ], [ 77.772953744010707, 13.0142407569836 ], [ 77.772909220112993, 13.0140539384633 ], [ 77.772902776727307, 13.0138367588051 ], [ 77.772933988981904, 13.013745574299399 ], [ 77.773036867970305, 13.0135785742821 ], [ 77.773224772668101, 13.013450164919099 ], [ 77.773381198699994, 13.0133892408069 ], [ 77.773578344609803, 13.0133673810892 ], [ 77.773642746825701, 13.013362742891299 ], [ 77.773731536169095, 13.013377593819 ], [ 77.773865202661696, 13.013443314309701 ], [ 77.773913802087606, 13.0134664927799 ], [ 77.774042823494895, 13.01347696389 ], [ 77.7741110770463, 13.013456484534199 ], [ 77.774171188378403, 13.013428189201299 ], [ 77.774218863965999, 13.013368430863499 ], [ 77.774246312237395, 13.0133009849635 ], [ 77.774261587552402, 13.013225772554 ], [ 77.774301294880104, 13.013173998931199 ], [ 77.774273011544096, 13.0131664020864 ], [ 77.774260444841701, 13.0131230854272 ], [ 77.774190213692506, 13.012965836723099 ], [ 77.773904178239405, 13.012601547748 ], [ 77.773826900245396, 13.0125352248958 ], [ 77.773777905529698, 13.0124764980302 ], [ 77.773764417164799, 13.012350242710699 ], [ 77.773775225196005, 13.012235578048999 ], [ 77.773821671287706, 13.0120652295798 ], [ 77.773779021020701, 13.0118523875381 ], [ 77.7737518650857, 13.011584078951101 ], [ 77.773665786357697, 13.011450697858599 ], [ 77.773636626362304, 13.011364108367999 ], [ 77.773627165367401, 13.0112378117395 ], [ 77.773697469362702, 13.0110395604411 ], [ 77.773756918466205, 13.010952024118 ], [ 77.773852490633303, 13.010852251762399 ], [ 77.7739121172213, 13.0107805124573 ], [ 77.773934700821002, 13.0106380714577 ], [ 77.7739136820569, 13.010559297994099 ], [ 77.773868849464193, 13.0105123762033 ], [ 77.773819814075196, 13.0104497004177 ], [ 77.773734569669799, 13.0103913638784 ], [ 77.773435676164397, 13.010319508717201 ], [ 77.773358882282807, 13.010296629727099 ], [ 77.773298028428997, 13.0102577804118 ], [ 77.773212828090706, 13.010203391573601 ], [ 77.773167863948302, 13.01014462408 ], [ 77.773142951998594, 13.010077740883 ], [ 77.773166238799405, 13.0099984899361 ], [ 77.773213915083403, 13.0099387300367 ], [ 77.773285580910795, 13.009862914667201 ], [ 77.773328568458496, 13.0097439566026 ], [ 77.773348222504197, 13.009700294378201 ], [ 77.773355314009606, 13.009613318043099 ], [ 77.773354918696796, 13.0095777723926 ], [ 77.773277468086704, 13.009495652060499 ], [ 77.773151595569999, 13.009406147258399 ], [ 77.773098442921295, 13.009335613999299 ], [ 77.773057154733195, 13.0092452074469 ], [ 77.773061564651499, 13.008917310036599 ], [ 77.773121881455396, 13.008545363731701 ], [ 77.773129102094501, 13.0084702374751 ], [ 77.773140132963306, 13.0083753195414 ], [ 77.773210876199499, 13.0082165628951 ], [ 77.773266211991995, 13.008121171271499 ], [ 77.773297863021298, 13.008069484038501 ], [ 77.773352581131306, 13.007918798193399 ], [ 77.773371796845794, 13.007835641512299 ], [ 77.773374992228199, 13.0077605583015 ], [ 77.773373938207698, 13.0076657695869 ], [ 77.773364082597794, 13.0075039244966 ], [ 77.773316379736798, 13.0073750168605 ], [ 77.773306692206802, 13.0073188349993 ], [ 77.773281206996998, 13.007200606347 ], [ 77.773270630216203, 13.007064444714 ], [ 77.773286319281098, 13.0068450519384 ], [ 77.773276686148094, 13.006522243988 ], [ 77.773272479328298, 13.0064156374952 ], [ 77.773289485804995, 13.0063147308593 ], [ 77.773375440644998, 13.0061656857755 ], [ 77.773408176004196, 13.006120899133601 ], [ 77.773450238368795, 13.006099711191901 ], [ 77.773540630505593, 13.006078009253899 ], [ 77.773631222958997, 13.0060740760194 ], [ 77.773718991880799, 13.006087951041801 ], [ 77.773828332677098, 13.006140105406899 ], [ 77.773883037881106, 13.0061691455138 ], [ 77.773916661628405, 13.006204338564601 ], [ 77.773941287667597, 13.0062455490354 ], [ 77.773981118505105, 13.0062954873189 ], [ 77.774014841072798, 13.006339563373301 ], [ 77.774051291113295, 13.0063569471783 ], [ 77.774087537988805, 13.006356559572501 ], [ 77.774208502517993, 13.006367117461201 ], [ 77.774250793605702, 13.006366665195101 ], [ 77.774332125801905, 13.006345057154 ], [ 77.774383184835699, 13.0063178480281 ], [ 77.774488187668396, 13.0062515501528 ], [ 77.774554151224706, 13.006206408024299 ], [ 77.7746182153208, 13.0061437989787 ], [ 77.774723614249496, 13.0060852968966 ], [ 77.774818441775196, 13.006062767535401 ], [ 77.7748986432604, 13.006040394589901 ], [ 77.775044780979997, 13.0060280729484 ], [ 77.7751398876661, 13.0060306426249 ], [ 77.775245924642704, 13.0060295082853 ], [ 77.775428505348302, 13.006006039935 ], [ 77.775519717715397, 13.0059871333512 ], [ 77.7755814387057, 13.0059470290017 ], [ 77.775647560758301, 13.0059062253624 ], [ 77.775726270973394, 13.0058371904247 ], [ 77.775774639154903, 13.005719769957899 ], [ 77.775773338451899, 13.005602879120101 ], [ 77.7757223689744, 13.005486521509599 ], [ 77.775661250680997, 13.0053507880314 ], [ 77.775599371976099, 13.0051468698652 ], [ 77.775527342692897, 13.004923573112601 ], [ 77.7755257170991, 13.0047774626868 ], [ 77.775524091525199, 13.0046313522591 ], [ 77.775532077490197, 13.004455909650799 ], [ 77.7755472835685, 13.004036843438 ], [ 77.775505273266901, 13.003832712615001 ], [ 77.775483671679297, 13.003677070931399 ], [ 77.775341891295398, 13.0034350401876 ], [ 77.775240715272005, 13.003270509162499 ], [ 77.775080259440003, 13.0031358378268 ], [ 77.774900265663504, 13.0030306001575 ], [ 77.774790236797998, 13.0029635839545 ], [ 77.774630214662295, 13.002867874702901 ], [ 77.774471170243402, 13.0028598330906 ], [ 77.774372267732005, 13.002899858573199 ], [ 77.774134185624902, 13.0029316289187 ], [ 77.774005159325199, 13.0029427532616 ], [ 77.773707366515595, 13.002965419340599 ], [ 77.773400832598796, 13.003095341267199 ], [ 77.773201943226397, 13.0030779816334 ], [ 77.772982646677093, 13.0030121323637 ], [ 77.7727438081359, 13.002975717517 ], [ 77.772544269346795, 13.0028999117586 ], [ 77.772413617441799, 13.002764921795601 ], [ 77.772342241382802, 13.0026000717209 ], [ 77.772359295095598, 13.002346595777199 ], [ 77.772457332971797, 13.002228645974 ], [ 77.772594671294499, 13.0020713054822 ], [ 77.772731468277499, 13.0018652631551 ], [ 77.772920096299998, 13.0018535071848 ], [ 77.773118876415296, 13.001861123448901 ], [ 77.773297680621894, 13.0018592126154 ], [ 77.773466226187594, 13.001828186408799 ], [ 77.773554761626698, 13.0017493041018 ], [ 77.773573439189605, 13.0016419417289 ], [ 77.773571923415204, 13.001505570292 ], [ 77.773619425212701, 13.0013102242791 ], [ 77.773697808268295, 13.0012119669124 ], [ 77.773806645040295, 13.0011718356086 ], [ 77.774004774808105, 13.0011210075762 ], [ 77.774193510293102, 13.001118990067701 ], [ 77.774362165285098, 13.0010977044491 ], [ 77.774550794230706, 13.001085945597501 ], [ 77.7746498024879, 13.001055659472399 ], [ 77.7747380150998, 13.000947556370299 ], [ 77.774787141484694, 13.000898320894899 ], [ 77.774786058369102, 13.000800912046699 ], [ 77.774695354799405, 13.0006849796599 ], [ 77.774634345203495, 13.0005589866321 ], [ 77.774602487137599, 13.0003742294713 ], [ 77.774570196880703, 13.0001505089171 ], [ 77.774577204808097, 12.9998874011329 ], [ 77.7746243817557, 12.999662831019 ], [ 77.774652667721199, 12.9995261410851 ], [ 77.774739577589003, 12.999301146209399 ], [ 77.774806836547398, 12.9990958467678 ], [ 77.774865729857893, 12.9984910610412 ], [ 77.774887085483996, 12.998271741540901 ], [ 77.774941715885703, 12.9977107280558 ], [ 77.774698090670299, 12.997611409793301 ], [ 77.7747510433326, 12.997180504764501 ], [ 77.774287838095205, 12.9961982899717 ], [ 77.774184570088707, 12.996088056591599 ], [ 77.774275244141904, 12.995056533085201 ], [ 77.774231615721106, 12.9910975845071 ], [ 77.774892433617296, 12.991328344178401 ], [ 77.775526237044005, 12.991043155783901 ], [ 77.775635655989205, 12.9909716083933 ], [ 77.775600931688999, 12.990523792984 ], [ 77.775447874810595, 12.9903075587779 ], [ 77.775416959480694, 12.990191679812201 ], [ 77.775434133858994, 12.989889502664401 ], [ 77.775598555544605, 12.989371001215501 ], [ 77.775552759743604, 12.989153195220901 ], [ 77.775602664091195, 12.988711925875901 ], [ 77.775706027593102, 12.988477913071 ], [ 77.775721900249494, 12.9877481353449 ], [ 77.775373183953505, 12.987789908896699 ], [ 77.775564969924503, 12.9875909800525 ], [ 77.7756911901633, 12.986192375021201 ], [ 77.775841130650306, 12.985875450092999 ], [ 77.775959306063797, 12.9856591936472 ], [ 77.776275498844399, 12.9854622333539 ], [ 77.776389922015795, 12.985456283567499 ], [ 77.776517064189406, 12.985255718352199 ], [ 77.776638851712306, 12.985035841523301 ], [ 77.776536203579894, 12.98495509574 ], [ 77.776300745790607, 12.9848602935544 ], [ 77.776364317483797, 12.9846625377367 ], [ 77.776262521926398, 12.984050894367 ], [ 77.776195348279302, 12.9837141039279 ], [ 77.776157390536099, 12.9835945983854 ], [ 77.776036239803801, 12.9830496750953 ], [ 77.775978493655003, 12.982846719702801 ], [ 77.775910111069805, 12.982611630546799 ], [ 77.775877742998603, 12.9824441878143 ], [ 77.775857728811502, 12.982359993371899 ], [ 77.775266059726803, 12.982130699096301 ], [ 77.775112231040893, 12.9814395874303 ], [ 77.774821967814603, 12.9811846942189 ], [ 77.774500781293, 12.9807772466758 ], [ 77.774429510454993, 12.980500904318101 ], [ 77.774471175929307, 12.9803045759681 ], [ 77.774782346453307, 12.980248701027801 ], [ 77.774826451977106, 12.980272118263899 ], [ 77.774976557018604, 12.980189294212799 ], [ 77.775656344797099, 12.9799861536564 ], [ 77.7762151907461, 12.979421203387201 ], [ 77.776326376895994, 12.9793435720488 ], [ 77.776383293641899, 12.9792044140315 ], [ 77.777026631359107, 12.9783519004142 ], [ 77.7772791858728, 12.978282316407199 ], [ 77.777628059541897, 12.978550912713199 ], [ 77.777823860189798, 12.9786348164735 ], [ 77.7779797365598, 12.978633150611801 ], [ 77.778081551114198, 12.9785890639439 ], [ 77.778196585252601, 12.9785362779804 ], [ 77.778327920502093, 12.9780639113063 ], [ 77.778343830751695, 12.9779356246411 ], [ 77.778362773127697, 12.977767626726401 ], [ 77.778390008850593, 12.977617681369299 ], [ 77.778505093967198, 12.9773624908256 ], [ 77.778538835703202, 12.9772581681157 ], [ 77.778463031053903, 12.976944148242501 ], [ 77.7784299613229, 12.976882747728601 ], [ 77.778301011135994, 12.976640520022601 ], [ 77.7782918089638, 12.976623235046199 ], [ 77.778215942669704, 12.9765234485631 ], [ 77.777902797260595, 12.976165237207701 ], [ 77.777355034136704, 12.976253728163099 ], [ 77.777099266399205, 12.9765907057651 ], [ 77.776839711766996, 12.9765073989754 ], [ 77.776575282502705, 12.9761325050286 ], [ 77.776434990654707, 12.9759336061427 ], [ 77.776506843915897, 12.9757835519474 ], [ 77.776536302471996, 12.975722030697201 ], [ 77.776190755003299, 12.9750728126615 ], [ 77.775954008265202, 12.9745844260426 ], [ 77.775972637516006, 12.9745679431255 ], [ 77.776704097535102, 12.9739206994622 ], [ 77.776892014407807, 12.973841125230701 ], [ 77.777654221387806, 12.973518357006 ], [ 77.778064061276595, 12.9731629888679 ], [ 77.778540538386594, 12.972820840955 ], [ 77.778766459974406, 12.972658611265301 ], [ 77.779003008924704, 12.9724149220042 ], [ 77.778502159582104, 12.971377846308201 ], [ 77.778293936303001, 12.970564689499099 ], [ 77.778511878427594, 12.970456724418099 ], [ 77.778892173961196, 12.970268331717699 ], [ 77.780289837455399, 12.970144165493499 ], [ 77.780787294869, 12.9704870822772 ], [ 77.781138017120597, 12.970874036097101 ], [ 77.781841040134594, 12.971010905837099 ], [ 77.782663973867201, 12.9710275826302 ], [ 77.783157088959399, 12.970979837908001 ], [ 77.783335915251001, 12.970706132316799 ], [ 77.783511000150497, 12.9701744422291 ], [ 77.7835745013071, 12.9699816055473 ], [ 77.783791931656694, 12.9693213262494 ], [ 77.783833390850901, 12.9692274217883 ], [ 77.783850910584206, 12.9691940061041 ], [ 77.783881664985003, 12.9691353431399 ], [ 77.784446632533701, 12.9683728598842 ], [ 77.784268818489494, 12.966986073328799 ], [ 77.784094715206294, 12.9665165473246 ], [ 77.781852967234201, 12.9658525514263 ], [ 77.781673469949695, 12.9660291408702 ], [ 77.781506019716602, 12.966193879188999 ], [ 77.781339428064399, 12.966399504701499 ], [ 77.781171846000404, 12.966515960588101 ], [ 77.780828203958293, 12.966570594257099 ], [ 77.780256333793304, 12.9665448565848 ], [ 77.779698487661804, 12.9663956803199 ], [ 77.778836150077694, 12.9661650797277 ], [ 77.778832625387196, 12.9664326637497 ], [ 77.779019711328303, 12.967277744543299 ], [ 77.779075930270395, 12.9674991227453 ], [ 77.777258490576997, 12.968342674685699 ], [ 77.777027426553502, 12.9682627269666 ], [ 77.776988665528805, 12.968062479821301 ], [ 77.776306828827202, 12.9678583464658 ], [ 77.775813644636699, 12.967533953503899 ], [ 77.774472048121098, 12.966810120471299 ], [ 77.773840712900494, 12.966176093639801 ], [ 77.773659195544496, 12.9661576835326 ], [ 77.773522176387402, 12.966101812682901 ], [ 77.773448002216, 12.966002271301999 ], [ 77.773168718148696, 12.9658571435222 ], [ 77.771960369153803, 12.965836577112499 ], [ 77.771878514733999, 12.9659234458148 ], [ 77.7712014167859, 12.965046792360001 ], [ 77.771012990460605, 12.964747807698 ], [ 77.770712459577197, 12.964223078035101 ], [ 77.770261457761407, 12.9633806433009 ], [ 77.770365087058707, 12.963354058365001 ], [ 77.770250662155306, 12.962992176348299 ], [ 77.7698883818627, 12.9631234367343 ], [ 77.769824853761307, 12.9627621336359 ], [ 77.770335384952503, 12.9613075367196 ], [ 77.770274953940799, 12.9610538680859 ], [ 77.769053504945703, 12.9603231031476 ], [ 77.767308953702099, 12.960292073458 ], [ 77.7664834813, 12.960516482160999 ], [ 77.766071006794604, 12.957779252979201 ], [ 77.765961799709601, 12.9577571799359 ], [ 77.766032187157293, 12.9576960297066 ], [ 77.765699729022799, 12.9576205737972 ], [ 77.764698353034007, 12.958278422362699 ], [ 77.764396780311799, 12.958466118628101 ], [ 77.764397723896707, 12.9581222745338 ], [ 77.764222404275202, 12.958119490479699 ], [ 77.764221962593993, 12.957650208598199 ], [ 77.764227588907204, 12.957301668936299 ], [ 77.764255037805995, 12.957213094924599 ], [ 77.7642820097129, 12.9562231245086 ], [ 77.764374235325207, 12.955994472034799 ], [ 77.764429035934299, 12.955912256072599 ], [ 77.764400809597205, 12.955826919051701 ], [ 77.7643857775561, 12.955752736166801 ], [ 77.764446776021202, 12.9556399275454 ], [ 77.764401342769403, 12.9554459075678 ], [ 77.764413859365206, 12.955292444813001 ], [ 77.764459793474401, 12.9551618570811 ], [ 77.764504339081995, 12.955092139078999 ], [ 77.764382413699195, 12.955018640342701 ], [ 77.764524952851005, 12.954943647156 ], [ 77.765410604043794, 12.9485633448776 ], [ 77.765569265983402, 12.9465847991237 ], [ 77.765476860762902, 12.945256028159299 ], [ 77.7654284448938, 12.944727454729801 ], [ 77.765309243887899, 12.9421027376673 ], [ 77.765493912349598, 12.937025848281699 ], [ 77.765499720377903, 12.9366575293346 ], [ 77.765718438139999, 12.936468102350601 ], [ 77.765815985051304, 12.936225785748301 ], [ 77.766083038829706, 12.935767654997299 ], [ 77.766343392367602, 12.934951458910399 ], [ 77.7659410004389, 12.933923039148301 ], [ 77.765602343756896, 12.933218500450399 ], [ 77.765679245228597, 12.932007962974 ], [ 77.764681347371393, 12.9288024493632 ], [ 77.763626710262997, 12.928636592813801 ], [ 77.762803771073905, 12.9285416351543 ], [ 77.762499755707594, 12.9284643170047 ], [ 77.762118971760003, 12.9282984950471 ], [ 77.760186917958606, 12.9276698230856 ], [ 77.757076041354196, 12.926522490130999 ], [ 77.754692533878895, 12.9258690376699 ], [ 77.752551262814194, 12.9253605306625 ], [ 77.752065610277995, 12.925277166544801 ], [ 77.751755423946506, 12.9238679144252 ], [ 77.751297946317607, 12.921373254463401 ], [ 77.746710595316998, 12.920560937441101 ], [ 77.745990824899295, 12.9202331387373 ], [ 77.745697003570896, 12.9200600066258 ], [ 77.745425752969496, 12.9198976520074 ], [ 77.745288865320404, 12.919700841744 ], [ 77.745195441780794, 12.919371407952299 ], [ 77.744854463459404, 12.9179652164282 ], [ 77.744336729493298, 12.9162996651327 ], [ 77.744071100560603, 12.9145941363416 ], [ 77.743055138356397, 12.914672958220899 ], [ 77.742639298983306, 12.914764061036101 ], [ 77.742356613813996, 12.9149033266154 ], [ 77.742053291329697, 12.9148879256944 ], [ 77.741091090935598, 12.9152635516367 ], [ 77.7402688623404, 12.9151544708389 ], [ 77.738796527945198, 12.915083182244199 ], [ 77.738034699093603, 12.9151853918803 ], [ 77.737916395492704, 12.9151959268188 ], [ 77.737831799787401, 12.915257217587399 ], [ 77.737729983688993, 12.915476671715499 ], [ 77.737711544711502, 12.915523331163699 ], [ 77.737526830937895, 12.9155252677403 ], [ 77.737377739618793, 12.914999278676399 ], [ 77.735703601090293, 12.915148990424999 ], [ 77.734235737724305, 12.9149082897287 ], [ 77.734106048242595, 12.915372234270601 ], [ 77.7340905588038, 12.915496303746799 ], [ 77.733113745320793, 12.915498269598601 ], [ 77.732467840516307, 12.9154617772192 ], [ 77.732070476733199, 12.9150584166435 ], [ 77.731541863470099, 12.914975836142199 ], [ 77.729714186870098, 12.9152042149687 ], [ 77.728658397243905, 12.915171192469501 ], [ 77.728139509819897, 12.9152815516267 ], [ 77.727776566050693, 12.915422370510299 ], [ 77.727543178594004, 12.915449590039501 ], [ 77.727549849754794, 12.9130821055076 ], [ 77.727436013409402, 12.91088547835 ], [ 77.727286951590401, 12.9102359156389 ], [ 77.727020021383595, 12.9094346776055 ], [ 77.7265016190197, 12.907743989660901 ], [ 77.725519268918504, 12.908015146089401 ], [ 77.724292928569099, 12.9083005347462 ], [ 77.723906061534905, 12.908345871643199 ], [ 77.723017226316202, 12.908693821415801 ], [ 77.721674070008504, 12.909079540556201 ], [ 77.721203629577403, 12.909183568110301 ], [ 77.720841932800795, 12.9092203801621 ], [ 77.720212764782602, 12.909441706625399 ], [ 77.720377569502702, 12.9098860605928 ], [ 77.719772941419293, 12.9100410467952 ], [ 77.7196308952783, 12.9093651594211 ], [ 77.718134384508105, 12.909587249096001 ], [ 77.718130162479099, 12.9099755400697 ], [ 77.717970630363396, 12.9100185032454 ], [ 77.717689997930293, 12.909945971968099 ], [ 77.716519735769793, 12.909299182310299 ], [ 77.715656924513297, 12.9098867128567 ], [ 77.715283683839104, 12.9099555793674 ], [ 77.715039145869099, 12.909925078940899 ], [ 77.714811449981397, 12.9098944023391 ], [ 77.714176397671395, 12.909821379319601 ], [ 77.709230191927304, 12.908733766624501 ], [ 77.707967947914398, 12.9087387456663 ], [ 77.707800466671301, 12.9077794948461 ], [ 77.707233605354702, 12.905186018331699 ], [ 77.707196970596499, 12.905051334159699 ], [ 77.707113069641096, 12.9038645293677 ], [ 77.7067114520882, 12.9019849140383 ], [ 77.704084484776601, 12.903264310525699 ], [ 77.703054970960494, 12.9038449493285 ], [ 77.702878502106202, 12.9040508648627 ], [ 77.700450800730806, 12.905394460254 ], [ 77.698617345865003, 12.9063228129345 ], [ 77.696725487768603, 12.9068598387903 ] ] ] ] } }
]
}
